user_id,item_id,behavior_type,user_geohash,user_item_category,time,item_geohash,item_item_category
100509623,366220812,1,,1963,2014-11-30 16,,1963
112707614,78595802,1,9rg1gqo,5027,2014-12-18 14,,
123118241,61481431,1,9rnakcb,215,2014-12-11 19,,
120013837,289977821,1,942hup3,5894,2014-12-13 23,,
117659143,148091979,1,,11279,2014-11-19 01,,
129894791,57746749,1,,1519,2014-12-09 12,,
136769457,350098672,2,,2825,2014-11-20 11,,
136769457,374756970,1,,4370,2014-12-06 09,,
118960775,64063913,1,99ct0od,11917,2014-12-08 13,,
125547509,334482256,1,97lkbtf,1863,2014-12-16 18,,
17883538,161383888,1,95ucwwt,5468,2014-11-27 15,,
138008005,225308090,1,95qoa1d,14079,2014-11-25 21,,
25455279,292322703,2,,11824,2014-12-05 18,,
47548482,278908091,3,95unfv9,4264,2014-11-28 19,,
38227021,151738313,1,,11508,2014-12-09 20,,
58581609,298119056,1,94jci96,1863,2014-12-04 21,,
41979181,391594704,1,,11489,2014-11-27 15,,
59767111,97079086,1,,72,2014-11-20 12,,
5786807,266625994,1,94lq9qg,3424,2014-12-06 16,,
52772551,156216782,1,,6267,2014-12-10 22,,
104792616,311957403,2,,2953,2014-12-17 21,,
71796341,267784267,1,,9839,2014-11-26 15,,
102827853,76272037,1,95vqn4c,10894,2014-12-12 13,,
10580879,18158662,1,,8378,2014-11-29 14,,
139961106,229538249,1,,1155,2014-12-17 05,,
122803562,257251353,1,mtmigbt,9559,2014-12-05 21,,
2379445,308705603,1,,6669,2014-12-17 21,,
98047837,112715535,1,,7572,2014-11-22 01,,7572
26949426,326366531,1,,8088,2014-12-04 20,,
10773940,392823032,1,946jkfr,5232,2014-12-05 13,,
135802457,331769286,1,,7876,2014-12-17 20,,7876
84289150,365983914,1,,10894,2014-12-09 22,,
40719208,51907403,1,,8099,2014-12-03 15,,8099
44806939,9699681,1,,1396,2014-12-12 02,,
89953582,177233586,1,954vowt,7549,2014-12-03 16,,
44806939,361919107,3,,5894,2014-11-24 15,,
56886732,102694045,1,,11279,2014-12-18 21,,
49396813,395878795,1,,10392,2014-12-09 09,,
90331505,271919570,1,,11279,2014-11-23 15,,
68362875,290698266,1,,5232,2014-12-05 08,,
132231447,108150824,1,,552,2014-12-15 18,,
132231447,155676588,1,95rnvov,3628,2014-12-15 14,,
112401993,84918078,1,9q2oagn,1230,2014-11-20 19,,
139061840,326429901,3,,2825,2014-12-05 11,,
9835014,56921064,1,973h5sq,155,2014-12-12 21,,
138387712,171203774,1,,5894,2014-12-12 10,,
9290733,118684786,3,,4370,2014-12-12 13,,
33077425,51760241,1,,10223,2014-12-01 17,,
15171548,127838734,3,9rnnfgw,11335,2014-12-12 22,,
15171548,153012523,1,,13230,2014-12-11 22,,
132966536,294452695,1,,3064,2014-11-23 20,,3064
89583416,288494462,1,9simcq6,12488,2014-11-28 21,,
110601488,152676239,1,9qkgml2,7995,2014-12-01 14,,7995
112382240,239365029,1,99f4m20,12512,2014-11-22 12,,
39841304,233205375,1,,13176,2014-12-17 21,,
46455628,95588446,3,,9130,2014-11-27 04,,
43051852,77818029,1,9qv6rac,11917,2014-12-12 16,,
108043652,69234959,1,,12189,2014-11-19 08,,
61459598,234524438,4,97v02nm,5550,2014-12-16 12,,
7612152,382086420,1,,4640,2014-12-16 10,,
139479952,260649485,1,,5894,2014-12-11 14,,
24474599,81863168,1,,7995,2014-12-13 14,,7995
8443684,196479516,1,,10894,2014-11-18 07,,
4381858,195182675,1,9504moe,4008,2014-12-10 09,,4008
38839327,269997939,1,,508,2014-12-17 10,,
18781926,245619338,1,96s5b0m,1396,2014-11-22 15,,
134928476,277232929,1,,13547,2014-11-30 22,,13547
40310645,201812360,1,,11740,2014-12-03 02,,
62192186,26249548,1,,7957,2014-11-24 00,,
84167844,48231301,1,,3843,2014-11-25 00,,
45966877,350648075,1,95q6qec,13729,2014-12-18 20,,
45966877,55570860,1,95q6qag,6717,2014-12-05 10,,
49784280,145214862,1,,5027,2014-12-01 19,,
30360670,201208788,1,,6513,2014-12-06 01,,
50904788,116639174,1,,2513,2014-12-08 22,,
109059873,20960032,1,,9517,2014-12-07 16,,
79558429,379384303,1,956mc73,446,2014-12-01 10,,
103767458,350087925,1,,296,2014-11-25 10,,
23014965,201779256,1,,10314,2014-12-13 22,,
94767766,398552737,1,,13230,2014-11-30 21,,
57447913,118489349,3,,12368,2014-12-01 09,,
5396057,181519327,1,,6344,2014-11-30 00,,
5396057,301041542,1,,4584,2014-12-05 17,,
20786149,339100974,1,mtj146a,3798,2014-12-14 22,,
81037956,336333128,1,99vsw4p,4247,2014-12-02 10,,
1439794,111991260,1,,4245,2014-12-12 17,,4245
64649517,164579462,4,,1083,2014-11-21 22,,
72802864,254051566,1,,10533,2014-12-06 09,,
31446692,305719854,1,,4370,2014-11-23 09,,
83976914,188676381,1,,5894,2014-11-29 21,,
59131217,47684800,1,,3099,2014-12-09 18,,
130987421,245489790,1,,11985,2014-12-11 01,,
19399879,330565664,1,,5027,2014-12-08 17,,
125411948,140960190,1,9qw91ep,3064,2014-12-08 13,,3064
125411948,44349339,2,,5894,2014-11-20 21,,
25854726,321732906,1,,1421,2014-11-29 01,,
83688949,107792110,1,95rjkro,5749,2014-12-03 13,,
124191041,172621323,1,,5027,2014-12-11 18,,
124191041,222170072,1,,2901,2014-11-21 14,,
6222588,30118553,1,,205,2014-12-06 07,,
79269988,49959278,1,,11693,2014-12-03 10,,
94992306,216922729,1,,5689,2014-12-02 09,,
100690180,365474280,1,,8996,2014-12-03 19,,8996
87475354,211985853,1,99nfcjf,5503,2014-11-27 19,,
88496472,398527300,1,,6344,2014-12-03 08,,
88496472,4632554,1,979phb9,6344,2014-11-18 08,,
115452492,87599054,1,,10392,2014-12-11 23,,
65645933,338452475,1,,552,2014-12-06 07,,
56462249,187294537,3,9rnnf6w,3838,2014-12-09 17,,
65645933,199356819,1,,2825,2014-11-27 04,,
140990654,349441644,1,957u6wc,12855,2014-12-07 21,,
4364079,84081013,1,94e9e1n,12221,2014-11-19 10,,12221
21035609,177749602,1,,12221,2014-11-25 18,,12221
140990654,223957117,1,,11967,2014-12-01 22,,
27508149,4357829,1,9pt9ogk,8874,2014-12-01 15,,
118425520,344964380,1,9rg25m5,8595,2014-12-08 21,,8595
65645933,217145613,1,,5027,2014-12-10 03,,
46598584,143319769,2,,874,2014-12-05 14,,
125577545,385070939,1,,10460,2014-11-20 17,,10460
13081722,24174493,1,,5689,2014-12-07 11,,
73278658,94519711,1,94bqccg,7440,2014-12-04 22,,
54725247,330891560,1,,3964,2014-11-27 09,,
54725247,258294945,1,,8665,2014-12-08 00,,
73196588,160902589,1,,4296,2014-12-06 11,,
53831524,89720692,1,,11279,2014-11-23 16,,
8354126,46767881,1,,8656,2014-12-09 21,,
828731,148739666,1,,2513,2014-12-16 21,,
8213864,321164567,1,,6344,2014-12-10 16,,
101538639,376588506,1,,5232,2014-11-26 20,,
84568949,307225411,1,9552mo3,5395,2014-11-24 07,,
1041761,337896627,1,,5689,2014-11-20 18,,
73196588,323516231,1,94h933s,5894,2014-11-28 11,,
130270245,179272681,1,,7811,2014-12-09 00,,
137175187,170125366,1,,5399,2014-11-23 04,,
97293816,403078595,1,,11623,2014-12-12 18,,
47720492,317080751,1,,7694,2014-11-19 15,,
130270245,234268323,1,95lk21e,1863,2014-12-16 21,,
117502210,93090658,1,946qmps,11406,2014-11-28 21,,11406
121034306,283674583,1,,6648,2014-12-03 18,,6648
130270245,123997855,1,95lk20h,5894,2014-11-20 11,,
137175187,300648322,1,,6327,2014-11-24 22,,
74752035,317359951,1,,1863,2014-11-22 14,,
74752035,250120773,1,95kgjc7,2883,2014-12-13 20,,
130547450,141071314,1,mthvet9,8043,2014-12-10 18,,
141600808,322039,1,,9541,2014-12-15 23,,
112198319,399041360,3,,5232,2014-12-01 20,,
78526913,216172778,1,955u3e9,7995,2014-12-13 18,,7995
125912657,69662347,1,,9413,2014-12-01 22,,
137182431,251159059,1,,4264,2014-11-18 02,,
151617,333206837,1,,13230,2014-11-24 10,,
125912657,94777050,1,,10722,2014-12-05 20,,
101435898,8090239,1,,437,2014-11-27 23,,
101435898,36683036,1,,5678,2014-12-11 00,9h030ho,5678
54206477,362002392,1,,8678,2014-11-29 19,,8678
125912657,44299014,1,,6054,2014-11-24 01,,
35699755,113882543,1,,1863,2014-12-03 14,,
26502265,125940143,1,,7350,2014-11-24 22,,7350
97369087,379740470,1,9rkm4fr,5232,2014-12-03 15,,
4496414,351954600,1,94dkggp,11279,2014-12-12 21,,
78111998,245996189,1,,9569,2014-12-16 12,,9569
9860181,18217037,1,957qq55,3064,2014-12-06 18,,3064
120777483,305302526,1,ffgecu9,5027,2014-12-14 18,,
81732161,57839480,1,,3760,2014-12-01 00,,
72384905,211728202,1,96vktng,10894,2014-12-06 11,,
119373765,52951492,1,,6000,2014-12-10 16,,
88447964,87512470,1,,3673,2014-11-18 23,,
37756852,95288721,1,9rf9jk3,10523,2014-11-21 23,,
67840643,193799754,1,,13547,2014-12-03 21,,13547
72834081,33373711,1,,2825,2014-11-30 20,,
112171699,210626409,1,94h2qk5,6423,2014-11-28 20,,
89428650,265770587,1,,13230,2014-12-03 10,,
69195802,373023553,1,,10894,2014-11-23 13,,
52895098,15183101,1,,12090,2014-12-18 00,,12090
31942750,159123071,1,mtob2ll,6344,2014-12-17 13,,
104683710,244311916,1,99d5lvo,3064,2014-12-12 19,,3064
69195802,12221972,1,,10049,2014-12-07 10,,
47321903,398083785,1,,2993,2014-11-18 09,,
10297132,155232199,1,,7957,2014-12-18 15,,
130739831,387371903,1,,6400,2014-11-28 00,,
132323947,222841350,1,,4537,2014-11-22 21,,
31408686,208375116,1,,7227,2014-12-09 20,,
140643525,88208317,1,,7880,2014-11-24 14,,
33808787,109691887,1,954abkq,9017,2014-12-16 15,,9017
1160607,372043766,1,,2825,2014-12-13 21,,
73574022,339613654,1,,1488,2014-11-21 00,,
47289191,201865543,1,,6512,2014-12-10 05,,
26253026,204913223,1,,7273,2014-11-20 10,,
60366651,114277565,1,974s1mv,10242,2014-11-26 16,,
133240213,40193583,1,,6054,2014-12-02 18,,
5938241,381112305,1,,6513,2014-11-19 01,,
124107376,269516959,1,95bbiit,11552,2014-12-18 15,,
43794910,399858977,1,95uc7l7,5027,2014-12-12 17,,
92892459,42072771,1,,11279,2014-12-01 16,,
82448685,275042734,1,,6513,2014-11-27 10,,
43794910,331548639,1,,7957,2014-11-30 00,,
2588780,188074121,1,946j6hk,3252,2014-11-20 15,,
77374787,253372101,2,,10661,2014-11-23 19,,
88209434,145595428,1,,10869,2014-12-08 19,,10869
77374787,379675871,1,991o6lo,10533,2014-12-08 18,,
25306731,248435445,1,,3381,2014-12-12 14,,
26052997,277439063,1,,5395,2014-11-26 23,,
91638650,254376863,1,,8095,2014-12-10 19,,
117961451,286110175,1,94atrs5,5894,2014-11-23 22,,
122338823,55391794,3,,1863,2014-11-18 21,,
122338823,117418012,1,ffjfnmw,9517,2014-12-11 13,,
117961451,218321220,1,94atrpn,508,2014-12-01 13,,
111961699,208352475,1,956an6o,3783,2014-11-18 18,,
56346664,269784191,1,,10108,2014-11-23 22,,
65352076,362663080,3,9676p2d,9835,2014-12-01 21,,
46133505,378357830,1,94gwrns,11974,2014-12-12 14,,
99103824,362686083,1,ffkvwj5,9516,2014-11-24 19,,
34404169,397670044,1,,3064,2014-12-13 22,,3064
116049086,388024474,1,,10703,2014-11-20 22,,
33371922,97116633,1,,6754,2014-11-28 11,,
67743134,199534014,1,,3660,2014-11-22 17,,3660
110844468,270217260,1,9r7ls97,8431,2014-11-28 12,,8431
98133460,222244170,1,,5894,2014-12-16 21,,
129589867,221080744,1,95lkkmj,6513,2014-12-13 11,,
97795315,247582898,1,950sp47,13230,2014-11-23 17,,
99529968,324524955,1,94a09a2,3064,2014-12-12 10,,3064
137974537,322725981,1,9raamcw,4264,2014-12-15 22,,
98920553,378651376,1,,2825,2014-11-22 16,,
98920553,159202394,2,,6513,2014-12-13 16,,
17503742,285535860,1,,10481,2014-12-17 20,,
31456426,74787155,1,,1843,2014-12-11 01,,
101898979,71801003,1,,2993,2014-11-24 22,,
49421729,67782422,1,96rdtwa,1863,2014-11-24 23,,
128265537,213194780,1,9r7l6ae,7350,2014-12-14 09,,7350
131514258,73187999,1,,5232,2014-12-11 21,,
51429394,347980172,1,,6417,2014-11-30 14,,6417
121148622,30722099,1,94kwiic,5388,2014-12-12 22,,
91731364,307247266,1,,5894,2014-12-15 07,,
24625581,189709626,1,,13393,2014-12-13 13,,
100234220,99776604,1,942n6ih,6648,2014-11-19 17,,6648
32738038,347099775,1,,5271,2014-11-26 14,,
137625581,358319895,1,,11406,2014-12-07 05,,11406
23165095,43268985,1,,9807,2014-11-20 12,,
42653601,350352746,1,95qsbvq,2754,2014-12-17 21,,
23165095,331369024,1,9t4qg4b,7549,2014-12-13 07,,
109005178,274876111,1,,13230,2014-12-04 04,,
109005178,305272932,2,,5399,2014-11-29 03,,
59791208,87915241,1,,5271,2014-12-02 14,,
113078957,48308986,1,,1083,2014-11-27 07,,
121000384,254296248,1,,5271,2014-12-15 02,,
44392514,8887155,1,96kncb2,10753,2014-11-28 15,,
109939909,201389117,1,,5894,2014-11-29 02,,
52525317,151853588,1,,13186,2014-11-23 22,,
21233965,117591930,1,94rlqa9,3431,2014-12-04 13,,
132653097,272074556,1,,10567,2014-12-01 21,,
51880896,10058071,1,97r36gm,874,2014-12-12 14,,
132731360,207710436,1,,9520,2014-11-30 16,,
132731360,265688305,1,,1604,2014-11-30 11,,
22153508,261969621,1,94bbl0l,2226,2014-12-04 21,,
76271403,164272751,1,94mfnd0,2754,2014-12-12 12,,
44193672,200430025,1,9rnq0sk,989,2014-12-12 07,,
80283819,387306424,1,,5503,2014-11-27 07,,
111325865,69628064,1,,4605,2014-12-18 23,,
116223148,8638674,1,,5141,2014-12-01 12,,5141
77524894,307926519,1,,1863,2014-12-02 14,,
17552766,19222565,1,9552w2o,11279,2014-12-17 12,,
71678956,281384102,1,,6054,2014-11-21 17,,
61925056,375953074,1,,1863,2014-11-27 13,,
120962802,279592799,1,,5395,2014-12-05 02,,
139891563,233140924,1,99s4nc4,552,2014-12-09 09,,
120962802,229737051,1,99nf3gd,5395,2014-12-15 23,,
67822184,70494903,1,,7195,2014-12-15 16,,
129011195,121995779,1,,5533,2014-11-24 23,,5533
69626316,291872760,1,,5894,2014-12-15 17,,
135402088,335742574,1,,6513,2014-11-26 16,,
54423533,250011321,1,,8385,2014-11-21 22,,8385
7436994,370473311,1,,769,2014-11-18 22,,
45384478,395983315,1,96pnssr,10901,2014-12-04 13,,
82905542,30641061,1,,10984,2014-12-18 09,,
50010860,216972158,1,,5204,2014-12-05 07,,
25330254,245125995,1,,6573,2014-12-05 02,,
27850931,122571482,1,,3660,2014-12-02 10,,3660
93471096,52036245,1,,728,2014-11-27 18,,
11731068,282678931,1,,10961,2014-12-06 21,,
100366139,150823353,1,,3942,2014-11-30 16,,3942
9863416,273960842,1,,574,2014-12-18 12,,
126010230,102993384,1,,11498,2014-12-12 13,,
108266017,255244959,1,,12510,2014-11-25 15,,
110528286,238418630,1,,8561,2014-12-15 23,,8561
12925543,26635124,1,,7440,2014-11-20 00,,
117301497,312101294,1,,5894,2014-11-22 15,,
120662972,389990957,1,,9384,2014-11-28 21,,
64454947,53845078,1,,5027,2014-12-17 08,,
123848007,309084786,1,,8901,2014-11-30 12,,
27608145,298660745,1,mtoa03o,3472,2014-11-18 09,,
110017091,339516903,1,,552,2014-12-07 11,,
22182160,100791962,1,,3862,2014-12-05 23,,
47428428,348672973,1,,6991,2014-12-07 09,,
82756067,170988067,1,,12147,2014-12-11 01,,
1769128,362255426,1,,9541,2014-11-26 16,,
26622553,98614429,1,97qrdk4,9541,2014-12-09 12,,
88405349,30472883,1,94ipro7,13186,2014-11-24 14,,
30838173,79575901,1,,5027,2014-11-23 23,,
99018543,117439589,1,,675,2014-12-02 00,,
104139699,372998651,1,,8877,2014-11-19 02,,
38478428,145732193,1,,2656,2014-11-24 21,,
28743854,79750204,1,946o6kc,3660,2014-12-16 19,,3660
117026591,250415453,1,,5395,2014-11-28 19,,
71142425,393301758,1,969u3vu,5232,2014-12-01 15,,
117026591,226566395,1,,11508,2014-12-01 20,,
119675939,99181809,1,,12249,2014-12-13 20,,
72605828,139472508,1,94isb50,284,2014-12-03 20,,
59318036,111976405,3,,10223,2014-12-04 10,,
73024133,283714226,1,,12311,2014-12-12 21,,
81901472,364598336,1,,3064,2014-12-03 09,,3064
131293826,110937823,1,,9518,2014-11-23 13,,
87165474,160810341,1,,2226,2014-12-17 00,,
58902373,262242666,1,,6541,2014-12-16 00,,
10303832,272921569,1,,5027,2014-12-11 14,,
113283932,121776942,1,,1121,2014-11-26 22,,
113283932,302212381,1,,1121,2014-11-26 20,,
111957230,373747267,1,,5027,2014-11-18 07,,
111957230,156146096,1,,11241,2014-12-05 21,,
79266183,131037962,1,,7895,2014-12-14 11,,
33303512,388731593,1,,8575,2014-12-11 23,,
122850858,403922306,1,,874,2014-12-15 21,,
29226661,113186327,1,,784,2014-12-13 21,,
33303512,151480634,1,,8956,2014-11-27 17,,
67759870,25736825,1,,9517,2014-12-17 22,,
97666716,244779089,1,95qb3hp,8291,2014-12-06 18,,
74314315,52135004,1,,12685,2014-12-08 20,,
57857118,377274303,1,,1863,2014-11-29 21,,
99900937,169283947,1,95lgfsa,9205,2014-11-27 22,,9205
66831202,173079485,1,,11991,2014-12-14 22,,11991
116520218,261846301,1,,6513,2014-12-10 21,,
116520218,195065436,1,,5232,2014-12-04 21,,
69613205,287165464,1,9rogs91,4370,2014-12-13 16,,
127698085,84326577,1,,8291,2014-11-20 14,,
7234861,20936687,1,9rgqtn4,446,2014-12-10 10,,
110873850,345143539,1,,58,2014-12-08 11,,
118741945,303268068,1,,240,2014-12-11 21,,
82435724,77555144,1,,12170,2014-12-02 00,,12170
15957740,401103496,1,,5399,2014-12-03 17,,
86748372,79950082,1,,4549,2014-12-10 18,,
15957740,259551526,1,,11279,2014-11-23 23,,
42021027,267687989,1,,6247,2014-11-21 19,,6247
135858331,346382049,1,,12685,2014-11-20 00,,
34424883,210659145,1,,13852,2014-11-27 13,,
49546726,365662892,1,,13230,2014-11-22 12,,
101122114,183023005,2,9r774kh,8986,2014-12-13 23,,
7234861,172302793,1,,12685,2014-11-26 12,,
53552500,318952338,1,,5271,2014-11-18 14,,
23316310,268676541,1,94i0w0k,10686,2014-11-26 10,,
21332019,268349571,1,,14079,2014-12-13 01,,
34424883,5226696,1,,7957,2014-12-01 15,,
140662618,207185304,1,,5749,2014-12-17 22,,
21329952,211242479,1,,4008,2014-11-21 15,,4008
27141122,83647336,1,943jwh4,10533,2014-11-27 22,,
95301715,191631547,1,,4269,2014-12-12 22,,
33829137,332929059,1,,12067,2014-11-28 16,,12067
128519725,251932261,1,,508,2014-12-09 09,,
44059193,362905690,1,,7582,2014-12-01 05,,
84281743,176962202,1,94lro6s,1863,2014-12-06 13,,
63052028,350986071,1,,8723,2014-11-28 22,,
30353552,136685945,2,,13038,2014-12-11 13,,
119627646,318515601,4,,5232,2014-11-25 15,,
139885879,94002468,1,95f76ol,5351,2014-12-18 22,,5351
114790451,284956652,1,,1083,2014-12-09 22,,
94723090,74955917,1,,13500,2014-12-17 19,,13500
125070791,194530099,1,,8886,2014-11-21 22,,
130766413,347585156,1,,2825,2014-11-18 17,,
13161427,387375255,1,,13428,2014-12-18 22,,
19282406,396314368,1,94dstwp,11047,2014-12-08 21,,
27927595,22777778,1,,5399,2014-11-26 12,,
48890303,202244379,1,,10431,2014-12-15 13,,10431
19282406,178615451,1,94dstw1,13152,2014-12-03 21,,
36233277,43938028,1,94ek6at,3368,2014-11-30 23,,3368
67185042,235823306,1,,7312,2014-12-17 13,,
24262504,275117836,1,,1863,2014-12-11 04,,
56676769,132867701,1,950sp19,3537,2014-12-09 20,,3537
36233277,311764358,1,94ek6ka,13230,2014-12-02 07,,
42024448,377748064,3,,10223,2014-11-18 17,,
36233277,141169735,1,94ek6k2,1083,2014-11-24 13,,
36233277,233224833,1,94ek6lw,1083,2014-11-23 16,,
48677702,240042007,1,94gnqek,1863,2014-12-13 21,,
50553250,55155040,1,,6054,2014-12-06 14,,
90853436,287263931,1,,10703,2014-11-18 15,,
72442904,195939201,1,9rnamuv,5399,2014-12-16 20,,
36233277,127738265,1,94ek6at,12345,2014-11-26 21,,
117044327,352053595,1,944bdr5,13230,2014-11-24 19,,
80954170,244669666,1,99ctj55,12230,2014-11-23 23,,
8915107,196293626,1,,3783,2014-12-13 18,,
129377104,16667243,1,,1308,2014-12-16 20,,
112711623,262842659,2,94h7iv0,11552,2014-12-12 22,,
83080518,244820042,1,,1114,2014-12-11 00,,
56735134,330761477,1,,6054,2014-12-01 13,,
129377104,267528499,1,95q02oi,11270,2014-12-18 09,,
111820958,200170451,1,,2825,2014-11-30 01,,
11313328,371061971,1,,2953,2014-12-14 20,,
98440358,41730101,1,,905,2014-12-10 21,,
98440358,195977106,1,,3381,2014-11-30 12,,
24658436,390757625,1,,12761,2014-11-19 22,,12761
102930156,110139982,1,,10726,2014-11-21 00,,
73138544,64824096,1,,3662,2014-11-22 06,,
39395202,369478426,1,,10725,2014-11-26 09,,
89736791,175229700,1,,11279,2014-12-18 02,,
14447131,306023688,1,,5908,2014-12-05 14,,
43864538,183558027,1,,4195,2014-12-17 19,,
29710830,23565669,1,,9179,2014-12-07 11,,
29710830,36220528,1,9pts1iq,9491,2014-11-22 13,,
99960313,101163919,1,9rdm2fc,3475,2014-12-11 07,,
137998405,5357021,1,95f6vwl,5689,2014-12-15 21,,
92726270,210290989,1,,887,2014-11-27 14,,887
53751383,399984145,1,9rfj5cq,6513,2014-12-12 13,,
22560823,282802138,1,,7995,2014-11-29 23,,7995
120992701,144774936,1,,6000,2014-11-26 21,,
86723144,310575438,1,,6054,2014-12-08 02,,
66566059,40457042,1,95q4o2u,7876,2014-12-02 15,,7876
97778243,316789490,1,955j420,2568,2014-11-22 23,,2568
100833741,58754771,1,9reegfb,10431,2014-12-10 23,,10431
17341591,340000621,1,,6255,2014-11-23 08,,
110754991,125366812,1,,5027,2014-11-22 10,,
11162300,90781233,1,,3673,2014-12-06 22,,
97730927,370665745,1,96k6le3,2907,2014-12-14 18,,
105105740,253941133,1,,4625,2014-12-02 13,,
127712668,251454302,1,9623g3b,9247,2014-12-17 17,,
118330286,398954020,1,94kl50o,1385,2014-12-10 21,,
28826774,48968010,1,95jde22,126,2014-12-07 23,,
74750292,395770136,1,,11279,2014-12-08 22,,
73218701,26777486,1,,2378,2014-12-14 14,,
7761295,59827174,1,,3472,2014-11-20 03,,
7761295,227882377,1,,5027,2014-11-19 05,,
22278371,55537715,1,,10507,2014-12-08 00,,
87098913,95417159,1,,2993,2014-11-26 00,,
97951451,351072868,1,,4370,2014-11-30 09,,
19853816,168524307,1,,13500,2014-12-05 00,,13500
100632766,177366621,2,,3798,2014-11-30 22,,
37054928,240307818,1,,10250,2014-12-13 06,,
59746563,39880144,1,,4296,2014-12-10 23,,
52577851,145400293,1,,5894,2014-12-03 00,,
122003638,163577732,1,,8666,2014-12-18 21,,
87298447,154341085,1,,12488,2014-12-06 09,,
116763688,180345532,1,,3660,2014-12-18 01,,3660
68961612,61550568,4,,9829,2014-12-10 20,,9829
59540963,195676574,1,94mbbcw,5894,2014-12-09 10,,
1652366,175317373,1,,1843,2014-11-18 23,,
101061002,246504816,2,,4830,2014-12-13 03,,4830
24289312,72985612,1,,4627,2014-12-09 18,,4627
131930045,113356894,1,,10029,2014-11-24 20,,
84208789,310009522,1,,4116,2014-11-20 22,,
104569658,281347193,1,99chhd5,5399,2014-12-02 21,,
92174499,312053180,1,950fc7d,1843,2014-12-02 18,,
49841922,144512254,1,95qq5n1,4627,2014-12-10 17,,4627
36513563,382615228,1,,1361,2014-12-10 09,,
91552951,185583821,1,,12638,2014-11-27 08,,
107475844,329492607,1,,94,2014-11-25 22,,94
116232438,29272334,1,,3064,2014-11-20 19,,3064
81756097,289721383,1,,1550,2014-11-18 05,,1550
119687214,218826110,1,,5017,2014-11-23 09,,
111073682,66917388,1,,1083,2014-12-07 00,,
429994,345986799,1,,1863,2014-12-12 21,,
6504113,54064706,1,94vcagu,11241,2014-11-30 16,,
127168253,154429934,1,95q0wsg,6513,2014-11-24 13,,
50834210,384574839,1,,8874,2014-12-16 18,,
14444168,33892781,1,,1963,2014-11-25 18,,1963
59511789,165546470,1,,10271,2014-12-10 23,,
99775965,122642720,1,,12855,2014-12-17 22,,
59511789,76106081,1,,5732,2014-12-02 15,,
131538712,403658199,1,,1863,2014-12-15 23,,
4195964,192977486,1,,1238,2014-11-23 14,,
138977388,96205202,1,,5271,2014-12-02 16,,
46344003,41171809,1,9riuh0m,12488,2014-11-19 12,,
133378051,341065917,1,,8877,2014-12-09 16,,
7646195,37241656,1,,13230,2014-11-18 15,,
814199,282525522,1,,13096,2014-12-15 00,,
132233475,372412942,1,,10392,2014-12-09 21,,
63973702,329905085,1,,4676,2014-12-02 21,,
85031011,74019395,1,,5399,2014-12-04 15,,
78537035,334040224,1,,7572,2014-11-29 19,,7572
38855741,197931715,1,,5894,2014-12-14 19,,
110849747,61190649,1,,6194,2014-11-23 18,,
110849747,401578939,1,970iv3e,11256,2014-12-07 17,,
9367616,268122643,1,,1741,2014-11-30 00,,
12210870,399769906,1,,11687,2014-12-01 22,,
90035027,88630565,1,,2883,2014-12-03 21,,
5424550,30697039,1,,10258,2014-12-04 23,,
54658244,258325589,1,,4584,2014-12-02 19,,
41268198,327918606,1,,9101,2014-12-04 23,,
108903107,43524130,1,9reonen,10894,2014-11-18 18,,
122462305,52707028,1,,2513,2014-12-08 03,,
20472131,111169047,1,,2825,2014-11-18 19,,
131344898,26562298,1,95q01cc,13041,2014-12-18 13,,
20754693,189552626,3,,7606,2014-12-04 22,,
74339956,200026924,1,99ct2e7,10392,2014-11-22 11,,
86012881,125736959,1,,11883,2014-12-02 10,,
15541192,308856053,1,95riji5,13230,2014-12-06 20,,
137850156,243205106,1,,3381,2014-11-22 19,,
15541192,92298456,3,,989,2014-11-20 22,,
135955934,244696280,1,9rre2qb,11618,2014-12-12 21,,
104164603,94613235,1,94m2an1,6977,2014-11-23 14,,
123035338,248540337,1,,6054,2014-12-16 21,,
63001216,320455272,1,,5449,2014-12-13 13,,
107452984,95867699,1,,10412,2014-12-05 14,,10412
12163667,285631124,1,,5894,2014-11-29 16,,
63339028,351116884,1,,3783,2014-11-23 21,,
36764652,22417783,1,9suu9kh,12277,2014-12-17 20,,
105923210,201265046,1,99ctg2k,4625,2014-12-02 20,,
138867561,275607395,1,,5027,2014-11-27 15,,
109327598,119681523,1,,10894,2014-12-03 18,,
40586226,65269037,1,,1863,2014-12-11 12,,
140535667,81482710,1,,6513,2014-12-15 21,,
100067745,18883184,1,95w3d6k,2831,2014-11-27 14,,
6435793,26576018,1,,198,2014-12-12 00,,198
132203647,80672595,1,,6054,2014-11-25 11,,
76292653,296018285,1,95wjdsd,4455,2014-12-12 22,,
105278727,34384544,1,,13230,2014-11-23 13,,
3694961,78195941,1,9rf9596,13114,2014-11-30 22,,
105278727,322154420,1,,2825,2014-11-29 13,,
59473714,85444528,2,,215,2014-11-28 21,,
11427000,70978358,1,,10135,2014-11-22 06,,
122990070,355682743,1,,11856,2014-12-10 13,,
27399563,21419652,1,9pt26en,7917,2014-12-18 11,,
33682194,286665210,1,95wjmfq,9762,2014-12-09 23,,
12906922,42685143,1,,10223,2014-12-16 16,,
47065920,64327905,1,,6991,2014-11-22 00,,
61472535,132571976,1,,9559,2014-12-14 22,,
37357777,369995756,1,,6054,2014-12-09 18,,
40786964,295984711,1,,14006,2014-11-20 20,,
6926678,128174373,1,,4931,2014-12-14 10,,
65236751,220792641,1,,8095,2014-11-20 21,,
65236751,326945538,1,,4269,2014-12-18 21,,
70241210,313419390,1,96k6e5v,5232,2014-11-19 18,,
65949028,128655837,1,956oddc,13230,2014-12-11 17,,
106397319,178419246,1,,9261,2014-12-05 13,,
118814309,78205453,1,,1863,2014-12-01 20,,
24033530,337120811,1,,5894,2014-12-03 12,,
119879079,105118784,1,,10740,2014-11-29 10,,
119879079,273224944,1,,13230,2014-11-24 10,,
83813302,23301418,1,,5399,2014-12-08 09,,
10319860,316071550,1,,10258,2014-12-14 00,,
123842164,142354994,1,,6977,2014-11-22 17,,
1588051,389922865,1,,13230,2014-11-21 09,,
83813302,69797109,1,95ovcwt,1863,2014-11-24 16,,
11791459,373511777,1,,9397,2014-12-07 11,,
16676403,274847232,1,94dg9jd,9247,2014-12-04 13,,
88493429,353623333,1,,5399,2014-12-12 22,,
4082863,71722732,1,,13230,2014-11-26 21,,
107453308,36394492,1,,5894,2014-11-26 08,,
59480165,267732282,1,94ma6vi,2825,2014-12-14 08,,
17328648,307745670,1,,12921,2014-12-06 22,,
28808272,108711410,1,962403d,9397,2014-11-27 14,,
28808272,323320433,1,96241r2,11279,2014-12-01 21,,
67942365,61032876,1,95b9o4t,12855,2014-12-18 12,,
113250631,35236390,1,,3056,2014-12-16 20,,
54586263,243575552,1,95ridow,11279,2014-11-19 20,,
126784328,60312104,1,946jq7o,2825,2014-11-28 22,,
45926523,95671308,1,94lhlqk,10533,2014-11-21 19,,
53150140,22711034,1,,9412,2014-12-06 15,,
23740258,279983109,1,,9559,2014-12-13 21,,
69152695,185879514,1,99cth6s,10392,2014-11-18 15,,
59951693,128271866,1,,1601,2014-11-30 00,,1601
78329358,394983891,1,,5027,2014-12-02 16,,
81964332,198816634,1,,2825,2014-12-12 00,,
74775623,235525030,4,,13926,2014-11-24 11,,
9384380,326074214,1,94jcisw,5027,2014-12-16 19,,
3709994,61377366,1,,6513,2014-11-26 22,,
85336332,148757448,1,95qs0r7,7917,2014-11-21 19,,
48509295,254283762,1,,7140,2014-12-04 01,,7140
138301582,5453749,1,,9354,2014-12-01 16,,
139462332,165024629,1,,13230,2014-11-25 21,,
121528560,62920917,1,9hqcp5c,5894,2014-12-11 09,,
9996155,401296737,1,,8043,2014-12-12 22,,
121528560,348171369,1,,10533,2014-12-07 13,,
116166066,373218247,1,,11757,2014-11-22 08,,
121528560,76042117,1,,5376,2014-12-12 11,,
121528560,203162130,1,,6054,2014-12-13 16,,
103504610,204187671,1,,6054,2014-11-20 15,,
103504610,12654580,2,,10894,2014-12-03 04,,
27032913,314896749,1,,3064,2014-11-18 00,,3064
108995680,33261568,1,,9881,2014-12-03 00,,
12571684,315308866,1,,363,2014-12-16 23,,
28975138,130306730,1,,9518,2014-11-24 21,,
139435539,12233063,1,,14079,2014-12-18 18,,
28975138,84019991,1,,9637,2014-12-15 00,,
128161862,256223475,1,,4817,2014-12-11 08,,
139435539,73208254,1,,3673,2014-12-09 20,,
91214457,142714627,1,,3363,2014-12-14 00,,
48700638,334136228,1,,5027,2014-11-26 20,,
34578527,24670179,1,,2825,2014-12-15 15,,
28967361,153450704,1,,715,2014-12-18 15,,
3671315,160950160,1,,9130,2014-11-20 23,,
74534491,353197328,1,9r7lupe,3275,2014-12-06 17,,
113396592,76175830,1,,9807,2014-11-26 13,,
66737372,135712299,1,,10725,2014-11-19 07,,
88099922,8046409,1,,7767,2014-12-13 18,,
89302742,54718899,1,ffaegh0,5894,2014-11-18 22,,
98795231,301844045,1,99suwn7,8930,2014-12-12 21,,
85558599,303205878,1,,13500,2014-11-20 23,,13500
101287551,56513519,1,,11279,2014-12-05 10,,
16066732,265908580,1,,13892,2014-11-24 11,,
87104389,162539844,1,,5503,2014-11-24 00,,
18997016,68658502,1,95lkj63,3252,2014-12-09 19,,
38588481,81829584,1,,3628,2014-11-25 21,,
105419801,130009286,1,,231,2014-12-18 12,,
22901182,270343411,1,,7140,2014-11-28 09,,7140
22992522,156100882,1,9r7lvrt,2825,2014-12-01 17,,
46313814,34000498,1,94gdvbn,3662,2014-11-19 22,,
1525511,77970727,1,49u0s5u,5492,2014-12-13 23,,
56690952,193086152,1,,3378,2014-12-10 00,,
50062533,394497774,1,,24,2014-12-09 21,,24
57877811,192740999,1,,13230,2014-11-30 00,,
56690952,289369181,1,99ct2dt,5027,2014-12-06 15,,
74049444,43419097,1,9r5deb4,10533,2014-12-13 18,,
58483297,59706465,1,,3215,2014-11-30 22,,
82649107,207817041,1,95o3wm7,10740,2014-12-13 10,,
81586383,125458235,1,,8147,2014-12-03 14,,
81500257,305233439,1,,11279,2014-11-26 21,,
108903035,38817346,1,,8291,2014-12-12 21,,
8886191,204583714,1,,11379,2014-11-20 10,,
14051446,220469402,1,,10901,2014-11-18 10,,
47296218,223342553,1,,10984,2014-12-08 11,,
103600156,154431237,1,,3783,2014-12-14 21,,
119149297,252180551,1,,8291,2014-11-20 22,,
51492142,168744097,1,95ip4f5,9835,2014-11-28 22,,
51492142,379081305,1,,9835,2014-11-28 23,,
109928088,385927984,1,,10821,2014-12-12 09,,
17362237,229509046,1,,7995,2014-11-30 07,,7995
71376321,23627565,1,,10920,2014-12-06 22,,10920
125227357,209698394,1,,5894,2014-12-17 08,,
21465106,81616137,4,,8792,2014-12-06 23,,8792
56708793,112273456,1,,451,2014-12-17 13,,
3840121,297061795,1,,989,2014-12-01 22,,
68302542,121179455,1,9qwgrvs,1486,2014-12-02 22,,
32728520,106272048,3,9r5gvmg,7957,2014-12-07 09,,
63245692,110335209,1,95rau1o,1385,2014-11-30 11,,
62781637,304142312,4,,11270,2014-12-17 10,,
85867746,26103994,1,,7639,2014-11-22 10,,
94616722,307870712,1,941u3vc,9833,2014-12-12 21,,
75981766,263477089,1,96knggr,9833,2014-11-29 23,,
76314785,263998334,2,,5141,2014-11-23 07,,5141
79359253,205681021,1,,5399,2014-12-03 20,,
93834577,326866641,1,,5894,2014-12-18 20,,
72295163,244194490,1,94a250s,4296,2014-11-19 19,,
8499885,379904431,1,,9933,2014-12-01 11,,9933
119653720,58689661,1,,6513,2014-12-05 12,,
91910769,23454340,1,,2415,2014-12-08 17,,
92397827,340934227,1,,6000,2014-12-17 07,,
138891580,308724564,1,,3892,2014-11-21 14,,
16911051,214968083,1,,10804,2014-12-03 19,,
109613455,379163855,1,95w9me6,8877,2014-12-10 20,,
21038500,188257014,1,96plsco,9517,2014-11-23 18,,
132469710,109831201,1,99s9v5u,12914,2014-12-13 17,,
122169205,163512271,1,,6000,2014-12-08 16,,
65305165,92564770,1,,9835,2014-12-11 00,,
43855246,252544062,1,,11763,2014-11-24 22,,
86696356,334727964,4,969v5ca,10753,2014-12-12 09,,
74873040,133221337,1,,4370,2014-11-29 22,,
67268928,342157605,1,,2825,2014-12-08 15,,
67268928,140276554,1,,1863,2014-12-07 11,,
67268928,145546827,1,,7957,2014-11-29 10,,
82705001,158137526,1,9rn9f2h,10223,2014-12-13 12,,
44880226,236122856,1,,13907,2014-11-21 13,,
68264472,396008097,1,,3798,2014-12-08 21,,
83062037,97942819,1,,10223,2014-11-23 23,,
83062037,260071575,1,99nflmt,2015,2014-12-07 12,,2015
12252570,71798396,1,,6327,2014-12-11 00,,
86756157,341373134,1,94nes0h,3628,2014-12-02 19,,
4225412,43236638,1,,3662,2014-11-24 23,,
87603845,121699902,1,,5894,2014-11-24 22,,
96183219,313245566,1,,5273,2014-11-20 19,,5273
61121803,185373924,1,,10431,2014-12-01 15,,10431
19805334,361458209,1,,11279,2014-11-26 20,,
9900390,302198579,1,,5388,2014-12-17 22,,
25499177,197757650,1,,5993,2014-12-11 13,,5993
103412418,372326241,1,,3363,2014-11-28 14,,
73135493,250638485,1,95f7rr9,8526,2014-12-15 12,,
92454730,8497549,1,947bmbd,11406,2014-12-16 23,,11406
12833799,322583735,1,954g374,6344,2014-12-14 09,,
95198382,277920193,1,951we1n,4370,2014-11-18 17,,
52660721,90270296,1,9ptppk6,13713,2014-11-20 13,,
79107813,269845473,1,,5027,2014-12-01 21,,
8034995,189975106,1,947uei2,3960,2014-11-21 13,,3960
83802493,339008391,1,,5894,2014-12-02 16,,
52660721,71841548,1,9ptppko,5399,2014-12-15 21,,
27625049,67520376,1,,5232,2014-12-12 11,,
53027024,185703088,1,ffad5mi,10533,2014-12-02 17,,
6452476,346852402,1,946l6pm,5388,2014-11-28 22,,
52534043,181351721,1,,12772,2014-12-07 07,,
1866742,37831712,3,,13230,2014-11-27 19,,
52534043,21403303,1,,5141,2014-12-11 00,,5141
53027024,124190138,1,ffad5ib,13230,2014-12-02 17,,
53051494,209978115,1,,1650,2014-11-21 16,,
59921221,267090411,1,9rdm2gm,9516,2014-11-20 11,,
142120051,118445156,1,9q92dap,5271,2014-12-08 18,,
106300508,114087593,1,,5399,2014-12-17 20,,
71251121,114549310,1,,8639,2014-12-08 08,,
121306092,281267444,3,,13041,2014-12-09 13,,
115557934,125288094,1,,5543,2014-11-23 10,,5543
71251121,258775135,1,,5232,2014-12-12 17,,
29091169,365466113,1,ffadhuq,4382,2014-12-15 22,,
87594845,218908730,1,,3381,2014-11-25 08,,
22981352,118999625,1,,11790,2014-12-01 10,,
83546635,210421971,1,,7985,2014-12-07 22,,
41907729,191028878,1,94fr10v,1488,2014-12-03 21,,
9551296,152203634,1,94naqoc,11279,2014-12-12 14,,
53788912,335317222,1,,6648,2014-11-18 19,,6648
67312926,77521907,1,,7549,2014-12-12 23,,
67312926,124947875,1,,5749,2014-12-13 09,,
5315279,248391758,3,,10533,2014-12-10 23,,
17908580,220925121,1,,4370,2014-12-01 06,,
132718416,87176944,3,,13831,2014-11-23 10,,
34830417,49002319,1,,3368,2014-12-13 01,,3368
16908520,188396031,1,,7027,2014-11-27 12,,
44041747,24792466,2,,3783,2014-11-30 14,,
47439748,374291507,1,,888,2014-12-04 08,,
110128323,320767603,1,ffsn6e9,5503,2014-12-02 19,,
55265236,68866256,1,,4364,2014-11-25 12,,
55265236,289003385,1,9hq4etn,13041,2014-12-17 10,,
66412678,120214036,1,99b20ks,7393,2014-12-14 17,,7393
70515959,140650209,1,94cp0ta,7876,2014-12-07 09,,7876
40211203,207500864,1,,10392,2014-12-10 20,,
40211203,104674693,1,,7957,2014-12-01 09,,
128213972,239393652,1,9qkroer,5027,2014-12-11 23,,
65143114,232574818,1,,5232,2014-12-14 23,,
75287920,283410683,1,95rwbs3,3472,2014-11-18 12,,
77055357,15749754,1,9qkdnr0,11771,2014-12-16 21,,
83158116,397185138,1,,11311,2014-12-11 01,,
72391765,140855947,1,,10392,2014-12-04 12,,
77055357,367406928,1,9qkdn5q,10135,2014-12-08 11,,
5875750,361850325,1,,13763,2014-12-15 16,,
101734993,378022465,1,,3381,2014-11-23 14,,
112142417,381386021,1,,5388,2014-11-28 21,,
109084676,379884887,1,,11454,2014-12-02 04,,
93897008,361132111,1,,5503,2014-12-17 22,,
128500027,197241513,1,,7591,2014-11-20 00,,
135667654,198896084,1,,9155,2014-11-30 12,,9155
114779189,175398656,1,,9614,2014-11-23 15,,9614
61596634,57447000,1,,13515,2014-11-21 23,,
65667723,396733376,1,,13823,2014-11-22 23,,
58479383,297236814,1,993u1h6,12560,2014-12-03 19,,
47874120,137939591,1,,11279,2014-12-01 22,,
50777514,180230029,1,94i0tmc,444,2014-11-29 17,,
16141923,102033098,1,,5027,2014-11-18 21,,
65504626,243108551,1,,2828,2014-12-03 11,,
7254306,17012330,1,,7619,2014-12-01 15,,7619
7366396,230778023,1,9refgpf,107,2014-12-11 21,,
124561281,372272816,1,,4676,2014-12-18 12,,
8350359,376226164,1,,3687,2014-12-02 20,,
92156910,318479580,1,946vkvd,1313,2014-11-18 12,,
15386874,45822268,1,96knbf6,11552,2014-12-15 07,,
19581999,157144360,1,,1421,2014-12-01 00,,
129558614,389974501,1,,5395,2014-12-02 01,,
31663890,228760217,1,,3673,2014-11-22 20,,
119681430,122743456,1,95bp4ob,7205,2014-11-30 09,,
129903163,403441556,1,,7957,2014-12-13 22,,
29669124,253976157,1,,939,2014-12-02 16,,
51085123,171912872,1,,11991,2014-12-04 18,,11991
75844368,134856237,1,951o9ce,10501,2014-12-17 22,,10501
116601793,31049387,1,,438,2014-11-29 00,,438
96865786,129118222,1,9rdmca3,6054,2014-12-12 22,,
106457937,93495938,1,9qvq9r6,6945,2014-12-13 09,,
2227874,232960309,1,99nfave,3472,2014-11-28 19,,
90539396,61107775,1,99chrfb,6000,2014-12-14 20,,
21023173,164940739,1,,1863,2014-12-01 12,,
104777513,39541207,1,,3271,2014-12-08 22,,
74285031,372114844,1,955lnvw,9790,2014-12-04 20,,
99346682,63387513,1,,5503,2014-12-05 18,,
99346682,134433867,1,,9517,2014-11-27 15,,
99346682,63219804,1,,5027,2014-11-29 20,,
36964346,312781448,2,,9397,2014-11-18 21,,
53438473,73761262,1,,1863,2014-11-23 09,,
99346682,244427759,3,,13932,2014-12-17 21,,
72820368,254954942,1,,6825,2014-12-04 19,,
125823342,137356059,1,,9835,2014-12-12 21,,
134904941,186550628,1,,2883,2014-12-12 20,,
134473908,94074811,1,,11475,2014-12-16 19,,
134473908,313561139,1,,10567,2014-11-28 19,,
15381495,298407480,1,,11091,2014-12-02 09,,
86863108,262689296,1,,3275,2014-12-07 03,,
10027039,58096891,1,,1863,2014-12-10 15,,
66924694,26551324,1,,14079,2014-12-17 15,,
66145288,40020086,1,,552,2014-11-29 00,,
66145288,13480050,1,,11623,2014-11-27 20,,
66145288,358442473,1,,6748,2014-12-16 22,,
61644490,47326368,1,,6669,2014-12-09 23,,
12373370,257560398,1,,1863,2014-11-24 00,,
88110636,169373273,1,9q24ur7,3472,2014-12-04 19,,
60575815,230507443,1,,13230,2014-11-28 07,,
76777269,179462350,1,,6513,2014-12-01 20,,
50343169,189457633,1,97la6tb,4537,2014-12-18 20,,
142358910,321277758,1,942jfis,9752,2014-12-13 07,,
11910007,191218047,1,,13041,2014-11-24 14,,
28720302,139717417,1,,11695,2014-12-06 22,,
89831149,286089136,1,,13404,2014-11-20 00,,
132614507,397749437,1,95rwb3v,6000,2014-11-21 14,,
85822276,403780738,1,,552,2014-12-06 12,,
134499562,75429874,1,95q0wdi,10431,2014-12-01 21,,10431
137384149,66148696,1,9rj44ll,4370,2014-12-09 08,,
138735272,273943881,1,,8270,2014-11-19 07,,8270
10211498,375156755,1,99s4g6j,11047,2014-12-09 21,,
57175975,193291486,1,,13230,2014-12-12 09,,
58238111,58608702,1,999qw74,6513,2014-12-12 13,,
65629361,320161899,1,,8099,2014-11-26 07,,8099
138643458,19170547,1,,1488,2014-11-29 19,,
11346135,391785602,1,,13230,2014-12-16 15,,
74593955,369802235,1,,437,2014-12-02 14,,
76937095,340550253,4,,4280,2014-11-20 09,,
35126807,7631303,1,,3424,2014-12-03 17,,
23260181,252160124,1,,5653,2014-11-20 15,,
84080163,119138725,1,,9614,2014-12-01 15,,9614
139471492,342587919,1,,5773,2014-11-25 18,,
139471492,335451463,1,,9569,2014-11-27 12,,9569
140723279,267268120,1,946hun0,5399,2014-12-08 12,,
24062806,194007419,1,,5232,2014-12-10 06,,
42851945,270167761,1,,12855,2014-12-18 20,,
42723928,154482005,1,,6512,2014-12-13 20,,
104541497,2405207,1,95116uf,12230,2014-12-06 07,,
134377639,83769064,1,mtj0ut5,8849,2014-12-16 20,,
57097264,242518164,1,,10894,2014-11-22 21,,
63164461,70927608,1,,3544,2014-11-28 08,,
45649071,445011,3,ffbu6u4,2261,2014-12-09 17,,
65257068,366042021,1,96awajq,14079,2014-12-17 16,,
75288002,51594957,1,,1863,2014-12-03 18,,
84308150,147053227,1,9rnctnu,5269,2014-11-26 22,,
89962630,215126885,1,,9559,2014-11-25 17,,
94645713,192004084,1,,9516,2014-12-03 11,,
117902605,383296642,1,,13515,2014-11-28 10,,
103963543,15418936,1,,5399,2014-12-02 18,,
131275408,43804013,1,9r6njq1,14079,2014-11-24 12,,
23367131,211056997,1,,7299,2014-12-13 00,,
36738292,231111203,1,,10431,2014-12-18 00,,10431
24217106,312744857,1,9713q9u,6936,2014-12-17 20,,
24217106,380584075,1,9713q4v,5503,2014-12-13 21,,
29776188,263482668,1,,12688,2014-11-20 20,,12688
88120786,317287427,1,,6513,2014-11-29 09,,
36306202,173893247,1,94jbnne,5232,2014-12-10 12,,
81322348,42800717,1,,11279,2014-12-09 19,,
111842678,87630600,1,9rf56q6,3613,2014-11-23 19,,
81611585,231100890,1,97lbusv,5127,2014-12-11 07,,
113693068,248229604,1,,8050,2014-12-01 17,,
85497599,328616832,1,,10290,2014-12-16 01,,10290
37573814,257142584,1,9rgsu2b,7572,2014-11-25 23,,7572
138856687,115663978,1,,11824,2014-11-25 13,,
138856687,308637565,1,9r7ha5f,5027,2014-12-12 19,,
103472750,111940417,1,9q29rka,10209,2014-11-29 20,,
103472750,305175872,1,,242,2014-12-05 09,,
118525064,232452057,3,,7843,2014-12-07 21,,
64597982,67081974,1,9479q0n,6825,2014-12-09 16,,
33116829,214040047,3,,939,2014-11-20 16,,
100853561,190731159,1,954abkl,14079,2014-11-24 18,,
52763242,123601142,1,,12919,2014-11-18 08,,12919
123006501,189725035,1,,5399,2014-12-01 20,,
75160982,262424568,1,95q666m,11622,2014-12-09 19,,
80528162,365506597,1,9rg0rn4,5395,2014-12-18 20,,
99393465,323144159,1,9509gan,5399,2014-12-08 22,,
102011432,382402133,1,,10265,2014-11-27 06,,
108212684,31155354,2,,13230,2014-12-04 03,,
108212684,312418953,1,955an95,6344,2014-11-30 09,,
108212684,52359146,1,955an4i,5438,2014-11-28 20,,
108212684,153343191,1,,6054,2014-12-04 23,,
104003037,98721173,1,,11279,2014-11-29 23,,
102456563,183282166,1,,1863,2014-12-07 15,,
11682531,303375702,1,95wjog4,6513,2014-11-27 21,,
127552225,374420282,1,,13230,2014-11-25 23,,
130806899,40001665,1,mtlpctk,6000,2014-11-30 15,,
108770715,64485725,1,9rfri5w,5395,2014-12-11 18,,
133946364,377896517,1,99vt04f,14033,2014-12-01 18,,
134658118,115250788,1,,5468,2014-12-02 12,,
24356634,305294151,1,97qi1m9,5365,2014-12-17 19,,
27115433,212160958,1,,9757,2014-11-21 21,,9757
131240843,316342240,1,,4370,2014-12-11 09,,
43284343,385790582,1,,8877,2014-12-15 10,,
34997471,350394561,1,,552,2014-12-12 17,,
51435164,136196798,1,951h0oe,11279,2014-12-09 15,,
42089925,199148157,2,95d1ga4,6513,2014-12-15 19,,
56053530,251987603,1,,6648,2014-11-23 22,,6648
114726208,380325011,1,95u7erm,9516,2014-12-08 20,,
114726208,222598305,1,95u7ehq,5894,2014-11-22 22,,
68412184,243039421,1,,5749,2014-12-13 21,,
71090781,404102478,1,9rf5b36,1169,2014-12-18 10,,1169
83334493,20592536,1,,7146,2014-12-18 22,,
83334493,101626664,1,9rm17b0,11279,2014-12-12 20,,
74952849,173794715,1,99cjhds,5503,2014-12-06 13,,
101791582,47682513,1,,7708,2014-12-04 09,,
104994810,3871958,1,,1504,2014-11-28 19,,
99241118,330862188,1,96ecgmq,1843,2014-12-03 23,,
107936760,153231029,1,,10544,2014-12-18 13,,10544
36703106,47599652,1,mtj6jbh,5894,2014-11-28 21,,
48793683,22004949,1,,10590,2014-12-12 21,,
13869219,398933323,1,9p270v1,7549,2014-12-07 20,,
29689901,253181230,1,,13109,2014-12-17 10,,
139199517,164858056,1,97kv6eg,2298,2014-12-06 09,,
41584192,290591287,1,,11757,2014-12-05 12,,
55605483,367217821,1,9564tpt,446,2014-12-16 22,,
39445216,287437515,1,9tac36m,10258,2014-11-23 22,,
39445216,68014559,1,9tac3qc,10258,2014-11-23 22,,
99651145,154277484,1,,10049,2014-11-22 22,,
99651145,150186308,1,,10662,2014-11-30 12,,10662
120330409,136966084,1,,14033,2014-12-12 09,,
128246403,367682236,1,,12268,2014-12-03 22,,
123952685,52505374,1,,3156,2014-12-10 21,,
12214179,217234367,3,95rind5,8879,2014-12-18 07,,
135582975,123790091,1,,6255,2014-12-10 21,,
3695398,204079060,1,95a57q3,7876,2014-12-16 12,,7876
413178,120770237,1,,9820,2014-11-21 23,,
61811087,65420209,1,9r2t9dj,7428,2014-11-30 20,,
71201867,68488323,1,,5232,2014-12-08 19,,
71201867,184737186,1,,2175,2014-11-25 18,,
122231018,336062127,1,953usbp,856,2014-11-29 09,,
13872334,129301034,1,95rijii,13230,2014-12-07 07,,
116349225,33527334,1,,10741,2014-12-03 16,,
27626311,348106687,1,9p0npuk,10223,2014-11-21 13,,
130011402,213116901,1,94g3dgh,1863,2014-11-23 15,,
99750042,54211665,1,,9516,2014-12-05 15,,
99750042,185691647,1,94nemal,3783,2014-12-12 12,,
88865653,288756795,1,9h99wr6,7594,2014-12-13 14,,
85862488,220109287,1,,997,2014-12-16 07,,997
88865653,179094709,1,9h99w5d,13230,2014-12-12 13,,
141003659,392818147,1,946pw9w,9836,2014-11-22 17,,
71406451,174867832,1,,5503,2014-11-18 04,,
78462766,358242224,2,,1121,2014-12-17 20,,
74232355,93726779,1,,10894,2014-12-02 03,,
97733928,396000097,1,,11279,2014-11-22 21,,
90690816,57492754,1,,5908,2014-12-09 19,,
24690079,228081441,1,,4296,2014-11-22 23,,
37648682,234907054,1,,5395,2014-12-04 20,,
80775941,95448393,1,9476vs5,10661,2014-11-24 16,,
80775941,180432042,1,,5388,2014-11-24 18,,
108039936,205959689,1,94cv7dl,7233,2014-11-22 23,,7233
97181356,263284794,1,95ri7sw,3271,2014-12-14 22,,
69240582,228350476,1,,1385,2014-11-23 08,,
132203237,162531359,1,mtobqdj,10894,2014-12-05 12,,
2502524,119464606,1,ffadr7e,9807,2014-11-28 11,,
27601431,381600215,1,,12863,2014-12-16 19,,
34163245,270316509,1,,2825,2014-12-05 10,,
34166947,201736687,1,,8991,2014-12-09 01,,
71238931,199029486,1,mtobgne,6054,2014-11-29 19,,
103548522,309245869,1,95ggqrb,1963,2014-12-16 21,,1963
108472858,266227018,1,,1518,2014-11-26 11,,
134377639,326693147,3,,3928,2014-12-10 12,,
109410073,401005197,1,mtj0vtr,9423,2014-12-02 07,,
109522508,400649951,1,,3424,2014-11-25 10,,
138387712,159753358,1,,6512,2014-12-15 23,,
116259421,58884025,1,,6054,2014-11-19 05,,
117801453,259935155,1,95lkv1e,3833,2014-11-25 21,,
43592945,57114109,1,9rhhgp5,8365,2014-12-04 10,,
32845489,14376536,1,ffaelor,7549,2014-12-05 20,,
127958351,362514951,1,,6344,2014-12-10 16,,
34194469,353835589,4,96cipik,5027,2014-11-30 17,,
25040950,71077656,3,9qtc1mv,9397,2014-11-24 16,,
5798831,265326454,1,,7311,2014-12-18 18,,7311
133113110,298636481,1,,11652,2014-12-11 10,,
62393322,316563549,1,,12406,2014-12-14 23,,
6101177,295899969,1,,5749,2014-11-22 19,,
75321622,43990183,1,,3783,2014-11-18 21,,
57447913,21076295,1,,7957,2014-11-22 23,,
49841922,138356509,1,,5689,2014-12-04 09,,
112673625,392101092,1,94h6bg5,2825,2014-11-29 23,,
43052420,254607427,1,,9569,2014-11-30 22,,9569
112673625,176848057,1,94h6bn1,5894,2014-12-13 22,,
81037956,120087070,1,99vskw0,12326,2014-12-06 16,,12326
105805037,108963126,1,,3628,2014-12-07 20,,
119638820,240975828,1,,10544,2014-11-22 15,,10544
100644641,319830419,1,,13500,2014-12-14 16,,13500
106672791,198274706,1,97wi22h,7205,2014-12-07 21,,
114054067,291721137,1,,1863,2014-11-30 12,,
83262957,350189646,1,,5271,2014-11-26 19,,
134051339,281712658,1,,13727,2014-12-15 22,,
114054067,319670954,1,,8877,2014-11-24 21,,
115121430,140896245,1,,4651,2014-11-19 09,,
124052343,102454901,1,,8874,2014-12-10 20,,
97595347,311809505,1,,5027,2014-11-29 23,,
103802946,333075197,1,,8907,2014-11-20 21,,
142450275,230595786,1,9r59rh6,552,2014-12-08 20,,
4913,217752112,1,,3431,2014-12-15 22,,
52580712,40187228,1,,8077,2014-12-07 16,,
21973088,388438649,1,,7957,2014-11-24 00,,
21973088,40309810,1,9q1mtd9,6575,2014-12-12 19,,
125912657,10402526,3,,12189,2014-11-30 20,,
30717687,327974438,1,,5027,2014-12-15 21,,
75225256,349003373,1,94m23fh,4605,2014-12-18 09,,
43294769,75121510,1,,2825,2014-12-12 01,,
86674738,13909425,1,9r5db0i,8627,2014-11-18 15,,
75888387,273565443,1,,14079,2014-12-15 22,,
69521301,206114896,1,,10661,2014-12-04 16,,
52660721,393619373,1,9ptppnn,5027,2014-12-16 19,,
118562608,304140922,1,,9278,2014-11-28 13,,
119133751,101024250,1,94jfwbp,3381,2014-12-15 09,,
119133751,307999847,1,,10629,2014-12-13 16,,
19229301,131848304,1,,107,2014-11-24 18,,
96356617,178512610,1,ffadq1b,9541,2014-12-06 11,,
122740147,400558551,1,,10275,2014-12-09 19,,
39420666,287498073,1,94j6tmk,7344,2014-12-15 21,,
39420666,256448363,1,94j6tjb,5027,2014-12-12 08,,
94616722,43960630,1,941u3vq,11178,2014-12-02 22,,
135288694,88534042,3,95f6n1v,1838,2014-11-21 08,,
17458663,355184606,1,9psrm1d,9790,2014-12-11 22,,
112499569,387656549,1,9r75gd6,10507,2014-11-27 13,,
121456686,321466145,1,95qolvi,2907,2014-12-06 23,,
17817432,95329240,1,99qb0wl,8967,2014-11-21 17,,
119389169,249816438,1,943t9ai,5426,2014-12-07 18,,
19463984,115127983,1,,5689,2014-11-26 23,,
122867103,370169227,3,,4438,2014-11-22 22,,
124299878,341686387,1,,5533,2014-12-15 10,,5533
45101614,196571322,1,94ebc5h,6344,2014-12-08 10,,
127089112,52052690,3,,5894,2014-11-30 15,,
57625459,167485257,1,,7350,2014-12-17 18,,7350
23419403,355341465,1,99ckqqm,5894,2014-12-12 11,,
83389532,291208051,1,,7957,2014-11-24 20,,
62042013,6353136,1,,11241,2014-11-27 23,,
43186720,384184994,1,,11279,2014-12-05 17,,
68187441,201186604,1,,3424,2014-12-17 00,,
142051625,383779847,1,,10392,2014-12-04 21,,
31446692,177693094,1,,1863,2014-12-05 23,,
74067634,324939798,1,,6945,2014-11-22 05,,
8354126,323686907,1,,10223,2014-11-26 00,,
113445602,26888131,1,9q0fq0o,5027,2014-12-07 17,,
8354126,91770979,1,,8118,2014-12-10 08,,
69144178,319269751,1,,6000,2014-11-20 21,,
44365875,191301706,1,,6344,2014-12-02 11,,
8354126,244101490,1,,13712,2014-12-07 09,,
65143114,193533774,1,,10533,2014-12-18 21,,
106557109,305447749,1,,2993,2014-12-11 19,,
8354126,351326041,2,,1843,2014-12-11 20,,
106557109,266174176,1,,1843,2014-12-03 19,,
58129501,124456356,1,,3687,2014-12-10 21,,
67514411,38569154,1,9rgp4ac,5446,2014-12-05 13,,5446
124830295,287352195,1,,3673,2014-12-05 01,,
56708793,260135613,1,,8877,2014-11-26 12,,
123237592,243859779,1,94n2kqg,13230,2014-11-23 10,,
124546232,103187119,1,,9179,2014-12-08 15,,
76784040,6450215,1,9te05ei,12488,2014-12-14 22,,
30839253,399374873,1,,5399,2014-11-27 02,,
114368942,127418574,1,,3381,2014-12-12 12,,
134636593,135535556,1,,1230,2014-11-22 04,,
4361577,281077109,1,95b02d1,9179,2014-11-18 12,,
4361577,130668065,1,,9179,2014-11-19 15,,
125482009,119842658,1,,9247,2014-12-07 17,,
41228489,270147559,1,94jc7dw,8291,2014-12-17 21,,
129046432,351217461,1,,8877,2014-11-29 14,,
89736791,152660369,3,,11279,2014-12-04 14,,
100288957,85008838,1,9r2skt0,8665,2014-12-18 19,,
129809988,396752222,1,,1838,2014-12-07 23,,
129809988,224023707,1,9q9g00d,11552,2014-11-21 17,,
36724667,139670657,1,,6513,2014-12-03 23,,
109226434,279818589,1,,5894,2014-11-21 14,,
121058789,21973957,1,95unm2g,4221,2014-12-17 19,,
139795059,150530594,1,,7549,2014-12-14 17,,
133933227,367113600,1,96pnsb9,8986,2014-12-10 22,,
2952532,31346889,1,,6689,2014-12-06 11,,
2952532,11068518,1,,12326,2014-11-23 09,,12326
21202467,293020798,1,96kajpv,5027,2014-11-21 15,,
38869693,260874438,1,,11623,2014-12-06 22,,
75057559,398105124,1,96744c2,94,2014-12-09 11,,94
123257150,369618742,1,95b4jgn,11279,2014-12-07 16,,
58134314,325295913,1,956micv,5395,2014-11-26 23,,
103728744,299603241,1,95llrb4,2513,2014-12-06 22,,
58134314,61662920,1,,2304,2014-12-02 02,,
12866931,31978130,1,,508,2014-12-03 18,,
9500401,100762099,1,,5894,2014-12-03 17,,
109928088,45162566,1,,6255,2014-11-30 07,,
9500401,164312039,1,,5062,2014-12-01 16,,
106815559,216491821,1,,5444,2014-11-23 14,,
41705089,18328548,1,,6121,2014-11-26 23,,
139003263,249380278,1,,1863,2014-12-09 09,,
85822276,291485792,1,,1441,2014-12-10 22,,
107583783,286993749,1,94ebufl,5017,2014-11-26 11,,
96892957,77311126,1,,13547,2014-11-22 15,,13547
110976685,223438101,1,99c1acu,2825,2014-12-14 23,,
79558429,396220090,1,,6717,2014-12-05 06,,
116751277,30082470,1,,8792,2014-11-29 10,,8792
100014060,90830280,1,96uwsdg,1843,2014-12-02 18,,
103504610,361072256,1,,3099,2014-12-01 02,,
81584249,244259673,1,947trp7,13713,2014-12-05 16,,
123157899,110891800,1,95of570,10567,2014-12-16 21,,
115834991,289820505,1,,13230,2014-12-03 09,,
3714513,227063091,1,,1863,2014-11-21 15,,
5307517,332210960,1,,8650,2014-12-13 13,,
74534491,381542347,1,,6819,2014-11-18 05,,
126485355,54381406,1,,10519,2014-11-19 08,,
116049086,19365818,2,94vgqk1,5027,2014-11-26 08,,
100757305,121346809,1,96kbidc,1863,2014-12-15 09,,
55694827,50269959,1,,3673,2014-12-06 21,,
15924838,239027913,1,9rgbi47,6513,2014-12-04 17,,
58391417,137127240,1,99chu1r,11537,2014-11-27 20,,
88623283,378591184,1,96kakvv,5376,2014-12-07 13,,
4338344,154752045,1,,2513,2014-11-23 17,,
2720721,90529944,1,,13230,2014-11-25 15,,
93970634,64572445,1,,6513,2014-12-11 13,,
9180621,124929963,4,,3628,2014-12-04 12,,
90690816,196680337,1,,10392,2014-12-02 02,,
95244708,66000796,1,94mn2hl,4190,2014-11-26 17,,
77072530,84907912,1,94b63i7,12067,2014-12-07 07,,12067
112976136,73117374,1,,11178,2014-12-03 20,,
92130636,68237981,1,955l2ej,989,2014-12-01 14,,
29197258,240164168,1,,5395,2014-11-24 20,,
36953591,169491189,1,,5395,2014-11-30 12,,
100279459,347001356,1,,4640,2014-12-12 17,,
128878698,173123671,1,,12982,2014-12-11 11,,
106281403,276636269,1,,1838,2014-12-12 00,,
129583911,230248460,1,,11623,2014-12-10 06,,
111850848,10414428,1,,5232,2014-11-23 10,,
55588418,12375329,1,,4830,2014-12-15 22,,4830
39430343,88862179,1,9r7lsom,11623,2014-12-16 08,,
125083491,254258435,1,94l5ot7,5894,2014-11-24 11,,
142120051,207642056,1,9q92dnp,9517,2014-12-16 09,,
138735272,189958461,1,,5689,2014-12-14 12,,
54658244,99422563,1,,5027,2014-12-05 19,,
54658244,319437652,1,,5027,2014-12-01 20,,
16906970,155645727,1,,6226,2014-12-03 20,,
100637858,343794140,1,,5894,2014-11-23 02,,
25406015,397084146,1,,9247,2014-12-07 19,,
48327589,196427316,1,,3397,2014-11-18 15,,3397
807106,2445821,1,,1838,2014-12-10 00,,
100024529,223429976,1,,5653,2014-11-18 07,,
104859881,173443995,1,ffadr2d,5027,2014-12-18 13,,
110883373,177221577,1,99nfstp,14079,2014-11-30 17,,
35644209,183005554,1,9422to6,2284,2014-12-05 18,,2284
56205838,254181645,2,,13230,2014-12-07 22,,
54598175,90744179,1,95roh6b,10507,2014-12-11 17,,
123035338,378441678,1,,5473,2014-12-03 22,,
132564529,327335208,1,94orttj,5232,2014-12-18 18,,
84340253,7948307,1,99aaslf,2261,2014-11-26 14,,
72651215,383602489,1,,6327,2014-11-18 22,,
135802457,169496757,1,,3662,2014-11-27 10,,
89384841,205948806,1,,198,2014-11-26 05,,198
30397332,24042460,3,955lnes,7995,2014-12-07 21,,7995
9290733,303786527,1,,5232,2014-12-05 20,,
130270245,37520033,2,,2637,2014-12-14 01,,
4053567,327174201,1,94dg9o1,2883,2014-11-19 11,,
55832398,40975137,1,99sc9w6,5492,2014-11-21 09,,
44479518,194829320,1,,4333,2014-12-07 16,,
102974755,137661682,1,9rg101h,2883,2014-12-17 09,,
37671999,102969825,1,95qu604,11622,2014-12-06 20,,
82738686,350257197,1,95q4of0,1121,2014-11-22 23,,
2686606,339566865,1,,5894,2014-12-12 01,,
34148166,199820794,1,,13905,2014-12-05 17,,
53416987,121010700,3,,8867,2014-12-16 21,,
65327449,24099993,1,,12230,2014-12-13 11,,
109597580,86839372,1,,3381,2014-11-25 21,,
4744483,331406227,1,,3381,2014-12-12 21,,
124210329,217954817,1,,9517,2014-12-10 01,,
124210329,72280882,1,,5503,2014-12-10 00,,
63625417,392763245,2,,5027,2014-11-21 11,,
92706593,296415636,1,,6344,2014-11-18 23,,
63625417,32402977,1,,3783,2014-11-30 13,,
65484241,165200117,1,,492,2014-11-21 14,,
97972413,227973698,1,,2825,2014-11-28 23,,
29420856,228754898,1,,13041,2014-11-27 23,,
68288874,41628579,1,95f13vb,288,2014-12-16 09,,
29420856,31636377,1,,292,2014-12-03 21,,
3466367,273118637,1,,3431,2014-11-25 03,,
85178050,342605480,1,,9205,2014-11-29 08,,9205
99433181,214896489,1,,8024,2014-12-05 11,,
99433181,137337237,1,,3631,2014-12-04 23,,
38839327,239350839,1,,10961,2014-12-01 18,,
27626311,359304524,1,,10523,2014-11-25 00,,
27626311,391526578,1,,1863,2014-11-26 14,,
139808909,184331830,1,,11552,2014-12-07 17,,
62603444,217475128,1,,3056,2014-11-25 19,,
52957351,305547189,1,94deje9,8874,2014-12-02 13,,
26562102,5725330,1,,9516,2014-12-12 00,,
124866567,34008089,1,,11837,2014-11-25 02,,
124866567,283001405,1,,12973,2014-12-07 23,,
70913065,250126298,1,,6754,2014-11-23 19,,
69953834,154914787,1,94eb0v3,2184,2014-12-17 16,,
4903043,340499717,1,97rc06t,8099,2014-12-04 17,,8099
69696698,39812450,1,,989,2014-11-24 18,,
91540968,323371209,1,94qbfiu,6513,2014-11-18 16,,
17785864,90193510,1,9q06vf3,4370,2014-11-24 20,,
88865653,230492261,1,,6513,2014-12-02 23,,
85532545,349294745,2,,1121,2014-12-02 22,,
90924422,214693199,3,,9517,2014-11-30 18,,
85532545,237756385,1,962cr27,13230,2014-12-12 20,,
140483725,91712291,1,9hq3m2f,3064,2014-11-27 12,,3064
139904361,83393681,1,97ul0n5,3381,2014-11-19 19,,
140777465,30192677,1,,10460,2014-11-21 20,,10460
139725346,239215586,1,,12067,2014-12-08 20,,12067
87901815,290329362,1,,12740,2014-11-18 21,,
20903813,400220868,1,,3064,2014-12-15 10,,3064
93897008,106815607,1,,4264,2014-11-28 14,,
20903813,238518029,1,946j5hv,4153,2014-12-17 21,,
20903813,87022597,1,,8095,2014-11-20 11,,
139725346,60781431,1,99ac7wj,7767,2014-11-30 20,,
93080101,212320824,4,,1421,2014-12-07 22,,
134118557,220220207,1,,14033,2014-12-13 22,,
20560924,352288334,1,94lroce,10894,2014-12-07 22,,
81497537,162609236,1,,3628,2014-12-13 10,,
93080101,132361802,1,,13038,2014-12-01 11,,
35465102,219583011,1,94refno,2284,2014-12-08 20,,2284
21363716,162968519,1,,5894,2014-12-14 22,,
42031986,93605597,1,942ib51,10271,2014-12-12 21,,
3512329,151246491,1,95qpvp0,13230,2014-12-06 15,,
125411948,255806380,1,,9784,2014-12-02 23,,
45253676,102284281,1,,12506,2014-11-28 16,,
45253676,278450380,1,,8343,2014-11-30 14,,
61644490,264071670,1,,5027,2014-12-12 10,,
42227520,208909333,1,94cp4mf,7167,2014-12-17 18,,
44580650,87762164,1,,1483,2014-12-03 15,,1483
57015662,176752948,1,96ci9vu,5232,2014-12-11 19,,
48059114,277472501,1,,8179,2014-12-18 19,,8179
107034437,173298165,1,954aeqe,10072,2014-12-12 22,,
52559406,301830893,1,,1863,2014-12-15 07,,
52559406,26495522,1,,10283,2014-11-18 20,,
109859583,381050203,1,,4676,2014-12-17 20,,
69174349,6324339,1,mtlivo7,6327,2014-11-30 21,,
11879849,108098068,1,950puf6,5271,2014-12-16 16,,
39108941,74821682,1,94rosqr,1488,2014-12-06 22,,
134866422,81276135,1,9q0uw64,8810,2014-12-10 17,,
11805206,125111363,1,955m1fg,7440,2014-11-25 09,,
53672814,333707978,1,,10740,2014-12-01 12,,
136425962,96709454,1,,12855,2014-12-04 11,,
136425962,214862090,1,94bhiwa,4370,2014-11-30 23,,
122388121,216885398,1,95kf17o,5399,2014-12-04 22,,
79587494,365300323,1,,2825,2014-12-18 23,,
135582975,398501334,3,,1183,2014-12-11 13,,
91877964,283664083,1,,89,2014-11-23 11,,
1944583,307629749,1,,11406,2014-11-21 12,,11406
135402088,378513082,1,,13599,2014-11-22 01,,
29611751,53089514,1,,94,2014-11-24 00,,94
130743379,395336152,1,,10037,2014-11-23 10,,
58089074,178720510,1,9567v45,4213,2014-12-16 16,,
66688297,59807774,1,970ure5,1863,2014-12-15 10,,
18375692,47771682,1,,6648,2014-12-17 10,,6648
71208218,391496357,1,,8877,2014-12-17 14,,
22555846,354939792,1,,11497,2014-12-03 06,,11497
22555846,187087092,1,95rwaov,9516,2014-12-12 10,,
7144740,60895714,2,94n73hr,5399,2014-11-23 20,,
7144740,215987916,1,94n73rt,5232,2014-11-29 14,,
71446393,132135961,1,,1863,2014-12-18 09,,
7144740,298793923,1,94n7373,14079,2014-11-18 20,,
131283302,146702481,1,9r56127,5503,2014-12-11 21,,
30955749,105164289,1,,1863,2014-11-24 02,,
45743550,163864539,1,99chvar,12584,2014-12-11 12,,
72638271,316878213,1,96slp5m,3783,2014-12-12 07,,
13555997,373023553,1,94h2hms,10894,2014-12-15 21,,
137905112,267957288,1,,3747,2014-12-04 19,,
137905112,397349362,1,99ct73b,5027,2014-11-30 23,,
3566914,357608288,3,9qo74we,3064,2014-12-11 20,,3064
49542384,139675236,1,,5271,2014-12-07 12,,
73065478,312955009,1,,5027,2014-12-10 10,,
49542384,68630986,1,,5894,2014-12-05 15,,
29699014,336293013,1,,4269,2014-11-29 22,,
62068426,129339954,1,,4111,2014-12-14 00,,
95607772,338737356,1,95jqveg,3783,2014-12-08 22,,
95607772,278221187,1,95jqvob,5399,2014-12-05 14,,
10982501,132803781,1,,1304,2014-12-12 21,,
74314315,66936349,1,,5027,2014-12-12 00,,
20472131,235302788,1,,13230,2014-12-12 17,,
74314315,195536572,1,,6717,2014-11-24 16,,
20754693,10269338,1,,10392,2014-11-28 10,,
17979588,178962991,1,,12067,2014-11-24 11,,12067
62571710,219614719,1,,8771,2014-12-15 03,,
104003037,35540165,1,956i1v0,11279,2014-11-30 12,,
50010860,143489493,1,,3827,2014-12-08 09,,
50197899,224624950,1,,5867,2014-12-05 12,,
73138544,25956087,1,,2993,2014-11-25 21,,
109048285,104022168,1,95fwgau,13712,2014-12-12 19,,
85308332,396436028,1,,6000,2014-12-06 17,,
74750292,258820782,1,,5444,2014-12-07 23,,
109927373,142122560,1,,7708,2014-12-04 10,,
56245076,306102997,1,,9247,2014-12-12 12,,
35699755,179546476,1,94hbqq2,10275,2014-12-08 13,,
42982005,133114100,1,946i0gu,11625,2014-12-16 10,,
81471953,285257949,1,946k5ow,9881,2014-12-10 22,,
11415302,118346121,1,,9552,2014-12-02 01,,
101435898,263901888,1,,5399,2014-11-28 00,,
39690010,14934246,1,,10686,2014-12-18 10,,
80125653,325976971,1,94llwa4,5273,2014-12-12 18,,5273
82056066,358399560,1,,3381,2014-12-15 23,,
108750800,152963640,1,95c1f3e,11279,2014-12-11 16,,
82056066,251831158,1,,10629,2014-12-02 21,,
16623516,183063703,1,9552lrt,11475,2014-12-08 18,,
135488940,81196540,1,,8661,2014-12-03 23,,8661
21035609,318980189,1,49u2rr2,5232,2014-11-21 16,,
132048401,288856525,1,,3628,2014-11-26 12,,
1053725,341849097,1,,11549,2014-12-05 19,,11549
117026591,83103207,1,955o9d9,13230,2014-12-09 22,,
135454126,359101769,1,,12685,2014-12-11 19,,
3607854,216811636,1,95fkrkj,10049,2014-12-11 14,,
51778843,170021444,1,,13284,2014-12-17 01,,13284
3578206,332376528,1,96gcg07,12388,2014-12-02 17,,
141976720,218833344,1,951kapm,12805,2014-12-03 22,,
77500052,339826485,1,,9517,2014-12-02 12,,
7295557,328853308,1,,4296,2014-11-30 18,,
141976720,83964667,1,951kapw,11241,2014-12-03 23,,
3578206,249237888,1,,9205,2014-12-01 07,,9205
3578206,287113221,1,,13615,2014-12-08 23,,
7956207,138167057,1,,8986,2014-12-10 06,,
100326985,226222386,1,,437,2014-11-19 20,,
8213864,220928926,1,,4370,2014-12-13 09,,
497764,211878827,1,,11279,2014-11-26 11,,
89403474,162544657,1,,11406,2014-12-14 00,,11406
89428650,273771407,1,,5027,2014-12-03 10,,
89428650,299842187,1,,3099,2014-11-18 06,,
44140222,236371863,1,94g0fcs,1797,2014-12-08 11,,
114352631,271193790,1,95q3b1w,5027,2014-11-24 12,,
97331850,130419937,1,9hqds32,6000,2014-12-13 21,,
11551181,59967586,1,,4898,2014-12-15 22,,
105105740,363269595,1,95699u2,769,2014-12-10 23,,
79505279,382426260,4,,281,2014-12-05 20,,
124303059,78243394,3,,14079,2014-11-18 22,,
105105740,204650055,1,95699t3,4625,2014-12-09 20,,
13110515,197189187,1,,10242,2014-11-25 22,,
13110515,243200846,1,,8901,2014-11-26 17,,
108829095,139299761,1,,13230,2014-11-20 20,,
129516472,301514235,1,,9053,2014-12-01 14,,
108829095,169487798,1,,5271,2014-12-16 16,,
137484826,143518566,1,,7344,2014-11-25 20,,
54423533,381046555,1,95up635,3483,2014-11-29 15,,3483
61269594,186240925,1,,5894,2014-12-08 16,,
46661935,132220568,1,9rdmah5,5232,2014-11-24 21,,
136649602,98503095,1,,3673,2014-11-22 21,,
46661935,5378605,1,9rdmans,4889,2014-12-09 18,,
133888509,398261389,1,,9835,2014-11-18 19,,
22901182,10413181,1,,11731,2014-11-30 02,,
52577851,238181198,1,,5894,2014-11-18 17,,
86756157,100932947,1,94rls9e,3381,2014-11-20 17,,
136374136,345531887,1,,5027,2014-12-12 10,,
50673557,67873526,1,,2513,2014-12-08 11,,
87603845,56998304,1,,10984,2014-12-08 13,,
25871996,323678940,1,,5468,2014-11-30 10,,
9371856,22141485,1,97u60ud,12172,2014-12-02 13,,
46914246,210159997,1,,1838,2014-11-30 13,,
82649107,320175200,1,95o3wm3,6513,2014-12-07 09,,
51053646,345683637,1,,9517,2014-12-05 09,,
48836510,251050538,1,,2825,2014-12-15 03,,
67028419,378417538,2,,7195,2014-11-21 22,,
73424303,244980477,1,,10894,2014-12-06 00,,
91731364,136867233,1,,11279,2014-12-18 18,,
131702468,176916449,1,,11757,2014-11-23 15,,
136576184,303591955,1,,4676,2014-11-28 22,,
91731364,143196801,1,,9276,2014-12-18 22,,
65645933,150847946,1,9t4q6i5,5894,2014-11-27 22,,
91731364,153522562,1,94j7mlb,5689,2014-12-17 23,,
65645933,121839619,1,,6648,2014-11-19 04,,6648
1074982,168856516,1,,6000,2014-12-14 11,,
138337202,348720886,1,,13041,2014-12-03 17,,
90331505,298980734,1,96kcvba,2490,2014-12-12 15,,
99775965,382109828,1,96k246k,5027,2014-12-07 20,,
99775965,186486240,1,,6344,2014-12-10 13,,
55749305,6080860,1,9rfiuji,9516,2014-12-07 12,,
2319819,251274673,1,,292,2014-12-17 22,,
65504626,371476458,1,,6825,2014-12-11 10,,
101061002,305871693,4,9rwj9pn,7928,2014-12-10 13,,
26123580,51356439,1,99chvbb,5494,2014-12-16 20,,
104569658,176179777,1,99chhet,5271,2014-12-03 17,,
91730194,2406177,1,9rf4nqo,874,2014-12-09 14,,
105591337,150025246,4,,9280,2014-12-07 06,,
106645011,5274083,1,,460,2014-12-12 13,,
113990647,259913300,1,,5127,2014-12-05 22,,
98756772,180035699,1,94ecvfp,3275,2014-12-14 11,,
97427779,75552110,1,,13041,2014-12-05 17,,
119783832,397347685,1,,12135,2014-11-20 09,,
1211225,272258962,1,9623nq9,8877,2014-12-06 15,,
140723279,234508383,1,,3656,2014-11-26 11,,
106320112,156937246,1,,6512,2014-11-30 21,,
106320112,93010414,1,,5503,2014-11-23 22,,
81322348,53406673,1,,5232,2014-11-28 17,,
15957740,190970169,1,,3783,2014-12-03 10,,
81633439,346131550,1,,5232,2014-12-10 13,,
83600056,34668556,1,96hwo9f,10392,2014-11-25 08,,
81611585,369017281,1,97lbusw,4370,2014-12-10 16,,
108070698,326974684,1,,3381,2014-11-19 00,,
12055347,359225933,3,,3945,2014-12-07 12,,
138977388,138322440,1,,5653,2014-11-24 23,,
122231680,95217591,1,,5399,2014-12-18 09,,
127168253,93949110,1,95q0wuu,9397,2014-12-03 21,,
137996912,133915808,1,,10314,2014-12-12 01,,
22509276,298421296,1,,12090,2014-11-28 10,,12090
112044266,327429721,1,,10049,2014-12-02 01,,
23316310,330790310,1,94i0e1l,2825,2014-12-15 07,,
103962421,355249678,1,,10901,2014-11-24 15,,
103962421,109319009,1,,5399,2014-12-05 20,,
69654504,119001117,1,95592ra,6000,2014-12-03 20,,
131538712,226803916,1,,5027,2014-11-29 20,,
140951912,42316508,1,,11279,2014-12-01 23,,
44059193,199155491,1,,8291,2014-11-18 17,,
72928045,107576396,1,94hkn4a,9516,2014-12-02 13,,
59660896,206247649,1,,3628,2014-12-05 19,,
5942869,382038905,1,,6513,2014-11-27 23,,
24062806,100082614,3,,5027,2014-12-07 01,,
76253881,305390623,1,,11909,2014-11-29 20,,
132540273,196708285,1,,292,2014-11-20 05,,
132540273,368981495,1,,939,2014-12-04 05,,
67849399,104459733,1,,10894,2014-12-14 13,,
42723928,49292791,1,,3628,2014-12-05 11,,
132210450,313790998,1,951cubj,6531,2014-11-30 13,,
45649071,288451409,1,ffbu6vu,814,2014-12-12 19,,
45649071,117843968,1,ffbu60l,2261,2014-12-09 17,,
45649071,296634624,1,ffbu6uv,12368,2014-12-11 22,,
104016986,5935759,1,,11279,2014-11-19 21,,
475826,210238833,1,,4370,2014-11-18 14,,
53027024,254361495,1,,13230,2014-11-22 16,,
119879079,217148128,1,,2825,2014-11-29 18,,
83424956,389606380,3,,8877,2014-11-30 08,,
71251121,164439299,1,,5027,2014-12-07 19,,
92600747,130823388,1,,4370,2014-12-14 16,,
93842000,192941897,1,,1863,2014-12-09 08,,
78480196,212833914,1,,10392,2014-12-01 13,,
133665536,86004839,1,,5232,2014-12-17 12,,
133665536,354826932,1,,1863,2014-11-19 21,,
79253885,377358683,1,97v02cb,1080,2014-11-21 08,,
100871846,42375585,1,,4370,2014-12-04 10,,
140452690,324464091,1,,6576,2014-12-11 13,,
140452690,391662262,1,955kju7,11821,2014-11-20 18,,
68516560,215538367,1,,11824,2014-12-18 09,,
123227202,110459939,1,,4190,2014-12-18 13,,
41831177,333421205,1,,2525,2014-11-30 17,,
83813302,56024957,1,,2825,2014-12-09 21,,
83813302,86342245,1,95ov3bo,6344,2014-11-24 15,,
77443046,96750903,1,,11406,2014-12-18 10,,11406
16066732,3989965,1,95qq559,437,2014-12-11 09,,
56830095,252969739,1,,8561,2014-12-02 21,,8561
101781721,391770377,1,9rgt177,10431,2014-12-14 20,,10431
16066732,86198181,1,95qqqsd,5550,2014-12-04 07,,
37275754,295365818,1,tmp6has,10412,2014-12-06 15,,10412
83813302,41304999,1,,5232,2014-11-29 09,,
20201571,187345592,1,9623k4w,6000,2014-12-06 09,,
27508149,243858394,1,,3472,2014-12-11 21,,
124926433,330287140,1,,4296,2014-12-15 20,,
59413510,238164646,1,,12328,2014-11-22 22,,
34215574,116108718,1,,11623,2014-11-21 10,,
79807626,166579484,1,,10753,2014-11-21 01,,
85515812,335515937,1,943w4i1,11140,2014-11-26 21,,
85515812,185698839,1,943w9co,8849,2014-12-16 19,,
40557275,198790549,1,,7549,2014-11-18 03,,
43399261,277907318,1,mtobg17,11623,2014-12-06 13,,
43399261,287919517,1,,436,2014-11-26 14,,
104221274,76254781,1,,11552,2014-12-10 19,,
116746209,272668380,1,,13823,2014-11-21 16,,
111173414,302196090,1,,12855,2014-12-06 21,,
58581609,127475342,1,,12982,2014-12-14 19,,
10045419,198523522,1,9qtc1m6,4721,2014-11-20 21,,
125547509,250736523,1,,6054,2014-11-27 04,,
117694161,320909567,1,94cv7md,8291,2014-12-10 19,,
57105532,105868170,1,,5399,2014-11-18 22,,
132231447,231868901,1,,5438,2014-12-17 19,,
57105532,302470545,1,95kf21w,5894,2014-11-29 20,,
114926003,250013544,1,,7079,2014-12-12 04,,
142306361,265833811,1,9rdmnsu,3424,2014-12-18 21,,
132231447,279047626,1,,9155,2014-12-15 09,,9155
120433755,141704611,1,,8291,2014-12-07 01,,
122338823,178822013,1,,1083,2014-11-25 21,,
131851410,59262917,1,,3852,2014-12-12 22,,
122338823,156646283,1,,5503,2014-11-22 13,,
43468469,209256132,1,,2825,2014-12-08 22,,
5860001,71542471,1,94w6n5w,5395,2014-12-07 13,,
18292376,31383096,1,,3628,2014-11-26 19,,
98367095,743506,1,9rhhg4w,5399,2014-12-09 18,,
37652869,378601742,1,,13230,2014-12-18 01,,
137175187,309574512,1,94dejb2,3424,2014-11-19 12,,
120443445,352879179,1,,5027,2014-12-05 22,,
137175187,306532759,1,,5027,2014-11-26 19,,
35096341,359693775,1,9rnekma,2551,2014-11-23 16,,
15511710,258351172,3,9623ip6,7712,2014-12-14 09,,
46133505,23687127,1,94gwrnk,3472,2014-12-16 09,,
137175187,126023334,1,,13230,2014-11-21 02,,
97553714,228612902,1,94maw5w,13500,2014-12-03 20,,13500
122036580,353484887,1,,7467,2014-12-10 00,,7467
65388018,96209135,1,,12100,2014-12-08 08,,
21875488,129859270,1,99vs7qp,2513,2014-12-10 21,,
119257966,193463146,1,,4676,2014-11-30 21,,
108945253,246475438,1,,12304,2014-12-13 16,,12304
134806923,375308514,1,,874,2014-12-11 14,,
27803245,358169591,1,94e0dlb,12406,2014-12-17 20,,
28897086,301843904,1,,8877,2014-12-12 01,,
140158728,393015137,1,94g0fie,6521,2014-12-17 15,,
107391538,238589603,1,,3064,2014-12-03 22,,3064
22560823,127004551,1,,939,2014-11-22 06,,
23165095,13310571,1,,12855,2014-12-04 20,,
101305944,333165429,1,,3424,2014-12-11 02,,
55101915,142749109,1,,1674,2014-11-18 16,,
59564210,62540328,1,,2825,2014-11-28 19,,
79788089,69759053,1,95qqthd,5894,2014-11-18 16,,
61336461,143835756,1,,552,2014-12-13 00,,
82936710,56153990,1,,10984,2014-12-14 15,,
61506078,371848242,1,,1863,2014-12-10 12,,
109939909,337581508,1,,11270,2014-12-08 23,,
37923588,195082189,1,,9517,2014-11-21 21,,
107954360,81019360,1,,7955,2014-11-29 11,,
116867259,21087215,1,,8583,2014-11-27 00,,
2227874,33859591,1,99nfave,7344,2014-11-28 20,,
69687230,6386554,1,,6267,2014-12-12 06,,
69687230,356817154,1,94v6mwa,7440,2014-12-15 11,,
69687230,207419286,1,95ququ0,5399,2014-12-10 07,,
93745270,287999357,1,95quw6k,13092,2014-12-11 22,,
85447850,382318965,1,,1863,2014-11-25 19,,
101437780,140373562,1,,6513,2014-11-30 21,,
66274733,78713207,1,,5480,2014-11-30 03,,5480
105181025,30323173,1,9702irg,9598,2014-12-16 21,,
120305341,11877777,1,9r7wgsc,3960,2014-12-04 14,,3960
64310783,263009788,1,955ma2e,5027,2014-12-14 17,,
79603335,382660773,1,96e1suc,3660,2014-11-22 20,,3660
22076896,218270868,1,,10894,2014-12-08 14,,
72820368,400005019,1,,12569,2014-11-25 12,,
56649801,76500863,1,,6888,2014-11-19 05,,
132061340,56981774,1,9r7kvrb,7708,2014-12-15 23,,
139220719,378625660,1,,5894,2014-12-02 21,,
100929958,330333506,1,,3979,2014-11-22 13,,
15758254,212566889,1,,11965,2014-12-13 09,,
58992390,47259952,1,96n3j5b,13003,2014-12-11 20,,
100929958,57804359,1,,2825,2014-11-23 19,,
100929958,310630324,1,,5084,2014-12-06 20,,
63583265,68109028,1,,7413,2014-12-12 00,,
33984927,32887313,1,,8765,2014-11-25 22,,
129878874,59236254,1,,13754,2014-11-22 14,,
118152898,265450742,1,9rf5n7d,8291,2014-12-17 23,,
93791234,401669021,1,,446,2014-11-30 08,,
60159990,171674027,1,,7876,2014-11-19 22,,7876
43284343,202902112,1,,13230,2014-12-11 21,,
84556930,34583231,1,,4127,2014-12-16 17,,
134580497,220652636,1,,12147,2014-12-15 00,,
60366651,193933401,1,974svpt,10242,2014-12-10 16,,
83851924,395113929,1,,10271,2014-11-21 23,,
81506172,297095971,1,,5027,2014-11-19 00,,
22005280,97020208,1,,5468,2014-12-08 18,,
56053530,125258339,1,,10894,2014-12-01 11,,
32059002,167710020,1,,3275,2014-12-14 00,,
33829137,277352682,1,,6513,2014-11-21 10,,
56053530,163310544,1,,446,2014-11-22 19,,
93232203,368796358,1,956mjop,5273,2014-12-02 18,,5273
28564144,76787528,1,946cwln,13230,2014-12-05 18,,
110844468,286999803,1,9r7jofb,11406,2014-11-19 19,,11406
118545642,119449524,1,,1488,2014-12-14 07,,
56879645,87341976,1,,1863,2014-11-19 22,,
141127578,133126689,1,,1867,2014-11-25 00,,
141127578,1646660,1,946jbbe,7767,2014-12-16 19,,
4261260,98512673,1,95lkhco,3252,2014-12-15 21,,
57386575,196019005,1,,2825,2014-11-28 11,,
117301497,206513079,1,,10599,2014-11-22 11,,
70815622,24206734,1,9h45bj0,5388,2014-12-06 22,,
77524894,198584194,1,,5271,2014-11-25 21,,
122372539,99890217,1,,6744,2014-11-27 18,,
86581662,72181559,1,ffaekof,8874,2014-12-03 21,,
4742459,53859474,1,,6344,2014-12-06 16,,
86010915,263090863,1,,9517,2014-12-10 14,,
49429733,392536589,1,,3064,2014-11-22 06,,3064
227293,376081483,1,979k5pk,1421,2014-12-14 21,,
92928708,204866821,1,950ot2t,10894,2014-12-17 23,,
54214799,24693183,1,,7712,2014-11-19 21,,
66150030,326386830,1,,9618,2014-12-08 11,,9618
11361547,214814503,1,94j702c,5894,2014-11-29 09,,
51926941,284984052,1,9qkg77w,3544,2014-12-06 18,,
58778870,258368911,1,956ruw7,5533,2014-12-13 21,,5533
82245480,185332223,1,9qw91to,13932,2014-12-06 13,,
5694160,288768561,1,,6344,2014-11-19 09,,
72753099,382549345,1,,8,2014-11-22 13,,
113830171,385466119,1,,150,2014-12-15 23,,150
12283105,374007124,1,,6344,2014-12-17 22,,
125253109,98650032,1,95w3oll,5232,2014-11-22 15,,
125253109,286963302,1,95w3ohu,6000,2014-12-03 20,,
89083541,47144879,1,9qq34j4,3064,2014-12-07 19,,3064
92454730,275118760,3,947bmg0,7876,2014-12-04 23,,7876
138301582,148046297,1,,5232,2014-12-13 16,,
123446005,105649271,1,9rg1mt6,5376,2014-11-21 21,,
70240139,214506727,1,,12388,2014-12-06 19,,
118051628,20494282,1,,5894,2014-12-04 16,,
139462332,289517657,1,,7957,2014-12-13 20,,
19581999,312566994,1,,5480,2014-11-20 16,,5480
126270267,28152967,1,,11882,2014-12-07 00,,
23591123,381835510,2,,6054,2014-11-25 12,,
33770972,385740986,1,,5027,2014-12-16 16,,
33424560,383580451,1,,6513,2014-12-06 00,,
3442818,235834592,1,951p2tb,11824,2014-12-12 15,,
96254870,74851809,1,99ckrok,6513,2014-12-11 22,,
36703106,223878500,1,mtj6jbm,2825,2014-12-03 23,,
56373208,175469404,1,97uvlkk,5752,2014-11-19 13,,5752
92973030,390129042,1,,6344,2014-11-30 13,,
60686963,351000320,1,,13065,2014-12-13 10,,
48793683,84097352,1,,7708,2014-12-16 20,,
95221400,381116289,1,,8874,2014-12-12 06,,
11197151,178517476,4,,11324,2014-12-08 17,,
55605483,30484709,1,9564t4t,5399,2014-12-12 17,,
41938273,237214840,1,,740,2014-12-17 09,,
5236221,19347201,1,,2899,2014-12-02 19,,
92280073,379849165,1,,5232,2014-11-19 20,,
53245132,73490159,1,,1159,2014-12-08 08,,
62090894,42744513,1,,1863,2014-12-13 11,,
49844654,62903348,1,,13338,2014-12-12 22,,
50553250,188181105,1,,9517,2014-11-30 21,,
110423160,143149727,1,,6648,2014-11-29 21,,6648
20116814,377785520,1,,4704,2014-12-09 03,,
135665686,10974741,1,,2825,2014-12-08 21,,
87895521,244314737,1,,4370,2014-12-07 20,,
14947982,194767114,1,,5395,2014-11-19 21,,
88916048,232184737,1,,11652,2014-12-16 19,,
80954170,187005413,1,99ctj43,7079,2014-12-14 23,,
80954170,254222100,1,99ctj91,11652,2014-12-18 18,,
10630192,175930766,1,,5689,2014-12-16 01,,
122030046,395442073,1,,8650,2014-11-19 00,,
46728090,196998818,1,95qudfr,4329,2014-12-09 21,,
4839533,258639859,1,,1863,2014-11-20 13,,
13213333,101182254,1,9rdmtlp,1083,2014-12-10 23,,
133425852,219642947,1,,9247,2014-12-02 14,,
133425852,67862291,1,,6513,2014-11-21 14,,
98440358,299214311,1,,3673,2014-12-10 09,,
113619626,378298956,1,,3798,2014-11-20 15,,
121952115,387911330,1,,6000,2014-12-17 08,,
71369964,142736706,1,,1863,2014-12-04 14,,
78074373,91603854,1,95r20wo,10135,2014-12-11 20,,
70212546,144682794,4,,11643,2014-11-29 10,,
71142425,51614416,1,969vw5i,4273,2014-12-05 23,,
84892889,288639385,1,94l4adi,5399,2014-11-30 22,,
117902605,154814612,1,,6054,2014-11-19 20,,
70876649,146363380,1,,1083,2014-11-21 12,,
70876649,275681666,1,,3783,2014-12-14 21,,
70876649,34396506,1,,3662,2014-12-02 10,,
39526193,403383301,1,,5002,2014-12-10 03,,5002
87509181,155824595,1,96kae6v,13230,2014-12-13 23,,
80775941,58318063,1,9476vs2,989,2014-12-17 09,,
80775941,164964020,1,,11904,2014-11-24 20,,
138590516,390697795,1,954f03q,5399,2014-12-13 12,,
139435539,128323511,1,,9199,2014-11-18 22,,
85053285,280954629,1,,8254,2014-12-07 01,,8254
139435539,309518301,1,,3628,2014-11-23 13,,
74920552,104671574,1,ff22tgd,2513,2014-12-01 15,,
41324527,14781148,1,94hknre,10431,2014-12-02 16,,10431
51940848,374826968,1,99csn6n,9516,2014-11-20 10,,
88120786,282317014,1,,7167,2014-12-06 14,,
77813021,75381334,1,,13003,2014-11-26 11,,
107376559,401543548,1,,3064,2014-11-22 12,,3064
20733935,256127318,1,,7103,2014-12-14 23,,
107223716,345085450,3,,8664,2014-12-02 13,,
23803693,377567886,1,,1377,2014-11-25 22,,
35758348,123171112,1,94vheid,12294,2014-12-06 22,,
35758348,257184718,1,,13230,2014-11-21 06,,
112230173,128940129,1,,5643,2014-12-05 08,,
107377446,46840842,1,94eodiu,6054,2014-11-23 20,,
45659906,37492762,1,,508,2014-12-10 15,,
117659143,123598940,1,,4773,2014-12-02 01,,
6345483,21494448,1,,9261,2014-12-10 00,,
5875750,100095919,1,,4435,2014-11-19 23,,
54388253,24896935,1,,4116,2014-11-25 12,,
79269988,9118886,1,,6327,2014-12-02 10,,
61457956,96515205,1,,12512,2014-12-18 13,,
42113872,41692111,1,,5232,2014-12-15 21,,
61626834,278699560,1,,1877,2014-11-25 00,,
18970782,198716660,1,9qqsugf,3476,2014-12-12 17,,
63084469,116614236,1,,10223,2014-11-22 07,,
89931825,300190537,1,94vidig,10894,2014-12-11 19,,
93289334,167906942,1,,5271,2014-11-27 20,,
89931825,271334504,1,,11552,2014-12-06 18,,
117419378,93324098,1,,11824,2014-12-06 11,,
98531147,116515072,1,9552ma9,1450,2014-12-10 20,,
42461054,348674174,1,,3619,2014-12-07 01,,
128576282,380790586,1,,5752,2014-12-16 01,,5752
122822446,387894256,1,,5273,2014-11-19 10,,5273
100816273,160761264,1,,13915,2014-11-29 08,,
131573117,310843489,1,,11279,2014-12-11 23,,
22101245,272591325,3,9p0n4up,3472,2014-11-23 20,,
33739321,173415780,1,954gl49,11790,2014-11-26 21,,
37402030,90585671,1,,11127,2014-12-12 17,,
130346118,231361642,1,,3925,2014-12-09 00,,3925
6064746,380023827,1,,7466,2014-12-03 09,,
56575580,24225232,1,,12172,2014-12-11 23,,
109772113,69040581,1,9rg2qqu,10981,2014-11-28 12,,
114995751,15978848,1,,10049,2014-12-02 16,,
29776188,56489946,1,,8291,2014-11-21 17,,
133240213,275388504,1,,14079,2014-11-25 22,,
15600560,40549746,1,mtrd6hr,8605,2014-12-13 11,,8605
128246403,65806250,1,992haq2,552,2014-11-21 13,,
16921029,317189214,1,,6583,2014-12-14 06,,
16943596,64217682,1,9411jr5,10935,2014-11-21 07,,
21625075,363646713,1,,5503,2014-12-17 12,,
21991406,139645777,4,mto13i3,1806,2014-12-09 10,,
137463180,31152269,1,,5376,2014-11-27 17,,
138324819,149522806,1,,11482,2014-11-30 01,,
129558614,197632833,1,,6054,2014-12-05 00,,
69505718,367336083,1,,9516,2014-12-04 02,,
3695398,285315710,1,95a5757,11279,2014-12-03 07,,
99124479,318668556,1,,7929,2014-11-24 20,,
81550710,200216538,1,,12189,2014-11-27 14,,
84698728,77428892,1,,3484,2014-12-06 14,,
117544930,359232055,1,,437,2014-12-10 02,,
104732482,326433018,1,,11952,2014-12-17 23,,11952
82926069,80412467,1,,10661,2014-11-29 10,,
84465849,19925025,1,,8291,2014-11-23 23,,
84465849,12007423,1,mtj0ue6,6795,2014-12-10 18,,
19368976,292902136,1,,6344,2014-12-05 05,,
97019627,32333822,1,,9179,2014-11-29 00,,
110664771,296346372,4,,3798,2014-12-11 22,,
11431275,83922023,1,,1838,2014-11-30 09,,
131637785,16197250,1,96kaon7,7876,2014-12-05 20,,7876
123108236,351107117,1,,12421,2014-12-10 10,,
115899915,153325172,4,95bppoq,11824,2014-12-12 23,,
44492877,101148450,1,,4676,2014-12-04 00,,
90853436,179611239,1,,5360,2014-12-13 23,,
120426603,225480105,1,,1488,2014-12-09 18,,
104298835,210527066,1,97mh77m,7663,2014-12-01 22,,7663
134166701,222983743,1,,8132,2014-11-20 15,,
110893699,96388513,1,,11552,2014-12-12 21,,
28734621,160279268,1,,6327,2014-11-23 19,,
43136382,183128726,1,99cuutc,10392,2014-11-26 21,,
113078957,301173170,1,,13636,2014-11-22 01,,
34424883,327214099,2,,1308,2014-12-09 09,,
129811530,388855145,1,,2029,2014-11-26 09,,2029
113078957,398969133,1,,4269,2014-11-18 05,,
38227021,309813919,1,,11508,2014-12-09 21,,
135639209,387440349,1,,3189,2014-12-04 22,,
105485068,64804096,1,ffadq77,10703,2014-11-21 18,,
82926163,313956179,1,9qv9n92,4269,2014-12-05 19,,
85438708,86230403,1,ff34tc7,3064,2014-12-10 19,,3064
111595300,200619113,1,,1303,2014-12-16 22,,
11517935,249615282,1,99c4d0w,6513,2014-11-22 15,,
36751669,207546777,1,9h9t5of,9569,2014-12-10 21,,9569
13745443,141682371,1,,5894,2014-11-29 10,,
132700623,235709128,1,,3690,2014-12-12 23,,3690
7630304,403404194,1,,12470,2014-12-03 14,,
14012650,149895556,1,ffadr9e,6648,2014-11-26 11,,6648
32695127,192772723,1,97mh1ut,6417,2014-11-24 14,,6417
27601431,1454372,3,950tf5b,9516,2014-11-19 11,,
27601431,391564041,1,,12863,2014-12-16 19,,
34453652,156534446,1,95l2hfh,5399,2014-12-12 07,,
106300508,57298780,1,,8864,2014-12-17 20,,
115557934,284606575,4,96kais6,1963,2014-12-11 20,,1963
138635225,6096458,1,9pfgtvi,4520,2014-11-18 20,,
122150914,65867290,1,94n06t9,5027,2014-12-06 20,,
59731095,336625272,1,,492,2014-12-01 18,,
59511789,344237156,1,97ae05q,13230,2014-12-15 20,,
3671315,230861062,3,,7691,2014-11-27 13,,
3671315,89042044,1,,7033,2014-11-27 15,,7033
65886056,67282381,1,96cbj3a,8874,2014-12-15 14,,
47065671,312846844,1,,4999,2014-12-16 23,,
59511789,33148863,1,,5399,2014-11-22 22,,
71238931,272529797,1,,12189,2014-11-29 02,,
64947869,108151455,1,,9021,2014-12-02 23,,
78477282,21537764,1,9qpl77w,3424,2014-12-15 22,,
114233479,251150455,1,9q0irit,10265,2014-12-12 22,,
139592313,224392127,1,,4605,2014-11-22 13,,
101698393,313820361,1,,1863,2014-12-02 22,,
90194475,272890626,1,,12819,2014-12-11 22,,
98795231,246076420,1,99suwap,5360,2014-11-26 19,,
21185597,163808294,1,,2739,2014-12-09 20,,
21185597,176207771,1,,5399,2014-12-02 23,,
22182160,313930652,1,96plahu,1863,2014-11-18 20,,
69152893,80518488,1,9qq35l0,1863,2014-11-25 13,,
14788711,232770008,1,,1834,2014-12-10 20,,
31413542,48932935,1,,2254,2014-11-23 21,,
24189643,381304473,1,,5399,2014-12-04 02,,
28011137,226204786,1,,3798,2014-12-03 03,,
36525698,176062107,1,,2040,2014-11-25 16,,
116527079,260792088,1,,296,2014-12-05 15,,
117597296,366355922,3,,4181,2014-12-11 05,,
37426111,100493615,1,,5232,2014-12-06 12,,
37426111,77001729,1,,4370,2014-12-17 23,,
41211181,157263049,1,,5127,2014-12-16 19,,
15541192,268805692,1,,11537,2014-11-25 17,,
62364748,38933614,1,9rdmcnv,11279,2014-12-02 21,,
74752035,401463601,1,95kbgfw,2825,2014-12-14 21,,
74752035,245759665,1,,5894,2014-12-07 21,,
59864388,59087625,1,,4962,2014-11-28 00,,
59659116,313153971,1,,5749,2014-12-04 15,,
59864388,268668866,1,,10465,2014-11-26 13,,
130031214,162649342,1,,5232,2014-11-24 23,,
78526913,173909615,1,,288,2014-12-03 19,,
82209738,296115495,1,,8415,2014-11-24 10,,
111786935,400474815,1,950jcwt,552,2014-12-05 16,,
247543,173813743,1,,5271,2014-11-18 23,,
128009906,236602065,1,96k1u1f,5399,2014-12-10 09,,
28806122,140172507,1,95q4ek4,5265,2014-11-23 11,,
98750356,149183868,1,,1083,2014-12-11 23,,
98750356,17765841,1,,4370,2014-11-23 22,,
10495708,81740370,1,,3656,2014-12-17 09,,
108051466,403500419,1,,12294,2014-12-11 23,,
109689683,277122785,1,9rfiuop,8771,2014-12-17 13,,
20302058,203408724,1,99cuien,215,2014-12-07 16,,
46428221,355084831,1,9r7kv29,9820,2014-11-27 21,,
46428221,329270107,1,9r7kvhr,5332,2014-11-19 19,,
80481913,331719777,1,951i2td,8986,2014-12-03 12,,
12570225,339352557,1,,8916,2014-12-08 00,,
12570225,237159570,1,,3249,2014-12-12 00,,
117968156,88964509,1,,8605,2014-12-15 12,,8605
1857066,66687048,1,,8270,2014-11-22 00,,8270
97126088,169257684,1,94ebvks,12488,2014-11-27 22,,
10535263,59288032,1,9r2sk4f,493,2014-11-26 12,,
88568494,1920772,1,,1835,2014-12-09 01,,
90721251,328853750,1,,3472,2014-12-08 09,,
7202772,232991004,1,,6344,2014-11-22 14,,
83925215,150716958,1,,10533,2014-12-17 00,,
83925215,342517251,3,,6344,2014-11-19 19,,
83925215,355039848,1,,11279,2014-12-17 01,,
7223825,51560704,1,,9618,2014-11-27 00,,9618
19911284,135545154,1,955bb0v,3111,2014-11-22 23,,
595598,54719497,1,,3424,2014-12-04 13,,
60481646,220715997,1,,5399,2014-12-09 22,,
98154677,387035504,1,95wlu6j,6054,2014-12-04 22,,
104191148,394146560,1,99cwagc,3628,2014-12-15 19,,
115754252,265388119,1,,13852,2014-11-20 18,,
17825629,163218404,1,,4269,2014-12-12 10,,
48767456,204476943,1,,4213,2014-12-17 22,,
127377977,98508971,1,,10533,2014-11-21 00,,
52302535,14860635,1,,9598,2014-12-05 08,,
56997547,112921337,1,,6000,2014-12-01 19,,
29641259,374552385,1,9623eeg,12741,2014-12-17 21,,
56462249,328167817,1,,13230,2014-12-16 11,,
56462249,195302730,1,,5689,2014-12-08 20,,
36885666,332854743,3,,13007,2014-11-18 22,,
85164456,3213983,1,,12488,2014-11-22 23,,
118781454,300737589,1,,6000,2014-12-04 11,,
60756149,293727243,1,95riisi,292,2014-11-21 10,,
122430841,213111232,1,9936iuq,1797,2014-11-20 20,,
73278658,245052405,1,,3378,2014-11-23 00,,
73278658,260243318,1,94b5i7v,2153,2014-11-24 17,,
55381200,380551819,1,,3472,2014-12-04 10,,
66717513,2865973,1,95orm9k,13230,2014-12-09 22,,
97221179,89151277,1,,6054,2014-11-19 19,,
7585996,367040236,1,,13230,2014-12-06 21,,
7585996,211036259,1,,2825,2014-12-15 22,,
38011304,74390903,1,956lt4f,4773,2014-12-04 21,,
63823409,189137450,1,,1723,2014-12-06 16,,
105871343,22900558,1,,13230,2014-11-20 01,,
99418963,98125441,1,95wig55,13393,2014-12-14 18,,
17552766,273370973,1,,6226,2014-12-12 07,,
126054635,61901249,1,9qp9kgm,1408,2014-11-21 20,,
33259936,78710426,1,,6513,2014-12-03 10,,
57949136,216323798,1,,2993,2014-11-21 20,,
29838929,38000270,1,,13230,2014-11-21 17,,
53881441,153491587,1,,12233,2014-12-09 19,,
65667723,301336237,1,,4116,2014-12-04 10,,
24690079,143165170,1,,9516,2014-12-03 23,,
24690079,277898182,1,,10271,2014-12-01 23,,
140423268,280403471,1,95nhucj,7428,2014-12-07 16,,
103149203,293040207,1,,13041,2014-12-15 03,,
4445837,279408151,1,954gi0v,5271,2014-11-24 12,,
56481977,186668784,1,,508,2014-12-13 16,,
14506759,403181479,1,,5894,2014-11-27 05,,
113552018,183865148,1,,7606,2014-11-20 13,,
77339861,212631380,1,956sabk,893,2014-12-02 14,,
77339861,280994413,1,956sei2,5232,2014-11-22 19,,
68382361,209552446,1,,3368,2014-12-08 23,,3368
102057111,60329480,1,,2993,2014-12-18 11,,
93207382,153497883,1,,5319,2014-12-12 13,,
57041703,257875132,1,94h0o54,4364,2014-11-29 14,,
24313362,230228609,1,,4269,2014-12-15 00,,
103331903,107733338,1,ffadrap,5027,2014-11-18 12,,
60079613,274748684,1,,8291,2014-11-26 05,,
119115304,800007,1,,3074,2014-12-04 11,,
108168148,23282150,1,94ve3ba,3940,2014-12-06 19,,
108168148,295740271,1,,5894,2014-11-26 13,,
74926183,128631812,1,,6512,2014-12-04 17,,
89931597,384392382,1,,11652,2014-11-22 20,,
90720609,77825518,1,,1863,2014-12-16 03,,
115670233,394679450,1,,12569,2014-12-17 23,,
10437655,309492133,1,,10661,2014-12-09 10,,
123963959,16762177,1,993be14,3424,2014-12-06 19,,
99792011,215565982,1,,6513,2014-12-16 12,,
85160711,271363305,1,,4830,2014-12-12 11,,4830
49337150,197134515,1,,767,2014-11-22 21,,
18183738,17739531,1,,8291,2014-11-19 21,,
11141921,108834551,1,,12996,2014-12-12 11,,12996
18183738,171659151,1,,11279,2014-11-22 22,,
19708378,354719720,1,946hdt6,8665,2014-12-15 13,,
97485804,92708304,1,,6000,2014-12-01 13,,
68359578,166321437,1,95lkck6,2901,2014-11-18 19,,
108890194,22819173,1,9qs16bf,9516,2014-12-12 15,,
19708378,120995607,1,946hoeb,10600,2014-12-18 13,,
113283932,334532840,1,,1121,2014-11-23 19,,
39744838,386140288,1,96pkb1i,10500,2014-12-17 20,,
56002069,94542218,1,,1863,2014-11-28 21,,
49815803,251318362,1,,12189,2014-12-18 22,,
5938241,301852008,1,mtoaq3w,215,2014-12-17 13,,
98513516,320070076,1,99ctk5f,1625,2014-11-30 08,,
123874325,226278388,1,97rc9ct,10967,2014-11-27 22,9rg6kc4,10967
140546553,208416799,1,,11782,2014-12-11 06,,11782
141226151,244773439,1,,6228,2014-12-06 21,,
3016266,242920866,1,,5027,2014-12-18 15,,
28638001,220674025,1,,13305,2014-11-29 00,,
40734813,173095649,1,99ujjfo,12569,2014-12-05 14,,
41017872,177961192,1,,300,2014-11-26 11,,
99052668,4955374,1,,6431,2014-12-12 20,,
11758356,28063032,1,,12328,2014-12-12 09,,
99052668,169789756,1,,3252,2014-11-20 22,,
59127538,340693758,1,99na353,8749,2014-12-10 19,,
5315279,334327694,2,,5894,2014-12-12 03,,
106090167,216576508,1,94gwwb5,2883,2014-12-10 14,,
66924694,79422727,1,9ram4qj,10063,2014-12-14 23,,10063
67898761,142092212,1,9rdjk6p,5689,2014-12-12 16,,
121083008,192489302,1,95rijk1,11763,2014-12-03 17,,
60625397,356684821,1,,4370,2014-12-07 07,,
7234861,77837899,1,,547,2014-12-13 21,,
65087297,361266555,1,,12294,2014-12-09 12,,
8325510,175131865,1,,5027,2014-12-18 10,,
8217647,323275429,1,,6991,2014-12-13 14,,
9138659,216823050,1,,1863,2014-11-26 06,,
97357434,15159844,1,9qv9adt,2953,2014-12-12 20,,
88666055,192155049,1,,5689,2014-12-13 17,,
122241072,137454687,4,97pd7lc,3628,2014-12-12 16,,
137829350,120934298,1,9504g6p,1863,2014-11-23 15,,
106498387,45108597,1,9rdm7ea,5232,2014-12-05 11,,
97122756,115257397,3,,11103,2014-12-11 18,,
141016162,18895653,1,,4269,2014-12-16 16,,
124291848,43440467,1,94n71fh,13230,2014-12-09 12,,
102930156,99091067,1,,9835,2014-11-23 18,,
141444223,148279140,1,94mn7r4,1838,2014-12-05 19,,
46066007,375203997,1,,5894,2014-12-05 22,,
102930156,163120778,1,tmsoug1,5503,2014-12-04 21,,
120346962,336247761,1,,437,2014-12-11 13,,
63929694,151142894,1,,11776,2014-12-08 03,,
114307712,128495998,1,99nocf9,13230,2014-12-14 10,,
141484663,62225002,1,,2993,2014-12-16 11,,
10026124,367046447,1,95hqseh,11699,2014-12-07 14,,11699
64355869,370751267,1,95s3fv3,11489,2014-12-11 22,,
16124265,349008919,1,,6327,2014-12-04 22,,
48809451,364033970,1,,2029,2014-11-21 13,,2029
113537369,211786325,1,,11304,2014-11-28 09,,
53560831,142577356,1,97ae0pr,6255,2014-12-11 21,,
123889295,192049604,1,,7195,2014-11-22 23,,
109003876,312988111,1,,12090,2014-12-12 06,,12090
79824809,271707480,3,,5232,2014-12-04 22,,
24314619,133886603,1,,11623,2014-11-29 21,,
53831524,24877149,1,,4370,2014-11-24 13,,
65982317,53988302,1,,5399,2014-12-16 10,,
81878304,172036611,1,,1755,2014-12-14 14,,
42049337,138932717,1,,8650,2014-12-08 17,,
44683766,1530017,1,,9559,2014-12-18 13,,
59323197,1450757,1,,9025,2014-12-07 20,,
54276328,110404229,1,94w4w5s,9847,2014-12-08 10,,
32922636,37791305,1,,13500,2014-12-14 17,,13500
126025982,84728966,1,955kjv5,1854,2014-12-16 22,,
14157293,399006733,1,,5232,2014-11-25 10,,
72306639,213481788,1,9rgccat,10567,2014-12-15 16,,
2934039,382246727,1,9psrevi,4195,2014-12-15 12,,
72306639,206142404,1,9rgccec,13318,2014-12-18 11,,
33298619,183250888,1,96heb63,5271,2014-12-09 13,,
25368165,351523488,1,,10364,2014-11-24 17,,10364
36513563,272775061,1,,4250,2014-11-26 09,,
5460550,125167990,1,,895,2014-12-08 20,,
116718712,300188674,1,,1083,2014-11-21 07,,
134109810,125425380,1,,8877,2014-12-15 22,,
69579136,181905296,1,,6513,2014-12-16 07,,
97073377,31984768,1,,4778,2014-12-01 13,,4778
106976106,151641229,1,,12441,2014-11-25 17,,
26857882,337566735,1,,508,2014-12-01 21,,
12472346,338530403,1,,6344,2014-11-20 21,,
12472346,379533781,1,,10576,2014-12-10 21,,10576
131112654,315919691,1,,1800,2014-12-12 01,,
42447641,189597392,1,,6512,2014-12-04 21,,
53916276,15405993,1,,11279,2014-11-24 13,,
53916276,219936825,1,9rdkvjp,5454,2014-12-09 20,,
8231529,152167882,1,,11279,2014-12-12 00,,
60890401,378175696,1,,1863,2014-12-03 16,,
82435724,69179616,3,,4245,2014-11-23 20,,4245
11731068,62301379,1,96k39jn,5399,2014-11-26 13,,
133088851,383487902,1,,10120,2014-11-28 11,,10120
121777817,307616794,1,9rg261p,2993,2014-12-09 22,,
130011402,152666581,1,,11279,2014-11-28 12,,
135347247,143939025,1,,12855,2014-11-28 15,,
45433328,403422894,1,,2369,2014-12-11 23,,
45433328,274167844,1,,444,2014-12-06 08,,
52853607,2089393,1,,4468,2014-11-26 22,9569w5s,4468
57846106,203622167,1,,438,2014-12-04 00,,438
76568368,50466393,1,,10314,2014-12-03 21,,
76568368,335798504,1,,5027,2014-12-02 21,,
96610296,144452877,3,,3064,2014-12-11 22,,3064
19010396,236709747,1,,8681,2014-12-02 00,,
118996710,297448735,1,,4640,2014-12-06 15,,
27840504,252030296,1,,6513,2014-12-08 07,,
31732015,32527122,1,9h03qom,11135,2014-12-14 09,,
12571684,53568090,1,,11300,2014-11-20 22,,
33213066,90873401,1,,3783,2014-11-21 22,,
33213066,355281922,1,,8877,2014-12-12 12,,
26957136,158649050,1,,2415,2014-12-02 00,,
41986655,372756223,1,,4370,2014-11-25 10,,
47257431,17668350,1,,9516,2014-11-29 11,,
47257431,11306703,1,,10223,2014-12-01 19,,
11612875,387253274,1,,2883,2014-12-02 22,,
12373370,171415667,1,,1863,2014-11-24 21,,
122129618,113153774,1,,8874,2014-12-12 01,,
18396338,261480173,1,95qodle,13041,2014-11-30 22,,
18927299,57487013,2,9rgu1l3,14079,2014-12-16 12,,
79112468,58070601,1,,10984,2014-11-23 10,,
79112468,120886159,3,,5480,2014-12-17 22,,5480
22393155,325317529,1,95q32nu,10064,2014-12-15 16,,
91351115,189046475,1,,10894,2014-11-28 15,,
28373415,132477091,2,,4116,2014-11-19 23,,
30701625,293861662,1,9r5f7pf,11537,2014-12-12 12,,
69599332,79385559,2,95ricrv,5454,2014-12-12 12,,
59248477,250771422,1,96kaj97,5399,2014-12-06 23,,
111325865,309920287,1,,1083,2014-12-09 00,,
109099701,188291315,1,,3793,2014-12-11 21,,
111325865,381224004,1,,1863,2014-12-10 21,,
12214179,67584141,1,,12630,2014-11-18 20,,12630
122150914,262965095,1,,5027,2014-12-12 16,,
17048049,220384335,1,9rn9juv,6315,2014-11-28 10,,
36673681,112816099,1,,5454,2014-12-17 17,,
3712578,28639768,1,,6252,2014-11-25 00,,
131466845,116570488,1,,8132,2014-12-15 23,,
14759968,265433894,1,,2730,2014-11-27 07,,
15386874,390429053,4,,11279,2014-11-23 01,,
15386874,97655171,1,,6000,2014-12-14 11,,
41081290,171574508,1,,6045,2014-11-19 14,,
71208218,126002020,1,9oa31oc,5027,2014-12-12 21,,
64187025,27489316,1,95q4ood,5571,2014-12-09 11,,
64187025,177661107,1,95q4od5,11279,2014-12-14 12,,
7144740,293828271,1,94n73ro,9807,2014-12-09 21,,
56462249,62100264,1,9rnnf4g,6513,2014-12-12 15,,
56462249,334233679,1,,5894,2014-12-16 13,,
83275852,217190530,3,,7708,2014-11-24 15,,
26081392,194628384,2,fgfhn3u,2825,2014-11-24 15,,
83275852,194048705,1,,13615,2014-11-21 16,,
96636051,370002818,1,,410,2014-12-15 10,,
10773940,55706162,1,,6255,2014-12-04 07,,
1156843,348997539,1,,5894,2014-11-28 22,,
60964944,298290443,1,,6247,2014-12-14 08,,6247
93687523,43291996,1,94evdfu,2825,2014-11-21 21,,
118814309,184026385,1,,437,2014-12-18 22,,
32445953,350066622,1,,5263,2014-12-11 17,,
8913893,173232826,1,,3064,2014-11-29 17,,3064
45051306,97228014,1,9421fet,11311,2014-11-27 08,,
121637419,114816471,1,99ct2g4,10314,2014-12-14 23,,
36953591,317105333,1,,4839,2014-12-10 20,,
58207544,189698327,1,9q402rn,418,2014-11-19 09,,
49566088,78072713,1,95olh43,437,2014-12-17 18,,
51932351,16442444,1,,3424,2014-12-09 19,,
19277570,236343694,1,,6513,2014-11-21 06,,
73278658,320757718,1,,12189,2014-11-22 01,,
19277570,74540593,1,95v3gro,9516,2014-11-22 15,,
110883373,200234211,1,,9261,2014-11-26 02,,
16676403,337317657,1,,11279,2014-11-30 22,,
110007607,107773227,1,95qfdtl,10242,2014-12-02 20,,
611920,207697836,1,,2284,2014-12-09 14,,2284
24690079,140811575,1,,10567,2014-12-13 14,,
25778057,135612216,1,,7428,2014-11-18 19,,
27809186,280283746,1,,1863,2014-11-26 17,,
120594014,268596278,1,,5399,2014-12-10 11,,
3512329,231199874,1,95qpv4w,11279,2014-12-13 16,,
120594014,260385658,2,,1863,2014-12-02 21,,
27499498,174998044,1,,6513,2014-11-25 12,,
77455354,57982972,1,,5395,2014-11-27 13,,
132564529,21959933,1,,5623,2014-12-02 07,,
4174826,217827011,3,,7707,2014-12-02 18,,
100757305,238576829,1,,13230,2014-12-13 00,,
138505346,362092687,1,,12141,2014-11-22 11,,
70891589,23884792,1,,1152,2014-11-21 09,,
101456770,367920096,1,,3673,2014-12-12 02,,
82335494,386232429,1,95vjtg3,508,2014-11-18 17,,
99346682,19355916,1,,1083,2014-12-07 21,,
138590516,32984041,1,954f0vc,451,2014-12-12 13,,
96838576,240742062,1,ff34tnj,6576,2014-11-28 22,,
82389748,234604353,1,,4076,2014-11-26 13,,
128055612,20064669,1,9931rvb,10533,2014-12-11 23,,
96865786,226071007,1,9rdmce1,5894,2014-11-23 21,,
764564,64986458,1,,1863,2014-12-09 21,,
139435539,379687755,1,,2825,2014-11-29 09,,
89901261,228724638,1,,5514,2014-11-21 09,,
126943639,339274339,1,,288,2014-12-02 18,,
106998000,131108588,2,,3321,2014-11-19 13,,3321
92706593,3487908,1,,12015,2014-11-20 02,,
115378138,156149789,1,,6084,2014-11-25 22,,
20632602,251318719,1,,5027,2014-11-25 10,,
92706593,371814191,3,,5623,2014-11-20 01,,
31503308,57571319,1,,2883,2014-12-17 21,,
137182431,395899736,1,,13338,2014-12-01 01,,
32874098,213895017,1,,3628,2014-12-02 06,,
36863326,156641612,1,,3960,2014-12-17 22,,3960
85633095,195640675,1,,8771,2014-11-28 21,,
45649071,27597685,1,,5649,2014-11-23 23,,
86239261,192204361,1,,12630,2014-11-27 17,,12630
119278510,54443255,1,,767,2014-12-17 03,,
9371856,146074893,1,97u61dt,9559,2014-11-24 08,,
45649071,222081486,1,ffbu6v2,5395,2014-12-18 17,,
45649071,311296507,1,ffbu6vc,5894,2014-12-13 17,,
116187349,339550882,1,,1723,2014-12-15 18,,
6437749,305069732,1,,552,2014-12-14 00,,
122694692,102205516,1,,11379,2014-11-29 22,,
4077888,121152106,1,,4640,2014-11-20 12,,
65504626,281345370,1,,4097,2014-12-14 15,,
71611159,388998815,1,,12630,2014-12-12 11,,12630
5315279,67101953,1,,10533,2014-12-12 03,,
89931825,60378799,1,,6513,2014-11-29 20,,
65504626,112312787,1,,767,2014-12-12 06,,
89931825,30767595,1,94vidml,10314,2014-12-16 17,,
83423107,241306819,1,95qquc6,6724,2014-11-24 13,,
75500533,31316659,1,,12855,2014-12-03 14,,
116232438,126527136,1,,10703,2014-12-09 20,,
23130998,56415502,1,9r7l0bq,11834,2014-11-23 20,,
7853740,252809276,1,,3321,2014-11-25 02,,3321
81613966,308145310,1,97pf12l,5027,2014-11-18 22,,
116509312,5351995,2,95mhdop,7401,2014-11-21 18,,7401
73136910,238381987,1,,12621,2014-12-13 22,,
93842000,292403205,1,,7359,2014-12-04 12,,
93842000,261680462,1,,8270,2014-12-05 19,,8270
25535039,304798802,1,,3647,2014-11-28 23,,
90442425,251040303,1,,3994,2014-11-18 18,,
90442425,385725238,1,,8649,2014-12-07 20,,
77055357,42189086,1,9qkdn5r,1121,2014-12-11 18,,
24033530,171666162,1,,1121,2014-11-30 21,,
116936810,324433970,1,,288,2014-11-29 16,,
51429394,224511403,1,,13823,2014-12-03 13,,
24033530,352945583,1,,5689,2014-11-27 20,,
52741439,400435696,1,990cpcq,11652,2014-12-12 17,,
52741439,250450497,1,990cpce,1843,2014-12-09 16,,
16916141,275681666,1,,3783,2014-12-13 10,,
121085565,278261500,1,,5454,2014-11-23 03,,
130270245,135630664,1,,432,2014-12-09 00,,
56575580,348475982,1,95ucwr5,814,2014-11-19 15,,
16920338,33171019,1,,14079,2014-12-17 17,,
130540064,45461378,1,99s4e3a,5027,2014-12-12 08,,
43245800,28353836,1,,13334,2014-12-03 01,,
141116266,157490064,1,,3960,2014-12-07 20,,3960
130270245,69455651,1,,5894,2014-12-07 01,,
71582654,323583188,1,99fd9od,2993,2014-11-29 19,,
73034210,214381405,1,99ctq7b,4539,2014-12-13 21,,
13538176,162488584,1,,1527,2014-11-23 23,,1527
85193905,245051302,3,,5232,2014-12-10 16,,
76558003,84011600,1,,10431,2014-11-28 12,,10431
60753044,335115848,3,,8986,2014-12-01 12,,
105638508,139367861,1,,3760,2014-12-09 18,,
3714513,6859872,1,,6255,2014-12-06 10,,
65143114,250348767,1,,10533,2014-11-25 21,,
37545822,193753788,1,,9363,2014-11-25 22,,
64699430,100946235,1,,1863,2014-12-02 12,,
89183161,379559856,1,,472,2014-11-22 09,,
135171817,111617266,1,,1863,2014-12-10 19,,
47874120,58059975,1,,10187,2014-12-11 22,,
117961451,291631994,2,94kf6qp,13230,2014-12-10 11,,
104688634,159582928,1,95l7vt4,4245,2014-11-19 18,,4245
125634150,13673027,1,946voog,814,2014-12-12 23,,
65544144,272271376,1,,3628,2014-12-17 04,,
131302242,363832024,1,,10507,2014-12-04 11,,
28106685,110444283,1,,9752,2014-11-30 21,,
29388134,364961243,1,,4230,2014-12-03 11,,4230
36513563,327720836,1,,12626,2014-12-09 21,,
28975138,67310851,1,,9637,2014-12-15 01,,
86717393,99237749,1,,12996,2014-11-21 20,,12996
123446005,10988706,1,9rgtt0d,2901,2014-12-13 14,,
123577855,355177348,1,,7079,2014-11-25 18,,
71361569,35056592,1,,7167,2014-12-11 23,,
77630573,326714905,1,,9569,2014-11-22 00,,9569
11197151,211025142,1,,6513,2014-12-11 11,,
82048591,394755434,1,,7530,2014-12-14 22,,
9090200,121179000,1,,11623,2014-12-13 11,,
123995552,50088120,1,,11279,2014-12-02 00,,
62360262,281076323,1,96nanad,7530,2014-12-15 22,,
97951451,277759405,1,,10533,2014-11-29 10,,
109597718,208827951,1,94voakf,6000,2014-11-19 21,,
64376905,216704309,1,,6648,2014-12-11 17,,6648
112649389,31718431,1,955lacj,3424,2014-12-03 12,,
62875614,199054073,2,,1863,2014-12-16 12,,
113114470,139535397,1,,5399,2014-12-14 11,,
112382240,285492124,2,,5027,2014-11-30 23,,
119793858,82157236,1,,10894,2014-11-29 11,,
52525317,264274242,1,,332,2014-12-01 00,,332
82572658,240154938,1,9h599eh,198,2014-12-06 21,,198
129191119,46470557,1,,9516,2014-12-09 12,,
53569008,393881084,1,,6513,2014-12-07 09,,
24474599,113980701,1,,12630,2014-12-14 10,,12630
29301311,373056703,1,,4640,2014-12-04 21,,
24474599,297993472,1,,7995,2014-12-13 22,,7995
97457481,358814136,1,9p02uf6,436,2014-11-30 08,,
33403236,97420581,1,94lppsm,905,2014-12-15 16,,
101190507,317282344,1,,1863,2014-12-18 06,,
109059873,33832786,1,,5894,2014-11-27 06,,
87475354,9032257,1,,5894,2014-12-09 13,,
87895521,179670284,1,,6213,2014-12-04 23,,
55381200,316140475,2,,6673,2014-12-03 19,,
21978171,382347644,1,,437,2014-11-23 00,,
78074373,12327354,1,,9517,2014-11-26 21,,
85684824,253883734,1,,2177,2014-11-21 23,,
105278727,221688020,1,,1083,2014-12-03 12,,
6274948,400290648,1,,6000,2014-12-15 20,,
68735466,59261913,1,,3472,2014-12-02 00,,
135487299,26333265,1,,6255,2014-12-02 08,,
99418963,194736299,1,95wig4c,9849,2014-11-19 19,,
86748372,208039088,1,,6513,2014-12-17 22,,
122183715,192073442,1,94dem5h,8583,2014-12-13 19,,
83073587,332417,1,,6255,2014-12-01 20,,
118986002,261422324,1,,7995,2014-12-10 13,,7995
136227449,294318983,1,,3093,2014-12-05 12,,
83974192,204230851,1,,14079,2014-11-23 00,,
138843810,208107532,1,,4370,2014-12-10 11,,
138843810,355367316,1,950h1on,10392,2014-11-19 17,,
102281568,260953503,1,94deius,292,2014-12-12 22,,
47237907,395523487,1,,13092,2014-12-14 22,,
25509021,139544002,1,95lkbns,6991,2014-11-21 23,,
142081324,372268052,1,,436,2014-11-23 16,,
70241210,23523278,2,96k6kga,9552,2014-12-11 23,,
103728744,315907057,2,95llraf,10894,2014-12-07 12,,
31779961,85757944,1,,11279,2014-12-11 22,,
31779961,120038795,1,,7312,2014-11-26 23,,
51926941,257029902,1,9qkg777,9638,2014-12-14 09,,
109928088,89047692,1,,3060,2014-12-11 21,,
34424883,397356421,1,,2825,2014-11-22 13,,
137531842,241186069,1,,7995,2014-12-08 19,,7995
99018543,16325045,1,,8639,2014-12-03 07,,
121752508,32478808,1,,13230,2014-11-20 22,,
34424883,130511352,1,,5437,2014-12-15 00,,
34424883,137483205,1,,5027,2014-12-03 00,,
80390220,301643276,1,,1083,2014-11-25 16,,
28832473,115854775,1,,9017,2014-12-18 09,,9017
129525953,331764660,1,,6648,2014-12-11 09,,6648
94489517,289418240,1,,3960,2014-12-14 18,,3960
51426415,182827595,1,,8161,2014-11-20 14,,
71778458,345191917,1,9r5f5kg,6295,2014-12-16 09,,
113323725,355455659,1,94j6ula,6795,2014-12-16 20,,
79112468,386070921,1,,5176,2014-11-30 20,,
79112468,228608120,1,,5468,2014-11-21 06,,
87579407,133786561,1,946jq1v,13326,2014-12-11 22,,
112503956,222707782,1,,5027,2014-11-27 14,,
26938449,378208215,1,99ckrrl,5027,2014-12-06 07,,
3694961,323171762,1,956k3tq,13114,2014-11-28 19,,
134058935,211624828,1,99ctjfd,5027,2014-11-18 21,,
135916314,271754538,1,,13107,2014-11-18 14,,
116601793,341371812,1,,12921,2014-12-03 18,,
29716977,30768564,1,9rgtp3l,2260,2014-11-19 23,,
133296696,244711694,1,,11279,2014-12-17 17,,
36593288,329217212,1,,13230,2014-12-07 01,,
110561108,352310718,1,,1863,2014-11-27 03,,
5938241,183261063,1,mtoa6rs,9944,2014-11-23 15,,
123066341,299249589,1,,13038,2014-11-26 10,,
41938273,51200960,1,9h0t0ia,5894,2014-12-18 20,,
77374787,351496940,1,,9517,2014-11-20 22,,
77374787,296312369,1,991o6kw,3783,2014-12-11 18,,
83546635,265814834,1,955hkhm,1863,2014-12-08 09,,
77374787,172784440,1,991o6kv,7428,2014-12-07 15,,
17635361,198444578,1,951igk5,1863,2014-12-09 19,,
32473312,156675718,1,94jrjnv,512,2014-11-23 18,,
108382766,309470452,1,,3892,2014-12-11 13,,
44130547,48462709,1,,838,2014-11-26 21,,
50960524,10471212,1,9rnea7j,13230,2014-12-11 21,,
57475934,136782389,1,95qs0rc,9517,2014-11-28 13,,
113248155,123605399,1,,9101,2014-11-19 15,,
87466107,68531547,1,99ct20h,6513,2014-12-13 23,,
90690816,197346273,1,,13230,2014-11-25 00,,
80775941,15019383,1,,9247,2014-12-13 21,,
90690816,22723126,2,,13230,2014-12-08 01,,
31700289,275211271,1,,3798,2014-12-14 13,,
130041655,378210043,1,99ctiqw,13230,2014-12-06 15,,
41120025,200110885,1,,9516,2014-12-04 19,,
142120051,95202269,1,9q92da4,6154,2014-12-08 10,,
128217950,60194191,1,94h3dtp,6982,2014-11-22 16,,
23359188,250622371,1,mtrkw53,3424,2014-12-08 13,,
82853795,237325236,1,,382,2014-12-08 04,,382
83954147,327306891,1,9p3nopa,6344,2014-12-12 22,,
40364641,84353002,1,,8744,2014-12-11 22,,8744
133417766,16160962,1,9qkg76e,12690,2014-12-13 22,,
22981352,254946328,1,95wl799,6513,2014-11-26 22,,
43865641,325873641,1,94ithcg,9598,2014-12-13 18,,
100397503,348016250,1,,12067,2014-11-30 01,,12067
100871846,127404085,1,99ctrbi,446,2014-12-15 11,,
30933630,238981587,1,,13230,2014-12-01 22,,
30933630,84262866,1,,5271,2014-12-12 15,,
91950454,116932438,1,954jaqu,1843,2014-12-06 20,,
98989087,123465932,1,950to1j,2284,2014-12-06 11,,2284
112570004,75523967,1,,1674,2014-11-22 12,,
75070176,48147250,1,,10894,2014-12-10 17,,
86770260,180390125,1,94d0ncq,6513,2014-12-01 22,,
34215574,240913310,1,,1794,2014-12-17 22,,
123922959,375546197,1,,12721,2014-12-02 22,,
43626933,319841424,2,,2828,2014-12-15 02,,
28204658,214688227,1,9rgsdsk,3252,2014-12-04 12,,
88290400,228344632,1,,4441,2014-11-21 01,,4441
52895098,81251809,1,,10392,2014-12-07 21,,
7207480,69444654,1,,7312,2014-12-16 16,,
67268928,256659118,1,,5894,2014-11-26 19,,
74577535,291772616,1,,5894,2014-11-25 22,,
52895098,286863514,1,,6648,2014-12-03 11,,6648
74577535,278422439,1,,11757,2014-12-02 23,,
63910679,372342108,1,,1863,2014-12-12 09,,
3065306,151311798,1,9rg6dfn,5027,2014-12-10 15,,
140780237,367868848,1,,12580,2014-11-24 18,,
24752182,80156756,1,,1843,2014-12-18 09,,
140780237,235769440,2,,10135,2014-12-03 09,,
25851938,38063851,1,,8877,2014-12-16 14,,
110201893,145433131,1,,7995,2014-11-26 08,,7995
61259086,218248236,1,955k27u,10961,2014-12-05 17,,
115374435,83891739,1,,5273,2014-12-11 23,,5273
116718992,32852787,1,,11824,2014-12-15 09,,
39526193,351805078,1,946wudd,10920,2014-11-30 18,,10920
137670106,240619795,1,96h4mad,8537,2014-12-12 23,,
52660721,396206152,1,9ptpp2t,5395,2014-11-26 20,,
32019585,175992648,1,,5399,2014-12-09 20,,
39526193,361601634,1,,10523,2014-12-03 14,,
101305944,308256558,1,,2949,2014-11-20 13,,
107376559,68432030,1,,11279,2014-12-02 00,,
58188922,38644070,1,,3798,2014-11-23 19,,
108786121,33970872,1,,5533,2014-12-13 23,,5533
6452476,324068522,1,946l6sq,5027,2014-11-25 23,,
112171699,197261671,1,94h2qh1,2160,2014-11-23 21,,
64784548,244485300,1,94gmbmu,6000,2014-12-10 23,,
94096435,265889325,1,95qb3e9,9516,2014-12-12 23,,
74056904,338067141,1,,5399,2014-11-23 23,,
71929773,102941597,1,,3381,2014-12-11 14,,
94209509,216581460,1,,5395,2014-12-16 11,,
130216411,225961104,1,,3093,2014-12-11 16,,
13232080,133069315,1,,14079,2014-12-05 15,,
65820387,345457401,1,,2369,2014-11-20 17,,
113972956,321286355,1,,12345,2014-11-25 15,,
110205306,365887099,1,,6576,2014-11-18 18,,
12210870,322033089,1,,7961,2014-11-21 18,,
55207467,48847976,1,99ujiwe,5027,2014-12-17 22,,
28967361,200202667,1,,1121,2014-12-12 13,,
123842164,121254377,1,9q0ltgp,6054,2014-12-07 19,,
136487187,232214924,1,,1863,2014-12-16 09,,
56063372,315376580,1,9r7d4et,4676,2014-12-18 18,,
59781040,81043001,1,,1169,2014-11-25 18,,1169
103982848,90866315,1,mtdklw0,4830,2014-11-26 20,,4830
21754104,257673852,1,,13230,2014-12-16 20,,
63759289,321383107,1,,10944,2014-12-03 12,,
43916471,319647577,1,95ugent,10567,2014-12-05 23,,
28483040,116677219,1,99ctcss,12569,2014-12-02 22,,
107471039,234632138,1,9qnl3ii,9559,2014-11-19 10,,
85308332,96843980,1,,4753,2014-12-14 20,,
96936392,177820717,1,,6512,2014-12-06 13,,
39096760,284981420,1,99pwv1e,6648,2014-12-08 08,,6648
40833290,104612486,1,,11824,2014-12-02 11,,
11141921,394860163,1,94vg6k3,12370,2014-11-21 12,,12370
96389962,107156664,1,,2993,2014-12-16 15,,
418175,292820709,1,9qkg6ne,5492,2014-11-21 23,,
77163935,262173200,2,,5689,2014-12-15 10,,
35745255,159297957,1,,5399,2014-12-04 22,,
92780565,384095431,1,,2993,2014-12-17 01,,
116867259,145866391,1,,8877,2014-12-09 00,,
133152667,369057176,1,,9205,2014-12-16 21,,9205
55192915,391509592,1,,5894,2014-11-18 22,,
128521783,377472450,1,,4245,2014-12-16 00,,4245
97318772,166634475,1,94o5u0p,1618,2014-12-17 09,,
132155086,261827359,1,,11279,2014-12-01 15,,
22497620,281440389,1,,4625,2014-11-27 13,,
80954170,25283109,1,99ctj47,10392,2014-12-02 19,,
126143015,399895268,1,,10431,2014-12-15 00,,10431
80954170,102955594,1,99ctiqk,3628,2014-11-24 15,,
44193672,322157771,1,,3798,2014-11-19 13,,
139795059,355179894,1,,1863,2014-12-01 19,,
65236950,387898894,3,,9102,2014-12-03 21,,
16911051,52248359,1,,889,2014-11-24 23,,
21669502,181189439,2,950hqm1,3846,2014-12-10 11,,3846
3318666,195949179,1,,9247,2014-11-24 01,,
14012650,275788932,1,ffadr9g,10590,2014-12-03 11,,
128213972,168895423,1,9qkrdph,5027,2014-11-22 20,,
83851924,344202764,1,,5271,2014-12-13 20,,
14137229,355425631,1,mti1iea,11537,2014-11-18 14,,
48700638,75443099,1,,6000,2014-12-14 00,,
28226509,33559828,1,94ivkkh,12488,2014-12-05 08,,
97221179,187034741,2,,5027,2014-11-26 19,,
97175671,130336771,1,96knilr,1863,2014-12-09 18,,
95301715,365752120,1,,5271,2014-11-24 21,,
34163245,404467510,2,mto2ilm,12630,2014-12-09 07,,12630
18649051,311564697,1,,2274,2014-11-19 19,,
85506999,114369145,1,,5545,2014-11-21 21,,
74534491,226609319,1,9r7lupt,8291,2014-11-22 17,,
57949136,237958339,1,,2993,2014-11-24 16,,
97126088,95048113,1,,5273,2014-11-22 01,,5273
12322077,105728605,3,,6977,2014-11-23 22,,
22577104,150563006,1,97rcle7,3628,2014-12-05 18,,
120329032,365449953,1,,10894,2014-12-09 20,,
71238931,326218783,2,mtobg2r,1083,2014-12-13 14,,
118545642,277890528,1,,9820,2014-12-15 10,,
3282021,101463800,1,,10533,2014-12-17 10,,
140990654,117741647,1,,2825,2014-11-18 23,,
140990654,140109720,1,,9559,2014-11-30 15,,
120329032,317865318,1,,6513,2014-12-10 04,,
50673557,244980477,1,,10894,2014-12-06 08,,
77339861,366806272,1,956sewt,2825,2014-12-01 08,,
43735631,268972210,1,956pfa2,5468,2014-12-01 09,,
50673557,83962153,1,,7549,2014-12-03 13,,
33448326,374553986,2,99ct6hq,3636,2014-12-13 17,,
33448326,363152447,1,,10431,2014-11-25 02,,10431
57728595,147087248,1,,2226,2014-12-01 03,,
55060722,133019026,1,,10028,2014-12-18 14,,
82384961,65373882,3,,6576,2014-11-22 20,,
43409746,359373138,1,,1965,2014-11-21 15,,
76732078,198546595,1,,12570,2014-11-22 19,,12570
65400270,307633615,1,,2284,2014-11-25 07,,2284
102049484,116808576,1,97r31h3,6648,2014-12-11 22,,6648
116113058,74687588,1,,6000,2014-11-30 22,,
8354126,137948511,1,,6818,2014-12-10 09,,
56676769,179014386,1,950spwi,11406,2014-12-14 11,,11406
120323515,61399612,1,96nrrb5,10894,2014-11-27 08,,
82905542,135695794,1,,10894,2014-12-05 20,,
62007671,313324671,1,,6225,2014-11-29 16,,6225
137115052,67791892,1,94i5795,6825,2014-12-12 22,,
84916776,391060824,1,9rfhlav,12189,2014-12-09 12,,
83313393,332139734,1,,4210,2014-11-24 09,,
66150030,39351559,1,,9618,2014-12-09 12,,9618
97425189,70928534,1,,11914,2014-12-13 07,,
97425189,36131650,1,,107,2014-12-12 01,,
141116365,51598849,1,,11552,2014-11-19 15,,
103610059,34734026,1,,5399,2014-12-09 04,,
89349895,163724044,1,mtj9kuc,1421,2014-12-18 09,,
90019648,330830443,1,,6000,2014-12-13 06,,
110033398,130000165,1,,10901,2014-12-08 13,,
34194469,156753237,1,963bobo,10364,2014-11-22 14,,10364
35306096,66791088,3,,11178,2014-11-29 09,,
35306096,321416057,4,,814,2014-12-12 23,,
9524175,369857677,1,,3798,2014-12-08 05,,
9524175,194671374,1,9p0hacp,2993,2014-12-03 10,,
26920547,295351114,1,,3628,2014-12-15 14,,
12122714,246417270,1,,12488,2014-12-05 16,,
109056742,329688863,1,9r2sji9,5399,2014-12-12 11,,
42208524,333889603,1,9579eqb,5894,2014-11-20 16,,
56708793,378274260,1,,1346,2014-12-02 10,,
38839327,281392580,1,,13230,2014-12-05 12,,
19145056,93336990,1,,3942,2014-11-28 11,,3942
4903043,380695941,1,,1080,2014-11-29 04,,
93850991,122508867,3,,12067,2014-11-21 23,,12067
138735272,11910533,1,,12221,2014-12-07 22,,12221
138735272,293392163,1,,8270,2014-12-07 10,,8270
21806254,329052405,1,95wqeih,13416,2014-11-21 21,,
62355811,254092603,2,,11475,2014-12-03 21,,
8205078,237903529,1,92tjlgl,11623,2014-12-17 18,,
44059193,337793821,1,,3252,2014-11-27 17,,
75321867,119366582,2,99ct2m1,8426,2014-12-09 11,,
50904788,261644607,1,,5395,2014-12-14 19,,
75321867,159555960,1,99ct1fl,6513,2014-12-03 17,,
43857558,305820490,1,,5399,2014-11-26 22,,
82914173,182186980,3,,4264,2014-11-21 11,,
87901815,298579463,1,,2825,2014-11-21 11,,
117779747,335794744,1,,12172,2014-12-05 10,,
83570876,91573241,1,94fpfja,11824,2014-12-06 22,,
54168401,215983751,1,,5027,2014-12-12 20,,
74593955,163481,1,9rb0cr0,11821,2014-12-18 14,,
114249224,392368791,1,,8611,2014-12-05 14,,
56735134,125350129,1,,5894,2014-12-14 00,,
19037604,349360883,1,9411o67,24,2014-12-12 07,,24
19463984,333250892,1,956ru7v,6513,2014-11-24 20,,
93675262,219339977,1,,5027,2014-12-07 18,,
126690366,98204826,1,,1451,2014-11-20 21,,
98796708,251708532,1,9rg3mcf,6700,2014-11-30 08,,6700
114233479,30670160,1,,10661,2014-11-19 20,,
114233479,58266189,1,9q0irvu,3370,2014-11-23 13,,3370
10936698,285725532,1,,7307,2014-12-08 23,,
31331524,138021189,1,,646,2014-12-02 04,,
109927373,215800885,1,,9784,2014-12-04 10,,
102064914,173376908,1,,6518,2014-12-04 22,,
79787742,264469913,1,,3942,2014-11-25 07,,3942
111823061,369688521,1,9rdf1ib,6754,2014-12-11 22,,
75251738,379677801,1,94jrl4f,11279,2014-11-20 23,,
139961106,219176904,1,,1877,2014-11-18 19,,
5358079,310033597,1,mtodac2,5399,2014-12-11 07,,
26949426,223328201,1,,10062,2014-12-08 16,,
134928476,10001273,1,,5399,2014-11-30 23,,
26949426,158069512,1,,12710,2014-12-01 06,,
48304965,260728206,1,,4510,2014-12-09 00,,4510
64597982,160949834,1,9479q02,8930,2014-12-09 16,,
81471953,95928112,1,946k5kk,5232,2014-12-03 21,,
139774311,213696846,1,96ntppf,3472,2014-12-15 17,,
40729947,401195350,1,,8095,2014-11-21 22,,
40729947,305336393,1,,2656,2014-12-03 16,,
108748058,692151,1,9r79j69,6513,2014-12-07 23,,
22717072,279353067,1,954bv1s,10392,2014-11-24 19,,
63052028,55887048,1,,3687,2014-11-26 06,,
54658244,239515684,1,,3662,2014-12-04 14,,
104155,4515655,1,,7440,2014-12-10 15,,
93774837,20285283,1,9rfrfkv,3064,2014-11-23 23,,3064
73870155,184864024,1,,552,2014-12-10 08,,
71734567,370583730,4,,6045,2014-12-13 15,,
23014965,167454016,1,,5689,2014-12-11 10,,
59783248,187472073,1,,5027,2014-12-17 23,,
91339068,395125108,1,95lkvrv,7195,2014-12-03 16,,
91339068,230653437,1,,4640,2014-12-14 22,,
33077425,348766368,1,,6513,2014-12-01 11,,
91979514,277032318,1,,437,2014-11-30 11,,
131637785,244731474,1,,1838,2014-12-08 21,,
131637785,89567357,1,96kao6g,12067,2014-12-01 08,,12067
97389266,215912052,1,,12219,2014-12-16 23,,
5396057,328754952,1,,5689,2014-11-29 00,,
6177572,214464978,1,95wjlhd,13500,2014-12-18 22,,13500
44492877,26588877,1,96kah7n,5271,2014-12-06 23,,
106498387,291973283,1,,5232,2014-11-21 11,,
72632718,213691408,1,,10559,2014-12-13 23,,
74086991,296394151,1,,7195,2014-11-26 12,,
16066732,128065789,1,95qq4de,11537,2014-12-16 22,,
75100167,39501648,1,,3252,2014-12-11 21,,
85566132,74210075,1,,9517,2014-11-27 18,,
27626311,5149377,1,,508,2014-11-20 10,,
137384149,40067622,1,,5201,2014-11-24 23,,
51435191,273157431,1,,8291,2014-12-12 03,,
133581105,345646046,1,,5271,2014-12-14 11,,
106557109,329552829,1,99b5cnl,11685,2014-11-28 18,,
56690952,262534303,1,,6513,2014-11-22 23,,
2588780,368602786,1,946j6wk,1863,2014-12-01 14,,
123237592,13373316,1,94n2kqf,5894,2014-11-23 09,,
69696698,98744469,1,,9247,2014-11-24 13,,
48809451,355515188,1,,10567,2014-11-22 16,,
127619887,216167567,1,99am0k7,2825,2014-11-27 23,,
69505718,225548397,1,,2284,2014-12-06 07,,2284
27840504,403935224,1,,3783,2014-11-27 12,,
75986489,315409786,1,,3424,2014-12-05 21,,
67725088,121045554,1,9rdmvvi,3064,2014-12-04 23,,3064
33463484,116049839,1,,2825,2014-12-05 10,,
100742887,38743973,1,950tc2d,6054,2014-12-16 21,,
53552500,162525264,1,,3472,2014-11-19 15,,
53552500,221764788,3,,9847,2014-11-23 21,,
54660744,147053719,1,,7344,2014-11-29 06,,
116601750,83591673,1,mto97kv,4954,2014-12-10 23,,
70212546,332103625,1,,3793,2014-11-29 10,,
71142425,172600940,1,,8291,2014-12-08 10,,
108912700,231580371,1,95bppt1,5232,2014-12-07 19,,
141323792,403619635,1,,740,2014-11-23 14,,
103633934,332903370,1,,6513,2014-12-06 19,,
85660451,349555856,1,,14079,2014-11-24 22,,
122136651,136444548,1,,12630,2014-12-12 11,,12630
103767458,199685670,1,,5894,2014-11-29 00,,
103767458,199658199,1,,5057,2014-11-28 08,,
109553291,22761691,1,92p7vgq,13500,2014-11-30 14,,13500
7915670,200906868,1,94wbm2a,1838,2014-11-29 20,,
81608134,315606928,1,,8684,2014-12-18 10,,
122779299,72774028,1,,6460,2014-12-17 01,,
44614693,330194880,1,,9790,2014-11-20 17,,
56709846,395627424,1,,13114,2014-11-24 21,,
59422637,402130137,1,,8077,2014-12-16 22,,
87980818,329417242,1,,8662,2014-12-10 11,,8662
132057506,381616091,1,,4280,2014-12-14 06,,
97666716,137922363,3,95qbvvd,5689,2014-12-06 10,,
9868602,64279186,1,94cp2ru,6420,2014-12-18 07,,
84465849,355043976,1,mtj0uew,6742,2014-12-10 19,,
33984927,229178179,1,,10135,2014-11-25 23,,
78704357,363103609,2,,3628,2014-12-10 23,,
45384478,25928239,1,96pnpdp,10901,2014-12-04 12,,
33984927,345955068,1,,5749,2014-12-13 21,,
26720422,7459293,1,,13230,2014-12-02 22,,
108070698,176401726,1,954lmtu,7834,2014-12-07 23,,
48836510,173311978,1,,14079,2014-11-18 10,,
127946843,105280941,1,9rnsbfm,1865,2014-12-09 13,,
43738222,335627206,1,,8990,2014-11-22 21,,8990
108070698,360836176,1,954lmsa,5388,2014-11-26 22,,
65645933,257124141,1,,5399,2014-11-27 17,,
26573714,147192957,1,,242,2014-12-16 05,,
69144178,365946987,1,,765,2014-11-25 23,,
69144178,117586296,1,,6000,2014-11-22 09,,
82756067,62115432,1,962vfno,4414,2014-11-27 18,,
65645933,11661320,2,,1863,2014-12-11 00,,
83764719,274571482,1,,7957,2014-12-01 00,,
83764719,149375701,1,,5395,2014-11-28 11,,
108087298,71499586,1,,10753,2014-11-21 12,,
84892889,70625061,1,94l4avl,5027,2014-11-24 10,,
68381564,192842804,1,,10544,2014-12-02 01,,10544
85724451,293129299,1,,8860,2014-12-15 14,,
121711639,102957350,1,,3099,2014-11-28 12,,
12262752,3659617,1,,12189,2014-11-19 20,,
12570225,335200694,1,,5017,2014-11-23 01,,
136769457,7332302,1,,11790,2014-12-15 15,,
87413989,302256354,1,95lk242,3628,2014-12-07 21,,
82575380,9606980,1,,6054,2014-12-18 14,,
73196588,240354954,1,,13230,2014-11-22 20,,
94645713,184387983,4,,3472,2014-11-27 11,,
94645713,280673160,1,,9516,2014-11-30 11,,
73196588,93477852,1,,9179,2014-12-16 21,,
23367131,79125023,1,,10894,2014-11-28 16,,
36246846,23858045,1,,12047,2014-12-17 22,,
80443167,30365382,1,95qqcvd,6000,2014-12-18 07,,
80443167,323993322,1,,6000,2014-12-18 06,,
100917596,394504750,1,95q4a32,7491,2014-12-09 10,,
58874603,404304149,1,94jjuf6,3381,2014-12-04 22,,
93133160,322148210,1,95qu26r,3064,2014-12-18 11,,3064
90710232,368144174,1,,552,2014-12-04 07,,
111943165,366179443,1,,10135,2014-11-29 00,,
111943165,136449,1,,10250,2014-12-09 22,,
123188632,286746591,1,,6513,2014-12-09 02,,
11805206,243729894,1,,4370,2014-12-09 05,,
121632160,203267590,1,,12564,2014-11-24 01,,
71671024,350471865,1,,5898,2014-11-24 00,,
128246403,54417662,1,992hasu,6344,2014-11-21 12,,
128814993,185326850,1,,3956,2014-11-27 22,,3956
134512473,199589900,1,955mn7r,9179,2014-11-18 14,,
134512473,278190888,3,955mb99,9397,2014-11-22 11,,
66303330,234312518,1,,12973,2014-12-14 09,,
47328088,376018555,1,,6255,2014-12-15 12,,
9435211,273520200,1,,7929,2014-12-02 21,,
99730920,153433077,1,,13696,2014-12-08 08,,
19665682,62425804,3,96sl9dq,2953,2014-12-07 08,,
25871996,335067880,1,95fttip,11763,2014-12-09 17,,
45743550,346006317,1,99chv3t,7881,2014-12-18 13,,
73424303,104904753,1,,11279,2014-12-10 23,,
80458696,312808244,1,,9541,2014-11-20 19,,
132231447,291164804,1,,11652,2014-12-15 13,,
132231447,52632630,1,,2851,2014-11-23 17,,
72526488,51705944,1,,11339,2014-12-17 20,,
80528162,46722388,1,9rg0rnt,13230,2014-12-17 11,,
5478302,235349032,1,,13230,2014-12-02 00,,
80528162,308044554,1,,5894,2014-11-26 20,,
87658501,363219193,1,95ov3vn,5653,2014-11-21 22,,
87658501,29098047,1,,1863,2014-11-25 21,,
29878513,273003724,1,,2953,2014-11-20 19,,
99926967,189484048,1,,11821,2014-12-07 12,,
74028981,174278562,1,9h546j1,9516,2014-12-03 12,,
29983125,54508219,1,,3064,2014-11-29 22,,3064
116307746,188179833,1,,3783,2014-11-29 14,,
50066882,399081560,1,,10223,2014-11-22 12,,
90331505,178493961,1,,1863,2014-12-02 21,,
130068403,23905305,1,ffoefdj,12683,2014-11-22 08,,
131271151,34814518,1,,5271,2014-11-27 17,,
131271151,205239578,1,94djih9,5232,2014-11-26 20,,
87351790,4107834,2,,5894,2014-12-04 09,,
111459626,125309950,1,,13230,2014-11-19 19,,
91817248,397937756,1,,8148,2014-12-16 21,,
130701117,265546664,1,,6000,2014-12-18 15,,
100497308,261168669,1,,12147,2014-12-17 10,,
20668159,199363359,1,mtrkw7t,5027,2014-12-17 19,,
113674227,178836554,1,,2825,2014-11-19 20,,
136788174,326752942,1,,5027,2014-12-03 09,,
34566759,128436554,1,97wlrjj,1863,2014-12-12 14,,
44005966,46279602,1,,3660,2014-12-12 00,,3660
16423734,359595967,1,,9614,2014-11-24 17,,9614
110106082,157026939,1,99a3drt,5271,2014-12-16 13,,
53916276,21195391,1,9rdkufc,5395,2014-11-19 23,,
120594609,290204502,1,95q0ipl,13932,2014-12-09 20,,
53916276,244930627,1,9rdkvjt,13230,2014-12-07 10,,
90924422,396821055,1,,6253,2014-12-03 01,,
37780288,219323692,1,,4531,2014-12-15 09,,
106926411,217213194,1,,6000,2014-12-04 13,,
137998405,261881879,1,,5395,2014-12-02 10,,
74314315,266178957,1,,6209,2014-12-16 13,,
23326854,219697758,3,,3673,2014-11-24 18,,
126498373,255858880,1,,11229,2014-12-13 16,,
46143156,368891584,1,,8877,2014-12-09 23,,
33019836,216282794,1,,940,2014-12-09 18,,
41182866,239083199,1,99uji5p,9772,2014-12-17 13,,
32572266,373181476,1,,6344,2014-12-05 23,,
59462013,74246445,1,,7350,2014-12-01 20,,7350
94654581,122845199,1,,7488,2014-11-19 20,,
98308778,241307946,1,,9334,2014-12-13 18,,9334
8325510,301543446,1,,13230,2014-12-08 07,,
82705001,309196552,1,9rn9f34,10567,2014-11-27 23,,
76252012,50052406,1,9r52bh5,6513,2014-12-06 19,,
80283819,343534216,1,,6045,2014-11-19 23,,
104735935,8947297,1,,6901,2014-12-05 15,,
133849127,201486987,1,,7103,2014-11-28 21,,
140257001,89719429,1,,8860,2014-11-23 07,,
107377446,45117410,1,94eoebg,5653,2014-12-11 23,,
107952284,123475528,1,,11279,2014-12-03 12,,
102930156,195438819,1,,7957,2014-12-01 22,,
106058919,304246765,1,951wcjd,3628,2014-12-05 11,,
116511286,153398204,1,,11549,2014-12-05 19,,11549
114307712,366889308,1,,8586,2014-12-15 04,,
3192805,262478133,1,,10431,2014-11-28 21,,10431
48468739,201135460,1,955jpi7,9109,2014-11-20 19,,
27850931,190467602,1,94at564,5689,2014-11-24 18,,
54340712,101951180,1,,6977,2014-11-25 17,,
140145748,331335049,1,,2284,2014-11-20 17,,2284
34723367,27611784,1,,12465,2014-12-03 20,,
84167844,21026713,1,,560,2014-12-03 11,,
52808446,58401083,1,,5600,2014-11-23 07,,
86011804,247453104,1,,1692,2014-12-16 00,,
86011804,362986829,4,9rg7fqw,7712,2014-12-13 13,,
126399162,1073316,2,,7957,2014-11-27 00,,
138749285,399905610,1,9rf9jwe,10216,2014-11-30 08,,
83802493,67376001,1,99ctig9,5894,2014-12-15 15,,
112317649,130203422,1,951hs43,508,2014-12-04 22,,
31663890,129998007,3,95bp4ao,13853,2014-11-18 21,,
126024699,51438371,1,,8077,2014-12-11 23,,
113960,52694632,4,ffblcsv,512,2014-11-19 19,,
19589004,254965329,1,94jrj24,2993,2014-12-08 20,,
21386838,246358964,1,,12090,2014-12-05 08,,12090
125083491,291960736,1,94lrmig,12172,2014-11-23 13,,
75888387,11633730,1,,5395,2014-11-25 18,,
126094939,209323160,1,9296nmw,10072,2014-12-09 22,,
66497070,24445972,1,9902d4u,1083,2014-11-25 20,,
90539396,101750811,1,,4197,2014-11-20 20,,
118996710,61928454,1,,9541,2014-11-21 17,,
77528436,178319910,1,,6054,2014-12-14 16,,
83813302,389277424,1,,3748,2014-11-18 09,,
12571684,296251746,1,,6513,2014-11-19 22,,
12571684,167947976,1,,2016,2014-11-18 20,,
94480146,173715466,1,,5653,2014-11-23 21,,
138387712,90503449,1,96awabw,5232,2014-12-14 22,,
15987177,395976671,1,94e1g96,10120,2014-12-07 07,9rdm15b,10120
38855741,30572311,1,,5232,2014-11-26 21,,
100929958,87015975,1,,11552,2014-12-01 23,,
25040950,78211117,1,9qtcuuj,6795,2014-11-25 13,,
37008188,271566717,1,,56,2014-11-23 16,,56
129878874,161621957,1,,9574,2014-12-18 09,,
64326708,353924995,1,,12090,2014-12-11 22,,12090
10027039,169048651,1,,9516,2014-11-21 09,,
100288957,215495832,1,,5503,2014-11-23 23,,
100288957,33414592,1,,8666,2014-12-08 16,,
137284530,328815110,1,979ffnr,5899,2014-12-15 08,,
134358011,379249703,1,,12630,2014-12-02 10,,12630
43052420,128117287,1,9hqlo76,7957,2014-12-16 16,,
43052420,262575486,1,,1121,2014-12-04 12,,
47899491,195028168,1,94jcjpu,9847,2014-11-22 22,,
43052420,255571158,1,,12183,2014-12-15 12,,
4381858,368542393,1,,3628,2014-12-12 08,,
5694160,103003993,1,,2825,2014-11-19 20,,
31816906,60566621,1,95lkve0,13041,2014-11-29 19,,
47551029,142826214,1,9pt27gw,6648,2014-12-18 08,,6648
65444509,144625473,1,,13500,2014-12-14 09,,13500
113104667,112025251,1,,9790,2014-12-05 00,,
7391440,121106836,1,96ww5bj,3783,2014-11-28 12,,
25275595,14366246,1,94llipd,8291,2014-12-01 16,,
49646570,324367311,1,,10901,2014-11-29 16,,
70240139,158096345,1,99s4auc,8874,2014-12-03 21,,
1160607,39485838,1,,10533,2014-11-26 11,,
1160607,124140181,1,,1863,2014-12-14 19,,
108535249,118360317,1,9rgtic1,56,2014-12-17 10,,56
51341836,292782841,1,ffev3g2,2308,2014-12-13 21,,
123157899,282149686,1,,4264,2014-12-04 21,,
50343169,109698775,1,,3783,2014-12-07 17,,
53154333,77110280,1,,5533,2014-12-15 21,,5533
72813283,11975009,1,9623kth,8650,2014-12-12 17,,
124107376,16996732,3,,11625,2014-11-28 08,,
124107376,68443184,1,95bbwgi,4962,2014-12-18 13,,
126550215,375109978,1,,492,2014-12-18 13,,
139793464,90699363,1,,292,2014-11-24 21,,
95687290,337151275,1,,11140,2014-12-12 19,,
98084033,292758286,1,,5232,2014-12-04 08,,
21824858,304640408,1,,8765,2014-12-09 19,,
85822276,202398351,1,,1441,2014-11-27 09,,
137344822,335588066,1,9471m79,4778,2014-12-18 15,,4778
104226556,376857830,1,,11757,2014-11-20 20,,
52368085,24475677,1,,5204,2014-12-08 04,,
122462305,192484604,1,,1720,2014-11-27 19,,
122462305,149185048,1,,11824,2014-11-21 04,,
67759870,304764064,1,,2513,2014-11-27 13,,
124600027,23862344,1,954fdbp,874,2014-12-04 16,,
79807626,200712972,1,95q66jv,6513,2014-11-20 11,,
79807626,128716092,1,,5900,2014-12-18 00,,
94761124,204366368,1,9vskj26,5894,2014-12-17 12,,
18927299,324218862,1,,72,2014-11-22 17,,
103781365,47183181,1,969673p,11622,2014-11-29 10,,
134936620,9827270,1,,5399,2014-12-03 02,,
23439550,91899253,1,,1843,2014-12-04 10,,
123848007,303045593,1,,5388,2014-11-22 08,,
11552428,133076981,1,,13230,2014-11-24 07,,
2242773,299269725,1,,5027,2014-12-08 23,,
32495375,364130491,1,95ribp1,5399,2014-12-15 09,,
101508404,377940145,1,mtopwvg,5399,2014-12-05 17,,
12684051,157229885,4,,3625,2014-11-28 19,,
104569658,28833424,1,99chhoi,5027,2014-12-02 09,,
64783805,3783466,2,954aw26,8291,2014-12-02 22,,
25477392,192461666,1,ff3lm4l,13500,2014-12-08 17,,13500
57685274,146787266,1,mto1vta,11652,2014-12-16 22,,
69599332,31314630,1,95ricr6,13230,2014-12-17 15,,
31729893,39392418,1,,4370,2014-11-23 07,,
608951,136624828,1,99s7j1l,13515,2014-12-10 14,,
100833741,302136908,1,9redjt7,4864,2014-12-10 23,,4864
106295017,353531560,1,,4364,2014-12-06 22,,
118155586,129611193,1,,10392,2014-12-13 22,,
41324527,56624861,1,94hkah7,5689,2014-12-11 22,,
101406137,129138111,1,990q7sk,2993,2014-11-22 15,,
43491458,340316480,1,,12375,2014-11-25 21,,12375
105919960,153021248,1,,8986,2014-11-18 23,,
77443046,41470207,3,,2825,2014-12-03 22,,
67021316,229820974,1,979vjhm,3368,2014-12-09 20,,3368
72703245,320600936,1,9r7ivgq,215,2014-12-15 22,,
72703245,264105416,1,,3368,2014-11-24 04,,3368
125193088,159330945,1,,1083,2014-11-21 14,,
132966536,196664811,1,,5027,2014-12-18 23,,
139774835,147992124,1,97u6v2h,3798,2014-11-20 12,,
52577851,93185817,1,,13230,2014-11-24 23,,
16755897,291936423,1,,552,2014-12-07 00,,
20293501,300493414,1,,4370,2014-12-04 12,,
52577851,355539000,1,,12855,2014-12-04 10,,
36233277,301290243,2,94ek6a9,11552,2014-12-05 21,,
44748590,328831763,1,,6512,2014-12-06 23,,
45620035,11848299,1,,9338,2014-11-29 18,,
66909500,238491476,1,,10894,2014-11-18 01,,
36233277,147461787,1,94ek6a4,5399,2014-12-05 23,,
11000891,113960265,1,,3942,2014-12-01 19,,3942
137270307,57479722,1,,10431,2014-12-06 17,,10431
36233277,86105362,1,,12855,2014-12-02 00,,
80384982,141200597,1,946qrh4,8864,2014-12-03 07,,
111820958,67942744,1,,2825,2014-12-01 00,,
59511789,223518772,1,,6640,2014-12-16 22,,
59731095,42177093,1,,8979,2014-12-10 19,,
74775623,160662606,1,,13230,2014-11-26 22,,
97390150,362470262,1,,9397,2014-12-01 10,,
11162300,282805576,1,,10825,2014-11-28 04,,10825
11162300,188167302,1,,2568,2014-11-30 23,,2568
131851410,375349757,1,,5399,2014-12-07 08,,
107287661,196083171,1,,552,2014-11-30 19,,
78477282,258287251,1,9qpl77j,10894,2014-11-19 20,,
88815441,151897169,1,,12602,2014-11-24 15,,
78477282,92126048,1,9qpl77g,4520,2014-11-29 22,,
111311037,304755426,1,,10523,2014-12-06 14,,
19282406,32219777,1,94dstwi,6513,2014-11-27 13,,
67422920,26643594,1,956ru17,10930,2014-12-12 09,,
107269703,164661068,1,,7929,2014-12-15 15,,
15541192,275965052,1,,11537,2014-11-27 22,,
25474939,231796068,1,9931ked,6513,2014-12-06 14,,
83679249,198161358,1,95q3ct6,552,2014-12-07 08,,
3578206,139082323,1,,3798,2014-11-21 21,,
15541192,160247083,1,,9516,2014-11-18 14,,
23248133,178405123,3,,13713,2014-11-24 10,,
11415302,397477758,1,96mp6ut,13455,2014-12-04 12,,
119053698,139963523,1,,3628,2014-11-25 05,,
53416987,355270017,1,,5993,2014-12-02 11,,5993
124959202,109922095,1,99curpk,11824,2014-11-29 19,,
38782215,175650675,1,95qh2bd,5027,2014-12-05 12,,
134904941,25960198,1,,3015,2014-12-12 22,,
41017872,281134902,1,,5894,2014-11-26 15,,
21035609,283945910,1,49u2rwt,4676,2014-12-15 16,,
72184942,268453657,1,,8877,2014-12-11 15,,
64471307,73373618,1,94j9fi7,6344,2014-11-19 21,,
108945253,246211842,1,,13230,2014-12-02 13,,
54144399,317807945,1,,11159,2014-11-22 17,,
71969934,192610229,1,,4773,2014-12-13 23,,
10297132,102843334,1,,5399,2014-12-01 09,,
72775671,215750535,1,9t4qd21,5027,2014-12-09 11,,
59659116,44081910,3,9hq4g5o,1863,2014-12-11 23,,
137625581,262942774,1,95wkud7,8561,2014-12-09 19,,8561
23165095,195840056,1,,5623,2014-11-20 12,,
103592049,131287224,1,,1863,2014-12-03 21,,
39248540,103496551,1,95g1ifd,10533,2014-11-28 21,,
39848859,140681551,1,,1488,2014-12-02 23,,
122129755,36256983,1,,6795,2014-12-18 23,,
6685234,44209013,1,,5232,2014-11-28 17,,
74080846,327118674,1,,12553,2014-12-07 22,,12553
89417510,205863331,1,,5271,2014-11-22 21,,
137068806,48366723,1,95mfrrt,3783,2014-12-09 09,,
119681430,46822435,1,95bp6ro,6513,2014-11-18 15,,
116918377,305878636,1,,8537,2014-11-18 03,,
134636593,155863775,1,,5232,2014-11-19 22,,
75292590,137924447,1,,3381,2014-12-13 08,,
76658341,241208010,1,,1863,2014-11-28 20,,
37554907,239861849,1,,8586,2014-11-28 13,,
24288984,155539565,2,,3544,2014-11-26 14,,
26253026,215232617,1,,12610,2014-12-09 20,,
77324134,105236358,1,,5399,2014-12-16 07,,
72820368,293716900,1,,9179,2014-12-07 21,,
35806116,223303364,1,,2953,2014-12-10 09,,
47241390,191120220,3,,4370,2014-11-24 16,,
72820368,10811337,1,,630,2014-12-08 16,,
104135842,17451960,1,99ui4f0,14060,2014-11-24 21,,
38935686,204770690,1,9p20tqc,5894,2014-12-01 22,,
107323711,80479347,1,96032l4,1943,2014-11-24 20,,
88209434,234769642,1,,13107,2014-11-29 02,,
127958351,349005646,1,,4954,2014-11-29 20,,
68002440,27471911,1,9476bku,10894,2014-12-11 22,,
99117769,44387609,1,,6648,2014-12-15 08,,6648
26125683,381477693,1,,10380,2014-12-03 18,,
131930045,364112378,1,,11537,2014-12-05 11,,
112976136,21137926,1,,6513,2014-11-22 23,,
29524082,80804899,1,996oefs,5399,2014-11-26 12,,
113693068,143531642,1,92pqc7h,7739,2014-12-14 10,,
128878698,112747034,1,,1230,2014-12-12 16,,
128867621,256596654,1,95bp2mq,814,2014-12-16 11,,
42427256,171042814,1,,2899,2014-12-01 12,,
30817416,391623220,1,,3431,2014-12-05 21,,
56800934,108263313,1,9pces7r,11756,2014-11-22 21,,
247543,250548878,1,,12141,2014-12-12 09,,
22153508,148457002,1,94bblu1,5027,2014-12-05 21,,
6049053,276807114,1,,9637,2014-12-16 22,,
65438079,248457665,1,,11279,2014-12-17 08,,
77306409,67186887,1,,675,2014-11-30 09,,
46428221,378280168,1,9r7kvhm,12488,2014-11-28 18,,
49003690,137482530,1,,12659,2014-12-14 19,,12659
108266017,172227365,3,,9517,2014-12-14 20,,
96720314,265778529,1,,5894,2014-12-14 18,,
117954942,241946884,1,,13727,2014-12-03 19,,
77524894,375768703,1,,1863,2014-12-02 14,,
75225256,248344188,1,94m23fn,5867,2014-12-16 07,,
101435898,121255690,1,9qkgjc6,2953,2014-12-18 23,,
140827248,86439067,1,,232,2014-11-25 17,,
75881126,13215522,1,,6643,2014-12-16 19,,6643
139592313,227262278,1,,292,2014-11-23 13,,
120873,377789601,1,,5027,2014-12-05 22,,
2172795,315155553,1,95qq432,11520,2014-12-18 17,,
44706382,71708252,1,,508,2014-12-04 17,,
22901182,74257805,1,,6975,2014-12-01 21,,
65848846,217846858,1,,784,2014-11-21 00,,
31190628,176207771,1,,5399,2014-12-09 18,,
10319860,177166633,1,9t6lw0u,2953,2014-12-13 21,,
59864388,345096068,1,,11241,2014-12-05 01,,
59864388,395890517,1,,10155,2014-12-08 23,,
120812517,55525733,1,,5027,2014-12-09 03,,
17328648,195960605,1,,3544,2014-12-08 19,,
26460336,185812237,1,99ct77v,9179,2014-12-04 20,,
115129419,378031788,1,,895,2014-12-08 21,,
1188241,299035376,1,,1797,2014-11-18 18,,
60575815,336990501,1,,11279,2014-11-23 07,,
62969316,100362589,1,,1872,2014-12-11 21,,
103439105,69827732,1,,12582,2014-12-10 15,,
103439105,402184644,1,,11241,2014-11-18 10,,
73491319,70489946,1,,13230,2014-11-24 22,,
94992306,354026290,1,,2513,2014-11-25 21,,
97045271,189189126,1,ffa6rn6,4008,2014-12-11 14,,4008
115343862,358280284,1,944lqj9,3798,2014-12-15 10,,
107653308,188679351,1,,5268,2014-12-05 17,,
34798858,103987106,1,9r7dbm9,6000,2014-12-09 20,,
102418389,68499644,1,,5232,2014-11-29 20,,
43855246,234417896,1,,13230,2014-11-20 21,,
130739831,135629710,1,9rna307,1863,2014-12-18 09,,
128009906,235703017,1,96k1unk,11335,2014-11-27 11,,
132061340,243033428,1,9r7kvrn,8765,2014-11-19 15,,
27129711,127965341,1,95usm19,6513,2014-11-24 20,,
20997825,318945104,1,99chta0,10524,2014-11-21 08,,
43032378,136892171,2,,8664,2014-12-12 13,,
7248646,2075505,1,,7767,2014-11-19 19,,
79472459,399858977,1,,5027,2014-12-14 09,,
85178050,12053290,1,97mh60j,13823,2014-12-06 08,,
25773958,158321940,1,,3424,2014-11-22 20,,
25773958,239184826,1,,3979,2014-11-20 14,,
99433181,244994063,1,,1838,2014-11-21 12,,
99433181,149963525,1,,5399,2014-12-08 15,,
120852545,115937928,1,95qov3s,4676,2014-11-28 20,,
117829483,114165815,1,95q651n,11281,2014-11-30 13,,
137175187,145561641,1,,5395,2014-11-27 09,,
75321622,230589981,1,,10392,2014-12-06 19,,
33424560,250068467,1,,437,2014-12-01 17,,
52795855,139466838,1,9rdjhfa,8291,2014-12-17 21,,
18785289,23802035,1,,2284,2014-12-09 08,,2284
79384326,133610868,1,,3628,2014-11-26 20,,
95898771,289221310,1,,11991,2014-11-23 17,,11991
80415557,7575018,1,9qw92hf,3064,2014-12-13 23,,3064
88691490,395828707,1,956o9gd,12514,2014-12-08 14,,
97428494,253812702,1,,7205,2014-12-12 16,,
85336332,221005279,1,,5027,2014-12-15 00,,
17757827,324286697,1,945irm5,7619,2014-12-13 20,,7619
126784328,241232017,1,946jqnq,8126,2014-11-18 16,,
126784328,220704456,1,946jqhi,5894,2014-11-27 09,,
126784328,135426525,1,946jq25,13230,2014-11-30 11,,
41831177,141031613,1,,6689,2014-12-04 03,,
23740258,198339543,1,,1843,2014-12-18 16,,
59413510,281397437,1,,13230,2014-12-13 17,,
85550335,120747662,1,,6000,2014-11-29 23,,
93111704,42777923,1,,11721,2014-12-15 11,,
72749623,253626327,1,95rhckr,10392,2014-12-03 20,,
93970634,271285600,1,,3064,2014-12-13 14,,3064
8197937,198769033,1,95f63e6,4701,2014-12-16 18,,
115636067,16409193,1,,13500,2014-12-03 11,,13500
91214457,256093507,1,,9593,2014-12-17 02,,9593
91214457,354238236,1,9r7dbdk,2739,2014-11-24 12,,
19865503,64032772,1,mtoglkq,2953,2014-12-13 07,,
35709243,251644875,1,956mn4g,13230,2014-12-06 08,,
33797179,168091090,1,,10785,2014-12-09 07,,
71678956,236581966,1,,5232,2014-11-23 08,,
72391099,114934342,1,,10740,2014-11-27 12,,
100192152,247335150,1,,10894,2014-11-18 18,,
9357811,186290468,1,,10392,2014-12-04 19,,
116936170,255113721,1,,5763,2014-11-25 19,,5763
12055347,118788323,2,,831,2014-12-12 19,,
12055347,177945726,1,,10314,2014-12-06 10,,
114054067,337879263,1,,5027,2014-11-27 20,,
37648682,291805478,1,,13230,2014-12-04 20,,
27565397,217333775,1,94epw6m,9247,2014-12-18 22,,
36306202,129372191,1,94jbn39,4120,2014-12-11 23,,
67849399,221599612,1,,10265,2014-11-20 08,,
67155648,48937851,1,,11279,2014-12-01 21,,
69521301,91955983,1,,9712,2014-12-01 01,,
85052259,105632468,1,,3099,2014-12-17 11,,
85052259,188845260,1,,5232,2014-12-12 18,,
89710336,271633598,1,,10894,2014-11-18 23,,
110007607,158107941,1,9rg112a,9720,2014-12-08 08,,
118986002,365389830,1,,10823,2014-12-15 19,,
125889163,123411413,1,,13500,2014-11-20 08,,13500
29381952,343673455,1,,11552,2014-12-18 23,,
70503301,304604539,1,,508,2014-12-10 06,,
140781295,31592320,1,,9540,2014-12-08 22,,
33739321,264449095,1,954gifb,12318,2014-12-13 13,,
139059745,73469574,1,95quwaf,9753,2014-11-24 17,,
125135169,195700712,1,953s6nl,11824,2014-12-16 12,,
27833657,64825818,1,,6513,2014-12-06 06,,
8443684,71079718,1,97n09bu,5027,2014-12-07 23,,
8443684,156094409,3,97n09eo,5399,2014-12-16 08,,
31449327,384385414,1,,3381,2014-11-28 11,,
139104982,196762018,1,mtdasre,11702,2014-12-11 10,,
35860790,333379770,1,,5232,2014-12-04 01,,
80415557,349194867,1,9qw92ka,10637,2014-12-13 23,,10637
32198657,255355305,1,,13230,2014-12-08 22,,
56708793,132211527,1,,1083,2014-12-12 09,,
88691490,223005904,1,,10191,2014-11-18 14,,
4839961,66509339,1,94dalho,6326,2014-11-24 17,,
135187545,254318671,1,,6460,2014-12-14 14,,
99272840,242680126,1,,3424,2014-11-29 20,,
52395429,200272632,1,94vid5w,8792,2014-12-02 13,,8792
76314785,142211026,1,,12090,2014-11-19 00,,12090
89888891,15343306,1,,10431,2014-11-19 13,,10431
115636067,284272461,1,,10431,2014-12-07 19,,10431
106783624,51897144,1,,4087,2014-12-06 09,,
97464808,221441536,1,,10392,2014-11-21 08,,
99795650,8371976,1,,6804,2014-11-28 07,,
12214179,154497173,1,95rinoj,7023,2014-12-18 20,,
133788184,16949915,1,9rfiugq,5027,2014-12-13 12,,
97464808,300090057,1,,5653,2014-12-17 21,,
131670570,53123784,1,,5661,2014-12-14 12,,
82320644,126936857,1,,2513,2014-12-04 20,,
141700273,66852312,1,9rg629u,8077,2014-12-12 23,,
1944583,258236588,1,,9102,2014-11-29 22,,
17328648,155843815,1,,6977,2014-11-20 15,,
10149605,119684105,1,95riae2,874,2014-12-01 22,,
34232226,129204988,1,,3064,2014-11-30 19,,3064
117301497,339497674,1,,10533,2014-12-18 23,,
8325510,143693951,1,,5027,2014-12-18 12,,
8325510,154829957,1,,5027,2014-12-18 12,,
37627350,245542636,1,,12512,2014-11-22 20,,
86568201,360156024,1,,1083,2014-12-02 14,,
117301497,271982391,1,,3783,2014-12-03 19,,
7144740,365139246,1,94n73rp,5550,2014-11-30 09,,
95237027,72677612,1,955j1g7,4830,2014-11-18 23,,4830
13408757,63009037,1,,2825,2014-11-22 21,,
112944080,231254595,1,95rj3m7,767,2014-12-16 20,,
10480818,368767313,1,,11406,2014-11-27 19,,11406
139752048,12097174,1,95f75qw,9388,2014-12-17 22,,
114845984,113096873,1,,6101,2014-12-10 21,,
15758254,345390880,3,,11652,2014-12-12 09,,
37357777,81550732,1,,6513,2014-12-18 14,,
11412443,203793678,1,,9516,2014-12-06 09,,
23958465,306223308,1,,492,2014-12-13 14,,
37456519,245504386,1,99csog3,3381,2014-11-22 23,,
67658666,68162353,1,97qrddq,10481,2014-12-07 17,,
43796808,128489653,1,,7021,2014-12-12 01,,
54404822,183723033,4,,2271,2014-12-11 18,,
88916048,306194263,1,,8095,2014-12-02 17,,
88916048,93477470,1,,6657,2014-11-22 22,,
98133460,299716422,1,,6513,2014-12-13 03,,
98133460,75848536,3,,8099,2014-12-02 21,,8099
71234312,292205660,1,94oildg,6000,2014-12-04 23,,
71234312,21699796,1,94oioor,13041,2014-12-12 09,,
48509295,161120112,1,,1230,2014-11-22 03,,
7766678,109030776,1,,14033,2014-11-27 18,,
5837961,84990985,1,95f74o0,4531,2014-11-28 22,,
125110045,121677627,1,,14079,2014-11-19 05,,
74856244,174690306,1,99ctqu5,1863,2014-11-26 23,,
87098913,184728078,1,97rc5bt,3656,2014-12-14 15,,
76090844,18275271,1,9rawstn,3328,2014-11-25 17,,
128960133,235645585,3,,11279,2014-11-27 11,,
128960133,195244243,1,,8132,2014-11-22 19,,
45563112,1603425,4,,10314,2014-12-03 20,,
34064404,106975653,3,96k15cg,3000,2014-12-17 22,,3000
47551029,287949287,1,9pt2hj0,552,2014-12-04 11,,
11517935,397756332,1,,11279,2014-12-08 22,,
128081640,404398646,1,,9753,2014-12-01 19,,
137670106,110005609,1,,3064,2014-12-18 17,,3064
40781736,388978856,1,,6209,2014-12-16 06,,
83976569,210083407,1,,9790,2014-11-24 03,,
39741393,182715902,1,,13007,2014-11-18 22,,
92174499,348160685,1,950fc7e,10825,2014-12-16 13,,10825
32054639,250870128,1,,10814,2014-11-22 23,,
18379814,383765465,1,951r5u7,13041,2014-11-25 08,,
47272457,296526670,1,,6513,2014-12-11 10,,
43592945,309077675,1,9rhhgph,9503,2014-12-03 23,,
89644945,45018457,1,,10223,2014-12-12 15,,
34553782,153219191,1,mti1h31,11279,2014-11-19 12,,
136576184,155523036,1,,1863,2014-11-18 22,,
34578527,107779544,1,,14079,2014-11-19 16,,
49542384,44871021,2,,5894,2014-12-07 15,,
71929773,15230655,1,,12490,2014-11-30 17,,
84517694,256191739,1,,13500,2014-12-09 11,,13500
58902373,249441428,1,,1421,2014-12-08 21,,
1022919,305715027,1,9p0herk,6000,2014-12-12 09,,
116252021,331952880,1,,12964,2014-11-20 22,,
47065671,77163048,1,,5894,2014-12-04 21,,
59511789,166350639,1,,5027,2014-11-27 22,,
136769457,294340741,1,,10894,2014-12-02 16,,
131231135,156422328,1,95b6t6c,2993,2014-12-08 12,,
8917150,34741431,1,,6513,2014-12-18 20,,
136769457,251773958,1,,14079,2014-11-19 21,,
83954147,72083863,1,,4370,2014-12-14 16,,
74314315,148493200,1,,4605,2014-12-12 07,,
93207382,225340899,1,,8583,2014-11-21 22,,
89302742,323452549,1,ffadwlu,1427,2014-12-18 12,,
17883538,158263135,1,,3960,2014-12-14 01,,3960
77432011,299192630,1,,5027,2014-11-30 20,,
78477282,190387479,1,9qpl767,6054,2014-12-09 21,,
113078957,238712706,1,,8655,2014-12-01 00,,
64364680,179403018,1,,5894,2014-12-11 19,,
52116816,40898582,1,,6255,2014-12-16 15,,
52431232,389786213,1,,1863,2014-12-03 23,,
52772551,122388753,1,,5894,2014-12-12 00,,
70913065,120336484,1,,4269,2014-12-02 16,,
52772551,46238631,1,,12855,2014-11-26 16,,
110423160,385682890,1,,7876,2014-12-14 19,,7876
97951451,123314379,1,,4370,2014-11-30 19,,
31446692,293115647,1,,6344,2014-11-30 21,,
140452690,8709041,1,,13230,2014-12-10 12,,
71696748,64496259,1,,11241,2014-12-13 20,,
26720422,124651287,1,,9559,2014-11-18 15,,
28235067,164115022,1,,5232,2014-12-04 22,,
67684356,101212883,3,,12488,2014-12-05 08,,
20472131,279560884,1,,5399,2014-12-13 17,,
37064529,13304003,1,955h1p2,5477,2014-11-25 19,,
37064529,82297209,1,955h6oe,9444,2014-11-30 23,,
83974192,72741839,1,99nfsmm,10894,2014-11-28 11,,
38588481,14087919,1,,5232,2014-11-29 23,,
84247610,144801103,1,,13698,2014-12-16 10,,
43399261,236491912,1,,9517,2014-11-27 08,,
134580497,277711948,1,9hqcpiu,11520,2014-12-05 16,,
48099335,7739870,1,,7484,2014-11-21 01,,
57447913,306239975,1,,12652,2014-12-15 21,,
56690952,28300594,1,99ct309,3252,2014-12-18 20,,
57447913,347490635,1,,4701,2014-12-12 07,,
83764719,252467437,1,95mqavh,5027,2014-12-03 21,,
84892889,383365446,1,94l4adj,11589,2014-12-08 21,,
139435539,98548596,1,,10984,2014-12-05 18,,
107868172,55624957,1,9rg3o04,1863,2014-12-07 13,,
88715260,130728440,1,,4431,2014-12-13 11,,4431
50904788,72994637,1,,8877,2014-11-24 19,,
101437780,73128704,1,,3783,2014-12-11 22,,
107323711,47419267,1,96032lm,13381,2014-12-03 20,,
58812216,87046998,1,94nutos,5399,2014-11-24 21,,
14144843,357168413,1,94efsdm,5399,2014-12-08 17,,
17816597,65821521,1,,6255,2014-12-17 01,,
16332862,262231580,1,,10072,2014-12-13 09,,
70260190,393504241,1,,11818,2014-11-24 02,,
22278371,391074877,1,9qv9a2j,7140,2014-12-13 13,,7140
9868602,389033474,1,94cp2rv,242,2014-11-30 20,,
72802864,336204810,1,,13230,2014-12-07 09,,
2400099,354225764,1,99dm62m,11763,2014-12-10 09,,
33984927,375780694,1,,5232,2014-11-21 13,,
79107813,52907637,1,,4520,2014-12-06 22,,
6345483,277903663,1,,13230,2014-12-15 13,,
79107813,343538116,1,,12328,2014-12-16 23,,
41021470,108994541,1,ffad1qs,4296,2014-12-01 09,,
11683492,29354344,1,,7440,2014-12-04 19,,
61453950,335372075,1,,8179,2014-12-11 20,,8179
5201714,157682856,1,9rg25wn,11279,2014-12-15 21,,
111144279,33278854,1,mtob7j5,10961,2014-12-18 23,,
90642791,222917337,1,,5273,2014-12-16 22,,5273
63339028,367287778,1,,13725,2014-11-26 21,,
1805148,94558891,1,96kfusw,11552,2014-12-14 21,,
119191477,256213985,1,,10894,2014-12-09 21,,
97595347,44709240,1,,5981,2014-11-22 23,,
119191477,273114910,1,,11279,2014-12-12 09,,
56053530,119286596,1,,997,2014-11-18 20,,997
77324134,239254346,1,,4074,2014-11-24 13,,
121933909,302830644,1,94h6bn7,7350,2014-12-11 08,,7350
121933909,44740240,1,,3690,2014-12-08 17,,3690
114377254,119001117,1,,6000,2014-11-27 20,,
114931013,296179142,1,,4269,2014-11-20 14,,
3282021,150823353,1,,3942,2014-12-11 18,,3942
87224584,207339702,1,9566nij,10533,2014-12-12 21,,
96872131,318270814,1,,4931,2014-12-03 06,,
38839327,254986761,1,,1863,2014-12-10 18,,
59182141,181609233,1,,552,2014-11-21 01,,
59182141,306392956,1,,6344,2014-11-21 01,,
128002749,169186275,1,,10431,2014-12-07 21,,10431
120698813,6703599,1,,1863,2014-12-10 20,,
4903043,118010250,1,,11279,2014-12-01 00,,
78704357,362000970,1,,4601,2014-11-30 17,,
17552766,361432647,1,,10523,2014-12-12 18,,
49189810,220119006,1,,7995,2014-11-25 08,,7995
25990178,97671624,1,,3064,2014-11-22 10,,3064
82384961,374467519,1,95q43f4,6576,2014-12-18 21,,
91731364,382902930,1,,6513,2014-12-18 14,,
43864538,361381937,1,,9503,2014-11-25 15,,
33448326,277887777,1,,7140,2014-12-05 12,,7140
91731364,138334711,1,,586,2014-12-09 22,,
33448326,288221512,1,,12067,2014-11-25 08,,12067
105419801,229615663,1,969wj3a,13007,2014-12-12 09,,
6079735,340034302,1,,13521,2014-12-02 18,,
16676403,365955486,1,,436,2014-11-23 14,,
124959202,231246436,1,99curpa,11824,2014-11-29 19,,
81245680,374625250,1,99backq,11241,2014-12-18 11,,
82905542,169967388,1,9rghjke,13230,2014-12-11 18,,
55467860,84836653,1,,3628,2014-11-23 13,,
65848846,279422590,1,,8029,2014-12-02 13,,
82905542,313139763,3,9rghjkn,436,2014-11-22 18,,
4579794,403806412,1,99ctk0k,1843,2014-11-23 15,,
84465849,211796008,1,,4739,2014-12-01 11,,
26123580,129797082,1,99chvgj,1863,2014-12-17 20,,
8440456,365956958,1,,11241,2014-12-18 18,,
8440456,149627212,1,,5395,2014-12-17 13,,
90019648,79789761,1,,12973,2014-11-18 21,,
28972250,317723255,1,,5399,2014-12-10 00,,
9388372,345201941,1,97vsbwc,9611,2014-11-30 22,,
44445119,22697809,1,,4435,2014-11-21 09,,
14051446,373008312,1,,10984,2014-11-18 08,,
11197151,197579489,1,,5689,2014-12-11 11,,
21669502,90216207,1,,3956,2014-11-28 00,,3956
57350677,198697521,1,,11520,2014-11-29 22,,
2952532,233076011,1,9473305,3381,2014-12-18 21,,
100011562,135092955,1,,9614,2014-12-18 07,,9614
33166824,299395723,1,,451,2014-12-06 15,,
124540806,93633093,1,,11552,2014-12-13 02,,
128108757,45291487,1,99cs0ne,11406,2014-12-04 21,,11406
51492142,175791504,1,,8877,2014-12-04 23,,
123995552,122265608,1,,740,2014-11-26 23,,
13103318,86984990,1,,6655,2014-12-11 14,,
51435164,327596233,3,951hupw,5749,2014-11-22 18,,
2695854,8470596,1,,3424,2014-12-08 00,,
139592313,70974282,1,,13041,2014-11-21 03,,
9746937,115160498,1,,11499,2014-12-18 16,,
8045744,83462738,1,ffgvcrm,11914,2014-12-16 18,,
26401646,138831430,1,,13670,2014-11-25 00,,
8045744,186067558,1,ffgvc5n,5894,2014-11-23 22,,
26622553,15637372,1,,9552,2014-12-07 02,,
69766999,96616798,1,,4676,2014-11-22 00,,
81919787,240650616,3,tfbh4a5,6060,2014-12-12 10,,
30955749,68123826,1,,6513,2014-11-22 00,,
90934700,47292318,1,,6020,2014-12-05 17,,
93834577,122058160,1,95up1p6,9179,2014-11-19 17,,
104164603,22974020,1,94m2akm,8864,2014-11-24 21,,
98179152,374214353,1,95qqvaw,11497,2014-12-17 16,,11497
105887770,291581836,1,,3798,2014-12-02 19,,
78074373,349632527,1,95r20rf,6945,2014-12-07 20,,
100917596,368237047,1,95q4acw,11398,2014-11-25 13,,
138867561,289154971,1,,1083,2014-12-14 21,,
138867561,105605334,3,,5027,2014-12-01 14,,
45649071,27417896,1,ffbu6vq,11914,2014-12-09 17,,
81960712,362506570,1,,6226,2014-11-21 03,,
131040203,136012011,1,97wl5bc,10392,2014-12-06 23,,
125871904,395918749,1,956ml3p,4874,2014-12-05 15,,
86011804,240740529,1,,501,2014-12-13 00,,
140535667,397341833,1,94hrwpn,5894,2014-12-06 12,,
128246403,150841760,1,,5894,2014-12-12 11,,
128246403,226022816,1,992hhg6,4605,2014-12-14 11,,
6437749,281900722,1,,4931,2014-12-12 23,,
16124295,322031084,1,,1863,2014-12-16 21,,
37880189,356335619,1,,5937,2014-12-10 21,,
14705382,327889447,1,,10012,2014-11-27 12,,10012
53797092,259877315,1,,13230,2014-11-28 23,,
6336487,188179833,1,,3783,2014-11-30 20,,
91239449,156144104,1,95l2hb0,13230,2014-12-17 09,,
131573117,220870098,1,,1965,2014-11-21 09,,
56498516,380666314,1,,1863,2014-12-03 23,,
67743134,278385423,1,,6648,2014-11-26 10,,6648
91239449,34877708,1,,6344,2014-11-19 21,,
59473714,183492906,1,96k9hfi,10629,2014-11-30 12,,
125417828,346725375,1,9ql2tgq,3099,2014-12-17 22,,
36574688,265274157,1,,782,2014-11-24 22,,
3695398,120009796,4,95a575g,10392,2014-12-12 07,,
32191955,129432328,1,955o2p3,2029,2014-12-15 08,,2029
99480990,268924814,1,,3783,2014-11-29 09,,
97390150,54393354,1,94jweb2,5027,2014-11-30 16,,
81182608,311144289,1,,4670,2014-12-04 15,,4670
99393465,390075597,1,,6513,2014-11-20 21,,
76253363,219136529,1,,11279,2014-12-09 00,,
80089562,5293134,1,,5027,2014-11-27 21,,
114790451,57362511,1,,5399,2014-11-21 23,,
112470845,311770653,1,,3381,2014-12-12 22,,
121085565,186212339,1,,8930,2014-12-05 00,,
130270245,271734769,1,95lk21s,220,2014-11-20 12,,
58843715,54433499,1,,5027,2014-11-27 23,,
96042414,104592100,1,,7957,2014-11-29 11,,
125411948,80821581,1,,5894,2014-11-20 21,,
130270245,253532915,2,95lk20a,5894,2014-11-22 16,,
1160607,256902588,1,,2825,2014-12-11 11,,
13232080,77049822,2,,9179,2014-12-12 15,,
108049747,144220345,1,951h02j,2683,2014-12-10 08,,2683
116223148,320512428,1,,5141,2014-11-22 14,,5141
111820958,8076072,1,,5689,2014-12-01 02,,
36430492,103391338,1,,9334,2014-12-07 22,,9334
14447131,310335304,1,,5908,2014-12-05 14,,
26184779,1619151,1,9515lfi,9517,2014-11-28 12,,
16476024,382206565,1,,5894,2014-12-14 16,,
138737144,324321065,1,,2537,2014-11-21 03,,
21824858,55346709,1,99ujj14,13754,2014-12-08 18,,
14447131,143215453,1,,13230,2014-11-20 00,,
80954170,292855339,1,99ctj47,11589,2014-12-06 20,,
81312893,331959805,1,95q3ch5,13759,2014-11-23 20,,
42213703,84448989,1,9rdm6ob,1421,2014-11-27 16,,
36918674,252641525,1,,12790,2014-11-24 21,,
38915660,28977183,1,,1483,2014-12-09 15,,1483
91877964,32766471,1,,1083,2014-11-18 12,,
56045820,89555252,1,94h1tes,12488,2014-12-14 12,,
71601515,148548074,1,,6513,2014-12-04 22,,
96936392,332350418,1,9rnndfp,12387,2014-12-18 22,,
98440358,149888594,1,,9247,2014-12-13 18,,
43631068,364894729,1,,1313,2014-12-02 00,,
8847877,63211735,1,94dejf4,5027,2014-12-17 14,,
111957230,329521654,1,,13230,2014-11-26 21,,
12592296,336695759,1,,1169,2014-12-01 11,,1169
130068403,254491821,1,ffoefek,3264,2014-12-11 22,,
122990070,345734999,1,,12982,2014-12-14 23,,
96892229,88469855,1,,10544,2014-12-13 00,,10544
99103824,304281682,1,ffkvwiv,4688,2014-11-26 10,,
99404305,376554804,1,9rg794l,12170,2014-11-26 16,,12170
43072618,34746621,1,,5271,2014-11-27 00,,
115378138,202500981,1,,9614,2014-12-09 20,,9614
21193363,130104571,1,,3321,2014-12-03 00,,3321
73042603,215896321,1,,9412,2014-11-27 23,,
58992390,390981838,1,,11992,2014-12-16 00,,
23482875,214238334,1,9555lc2,1863,2014-12-15 22,,
21875488,84446651,1,99vs70t,2213,2014-12-11 14,,
92243806,371972578,1,,10431,2014-11-30 22,,10431
31700289,61967074,1,,12230,2014-12-17 03,,
139590290,113392067,1,,8698,2014-12-18 00,,8698
84556930,259721876,1,,3979,2014-11-30 14,,
45966877,57485656,1,95q6qab,8432,2014-11-20 14,,
57273009,230425151,1,9900pdr,940,2014-11-28 12,,
125293142,351371604,1,,4898,2014-12-12 12,,
85063376,87829546,1,,4601,2014-12-12 13,,
135080969,186220351,1,97u5l64,14079,2014-11-27 23,,
135968605,253891447,1,,2568,2014-12-17 10,,2568
1022699,28717282,1,95dqqe7,6989,2014-11-24 22,,
141142627,211635302,1,,13230,2014-12-15 12,,
44381467,325322770,1,9rg6enj,12721,2014-11-28 23,,
109127316,167582604,1,970urm7,1863,2014-11-28 13,,
22369795,207861197,1,9910wt7,2513,2014-12-18 10,,
44381467,72172358,2,9rg6enl,6054,2014-11-24 15,,
31732015,53297800,1,,8877,2014-12-01 00,,
31732015,202264245,1,,10533,2014-11-19 21,,
67933987,398464289,1,,11178,2014-11-21 00,,
122231018,285000672,1,953us25,5399,2014-11-18 18,,
93232203,315536387,1,,11121,2014-12-07 13,,11121
84566857,201580615,1,,10392,2014-12-05 11,,
52578253,67669847,1,94i4oc1,6648,2014-12-18 15,,6648
21375743,213773880,1,,9944,2014-12-05 18,,
11827113,42657845,1,,3628,2014-11-20 06,,
94224118,21803763,1,,9559,2014-12-16 16,,
116918377,28716518,1,,11241,2014-12-07 09,,
61754447,396878067,1,,13374,2014-12-15 08,,13374
3190957,32182436,1,,10242,2014-12-03 19,,
116511286,55894533,1,95lk6es,5399,2014-12-07 18,,
8319301,348832387,1,,6648,2014-11-21 20,,6648
128289511,51144176,1,97qrd11,8913,2014-12-15 21,,8913
128289511,246856545,1,97qrd6e,4296,2014-12-01 20,,
55252215,48655100,1,,11406,2014-12-12 12,,11406
63256758,16670542,1,,6402,2014-12-07 10,,
35829490,392170651,1,,12147,2014-12-06 02,,
75162717,287002547,1,95ric0s,10984,2014-12-16 11,,
46274658,3312910,1,,5399,2014-11-24 00,,
67043382,261542070,1,9qqvvcf,5351,2014-11-24 20,,5351
73491319,120156300,1,,5503,2014-12-14 09,,
47908754,92430402,1,,10242,2014-12-05 23,,
21991406,139645777,1,mto1vcd,1806,2014-12-09 10,,
56823809,141889417,1,99uif0g,6513,2014-12-11 10,,
82892371,111459425,1,955nk0r,2513,2014-11-18 19,,
116435616,45500099,1,,2170,2014-12-07 10,,
93223961,176371421,1,96amfqc,13381,2014-12-12 14,,
124161111,368954928,3,,6945,2014-11-30 15,,
74049444,133841583,1,9r5deba,5399,2014-12-16 14,,
120942715,35756658,1,99b965e,6513,2014-12-15 21,,
9451374,74658533,1,,3798,2014-11-27 00,,
54586263,242002131,1,,5395,2014-11-26 20,,
111474212,6379524,1,,10703,2014-12-07 15,,
59076519,154946361,1,,5395,2014-12-18 11,,
141578499,221458219,1,99brfiv,9109,2014-12-16 21,,
114290242,354505069,1,950tns2,1722,2014-12-05 13,,
29326716,113037191,1,,1863,2014-11-21 16,,
59076519,307875092,1,,6344,2014-12-15 21,,
121325088,114910780,1,,9517,2014-11-23 11,,
129809988,318649782,1,,11834,2014-12-06 02,,
139991891,198544658,1,95qqs96,11643,2014-12-12 22,,
18970782,395861869,1,9qqsvji,8425,2014-11-26 21,,
130041655,275189885,1,,3472,2014-11-30 00,,
67053820,391521204,3,,10392,2014-12-01 23,,
67053820,345395148,1,,6255,2014-12-01 13,,
78329358,396155401,1,99ctj23,5399,2014-11-18 10,,
18597404,186729531,1,9r2sh1q,5399,2014-12-06 10,,
18597404,5555357,1,9r2sh7o,11279,2014-12-12 18,,
25040950,97002073,3,,2993,2014-12-12 00,,
75057559,306175190,1,9675jg7,3662,2014-12-14 15,,
85994287,332260783,1,,12141,2014-12-17 07,,
117863267,115348056,1,,10431,2014-12-09 15,,10431
118582594,386734192,1,9rf9wpn,5027,2014-12-10 23,,
11790840,290599104,1,,3544,2014-11-21 21,,
78898649,28600386,1,,5894,2014-12-01 18,,
78898649,90808004,1,,5271,2014-12-13 00,,
118356281,311382523,1,,3662,2014-12-14 16,,
93441452,194478926,1,9t461vw,10223,2014-12-06 19,,
139725346,376396791,1,,5399,2014-12-17 20,,
69410546,155286123,1,,9179,2014-11-27 19,,
70424320,177492355,1,,8161,2014-12-11 14,,
135857964,162343008,1,,9559,2014-12-08 14,,
100154665,257075913,1,,5232,2014-12-12 08,,
114211505,38692215,1,,9559,2014-12-11 04,,
27090424,392718063,1,,13230,2014-12-08 09,,
98931599,268306366,1,,8291,2014-12-01 21,,
114211505,50774591,1,,6541,2014-12-09 01,,
4225412,338286703,1,,5027,2014-11-30 10,,
130576689,62572595,1,9qpbqaa,11037,2014-12-05 21,,
58437782,253618156,1,,1863,2014-11-30 23,,
19277570,322020933,1,,7103,2014-12-04 18,,
22342118,352596602,1,,11824,2014-12-12 15,,
22342118,77240327,1,,9820,2014-12-05 16,,
133003311,177964683,1,94h0l1a,12328,2014-11-29 13,,
59921221,48337021,1,9rdmnj6,14079,2014-11-22 11,,
24690079,348068092,1,,7299,2014-12-09 08,,
62994612,397826211,1,,4605,2014-12-09 21,,
56481977,287469921,1,,1863,2014-12-08 09,,
5137598,142138641,1,,4931,2014-12-18 22,,
56466888,51613514,1,,6344,2014-12-11 22,,
95755909,391567010,1,9r5f6a7,10460,2014-12-08 23,,10460
122721008,19778752,1,9qu6f0e,3687,2014-12-14 18,,
96838576,111920720,1,ff34tc1,6255,2014-12-01 19,,
109698871,181884280,1,95g37tp,6344,2014-12-09 21,,
68784328,336046570,1,,10984,2014-11-20 22,,
127795742,39257790,1,,5653,2014-11-29 14,,
121306092,285972265,1,,12855,2014-12-01 18,,
31207229,164126523,1,,9720,2014-12-16 05,,
8886191,300949542,1,,5084,2014-11-20 22,,
116101597,301631940,1,,5908,2014-12-02 02,,
97255009,17392129,1,,4505,2014-11-28 14,,
18072808,11332164,3,95eu1ch,3381,2014-11-25 21,,
37554907,118733435,1,,2901,2014-12-08 10,,
35306096,186102447,1,,2901,2014-12-16 22,,
25438815,174017512,1,,4582,2014-12-08 11,,4582
56676769,224478574,1,,8721,2014-12-13 00,,
135068151,171127136,1,,5881,2014-11-24 15,,
5315279,210212566,1,,10894,2014-12-11 00,,
122150914,317275957,1,,8040,2014-12-02 13,,
5315279,81344061,1,,4254,2014-11-27 06,,
122150914,65485144,2,,5027,2014-12-01 08,,
60625397,124151666,1,,1863,2014-12-10 21,,
60625397,183583768,1,95kglv6,6513,2014-12-14 20,,
87684947,68859809,1,,10049,2014-11-27 19,,
76930958,304002608,1,,1863,2014-12-07 16,,
58391417,186498505,1,99chu6k,8649,2014-12-07 16,,
71702944,117191933,1,,4778,2014-12-18 23,,4778
66275550,103368886,1,,492,2014-12-17 21,,
93860264,390405323,2,,6512,2014-12-07 13,,
119675939,244314737,1,,4370,2014-12-14 14,,
71238931,178927491,1,mtobgnr,10314,2014-11-23 23,,
131570651,207297939,1,94drwei,6700,2014-11-25 21,,6700
80264762,198718614,1,ffad75g,7428,2014-12-13 20,,
108317810,330315131,1,99cqshw,10894,2014-12-01 16,,
3662776,324763436,1,969ucg4,11631,2014-11-26 19,,
93232888,235397062,1,943v0pi,1970,2014-11-29 21,,
21696214,301353030,1,,10431,2014-12-12 14,,10431
22170979,374526348,1,962v277,1396,2014-11-24 12,,
141453769,9964221,1,,11379,2014-12-15 00,,
100509623,222150200,1,,4582,2014-11-30 15,,4582
22751272,254083957,1,955ihh9,2953,2014-12-07 22,,
32353187,119694781,1,,1854,2014-12-01 09,,
128120137,12758360,1,976s999,5232,2014-12-06 15,,
132285491,119228145,1,,4721,2014-12-17 22,,
132285491,26396409,1,,4296,2014-12-14 13,,
89953122,139075218,1,,5027,2014-12-04 16,,
74418729,108230954,1,950see9,11279,2014-11-22 08,,
139145544,62886478,1,9rfrq3a,2284,2014-12-13 18,,2284
131534140,372535174,1,,4370,2014-12-04 12,,
117956367,178653177,1,,5027,2014-11-24 23,,
129377104,319631441,2,,11241,2014-12-16 20,,
16407705,174451215,1,,1171,2014-12-10 00,,
14621752,389249608,1,9p0hejv,5822,2014-12-02 10,,
74645093,93768349,1,,9541,2014-11-28 21,,
32506286,119838236,1,,10875,2014-11-19 18,,
4088842,117639358,1,99dmg4t,2380,2014-11-30 23,,
138793462,117614618,1,9422qj1,11824,2014-11-30 14,,
53560831,40552870,1,,3015,2014-12-09 12,,
83073587,134896590,1,,5503,2014-12-15 23,,
3065306,29944898,1,,9559,2014-11-26 09,,
97726136,100886719,1,,5894,2014-12-09 20,,
115343862,148467347,1,944lqi9,11532,2014-12-02 19,,
86505281,65988656,1,95ihhc5,11623,2014-11-30 19,,
25639546,273504884,1,,169,2014-12-13 20,,
113421475,258448951,1,,1863,2014-12-04 12,,
104792616,357177797,1,,1791,2014-11-19 22,,
43468469,1949221,1,,6724,2014-11-23 16,,
116113058,359834804,1,97tm96u,6054,2014-11-24 19,,
483640,367809894,1,,12197,2014-11-24 21,,
80775941,10158405,1,,9516,2014-11-23 13,,
4725269,307714448,1,95pfph1,2953,2014-12-17 21,,
4725269,229820945,1,95pfplq,2953,2014-12-15 07,,
50030868,69977930,1,97rb65p,9412,2014-12-11 10,,
52368085,326785489,1,94kwj9u,5027,2014-12-18 20,,
69953834,231421988,1,94eb0v2,11954,2014-11-30 11,,
120457819,273126653,1,,7995,2014-11-28 21,,7995
9639120,341162679,1,9qtmho0,13230,2014-12-03 18,,
89256212,124873052,1,,4364,2014-11-22 09,,
124561281,51600557,1,,1083,2014-12-04 19,,
44806939,385799347,1,,3783,2014-12-09 22,,
132231447,24046220,1,,12919,2014-11-23 19,,12919
59127123,144805221,1,95b5tt7,5894,2014-11-30 20,,
111325865,222606479,1,,10894,2014-11-27 01,,
111325865,291476517,1,,5027,2014-12-12 21,,
111325865,384589845,1,,5027,2014-11-24 23,,
20553214,173262199,1,9q4022h,8664,2014-12-13 11,,
115834991,325761384,1,94ref3t,13230,2014-12-08 18,,
36339188,388008476,1,,1370,2014-12-17 10,,
95302160,261491342,1,,1159,2014-12-07 23,,
9835014,103239739,1,973h5qj,13230,2014-12-11 19,,
37648682,359070832,1,,5399,2014-11-29 11,,
109639486,244867930,1,,2284,2014-12-02 13,,2284
140661231,349696848,1,,1483,2014-12-12 23,,1483
59660896,117139541,1,,279,2014-12-02 11,,279
27973180,40958045,1,,3381,2014-12-14 13,,
112424443,310705475,1,956mmnc,13035,2014-11-25 19,,
100326985,111531878,1,,437,2014-12-14 08,,
2720721,51968841,1,,5027,2014-11-25 19,,
16807373,88217966,1,,4533,2014-12-14 16,,4533
53711406,378971975,1,,1488,2014-12-05 20,,
16807373,226697212,1,,7995,2014-11-30 21,,7995
3304327,155936112,1,,5324,2014-11-29 07,,5324
92280073,204065632,1,,5027,2014-12-18 20,,
3304327,61707509,1,,3723,2014-11-28 11,,3723
35758737,189550717,1,9rgpq16,5689,2014-12-15 12,,
64318871,309008076,1,,7440,2014-11-30 22,,
36953591,366683512,1,94jcjp6,1159,2014-11-29 11,,
65143114,140823849,1,9t46iah,5204,2014-12-09 21,,
3442818,290658141,1,,9942,2014-12-03 09,,
100097997,56630333,3,94ebvso,231,2014-12-08 23,,
60686963,26061501,1,,11412,2014-12-14 00,,
89183161,389760725,1,94ek2jl,3673,2014-12-05 13,,
611920,286296055,1,,13230,2014-12-10 19,,
90078744,88809317,1,94vjs5i,11856,2014-11-28 20,,
90078744,72991929,1,,12172,2014-11-30 22,,
119149297,293133510,1,,6344,2014-12-18 18,,
115621707,5801871,1,,1854,2014-12-07 00,,
103606020,235047339,1,,2284,2014-12-07 21,,2284
119149297,375229820,1,,8291,2014-11-20 14,,
83688949,26798755,1,,5894,2014-12-10 20,,
117718025,120981769,1,,9397,2014-12-15 13,,
35709243,62929464,1,,1863,2014-11-26 22,,
138524216,139091744,1,,5399,2014-12-08 22,,
86756157,117196548,1,94nes0e,13819,2014-12-11 22,,
87895521,237922264,1,97v0na3,3631,2014-12-14 20,,
106672791,18905322,1,,552,2014-11-18 08,,
22393155,243091690,4,,7117,2014-12-03 22,,
2183798,152235464,1,950spq7,6512,2014-11-20 16,,
41182866,57149021,1,,874,2014-12-09 17,,
64614030,133649777,1,96a3jld,7103,2014-12-14 13,,
107351947,69959728,1,,1863,2014-11-26 00,,
100875707,299791007,1,,7957,2014-12-02 21,,
101305944,117187203,1,,6513,2014-11-22 21,,
59248477,115632342,1,96kaj9u,9517,2014-12-13 13,,
59248477,25515291,1,96kaj40,11552,2014-12-14 22,,
54133893,72063123,1,,10894,2014-12-01 16,,
88209434,351691511,1,,6691,2014-11-26 15,,6691
107223716,10541992,1,,8664,2014-12-01 10,,
14067253,205663900,1,,3877,2014-12-04 12,,
16043768,86893465,1,,2825,2014-11-25 11,,
99117769,400255220,1,,12790,2014-12-01 09,,
31663890,240531821,1,95b9kwh,13230,2014-12-03 20,,
99529968,211808982,1,94a09a1,5065,2014-12-03 17,,5065
117902605,189866700,1,,10392,2014-12-10 16,,
37208119,312993851,1,,5232,2014-11-21 15,,
37208119,205002684,1,,12753,2014-11-27 11,,
102178411,274790705,1,,11552,2014-11-28 20,,
23296153,310502301,1,,5399,2014-12-14 22,,
23296153,168636817,1,,5399,2014-12-10 18,,
43150394,330265863,1,9r5f6nh,6513,2014-11-21 17,,
30463766,326699625,1,,13547,2014-12-10 15,,13547
126498373,49640025,4,,4540,2014-11-21 11,,
116867259,242897619,3,,5027,2014-11-21 06,,
92848895,193188408,1,94gd3a9,3000,2014-11-29 19,,3000
69562165,54804473,1,,7299,2014-12-02 14,,
137608771,133460089,1,,7917,2014-12-12 12,,
39112469,44814026,1,,3964,2014-11-19 09,,
88120786,169853266,1,,2883,2014-11-20 17,,
45743550,110064268,1,,11279,2014-12-04 00,,
88120786,297524027,1,,1863,2014-11-27 07,,
60238437,7872628,1,,9397,2014-11-23 02,,
107376559,143001320,1,,364,2014-12-15 23,,
17362237,199170071,1,,953,2014-11-25 01,,953
10027039,295794413,1,,5399,2014-12-14 22,,
17362237,112609900,1,,4640,2014-11-28 23,,
17362237,280152100,1,,1843,2014-11-25 14,,
107376559,309148522,1,,1509,2014-12-12 11,,
76995126,233124974,1,,12189,2014-11-30 21,,
5020210,360580532,4,954f0pw,6344,2014-11-22 22,,
55685159,402364422,1,,9790,2014-12-12 23,,
28086954,97573892,1,,10984,2014-12-02 13,,
28086954,56851021,1,,9762,2014-12-01 11,,
63583265,220898498,1,,3662,2014-12-12 00,,
28086954,295708297,1,95mfr6q,2225,2014-12-05 20,,2225
6177572,196951654,1,95wjl7t,4264,2014-12-13 21,,
101150402,204519022,1,,1267,2014-11-24 22,,
74086991,336945023,1,,10533,2014-11-27 11,,
1128409,294862025,1,9922jbk,1863,2014-11-28 22,,
42170243,177887291,1,,8597,2014-11-23 00,,
22466822,389785770,1,ff3kfhc,5894,2014-11-20 19,,
49456764,5925867,1,99c1jv3,8877,2014-12-07 09,,
32738038,256132933,1,,5689,2014-11-25 22,,
73104510,46392054,1,,3378,2014-12-07 16,,
74750292,249787944,1,,11279,2014-11-22 21,,
15777503,349064906,1,9rfrvf5,1838,2014-11-30 21,,
55207467,130711249,1,99ujih3,9247,2014-12-18 23,,
55207467,138738399,1,99ujiib,9835,2014-11-22 22,,
57940111,276235541,1,,5533,2014-11-19 21,,5533
11595413,192413575,1,,9516,2014-12-13 22,,
11595413,279510290,1,,6648,2014-12-04 01,,6648
140777465,309766084,1,,9247,2014-11-25 19,,
42049337,236505605,1,,2825,2014-11-19 10,,
20903813,129057873,1,,10239,2014-12-09 18,,
42427256,117796581,1,,836,2014-11-27 20,,836
54575694,207275051,1,,13338,2014-11-27 19,,
40137551,366622030,1,,5388,2014-11-29 22,,
103767458,51193041,1,,5867,2014-11-24 01,,
108810522,356027015,1,,1169,2014-12-02 01,,1169
122266056,356613798,1,,8291,2014-12-14 21,,
134051339,223768959,1,,4404,2014-12-16 21,,
108829095,403064163,1,,292,2014-11-25 19,,
61644490,363439675,1,,6575,2014-11-22 20,,
134936620,116589440,1,,7939,2014-12-15 17,,7939
61644490,15160561,2,,5399,2014-11-20 07,,
23439550,331404863,1,,13846,2014-12-14 09,,
109258006,111574908,1,,3942,2014-12-16 00,,3942
109258006,45187376,1,,2825,2014-12-15 15,,
124291848,299966218,1,,4370,2014-12-01 00,,
75821100,168848283,1,9rfv7kg,6054,2014-11-23 18,,
103812524,197856177,1,,3783,2014-12-08 18,,
112198319,219682029,1,,5232,2014-12-08 19,,
25371517,55750128,1,97wf95m,1863,2014-11-21 07,,
116324656,56387453,1,,3673,2014-12-09 05,,
125988015,356706506,1,,5533,2014-12-05 21,,5533
55192254,138084555,1,972nhfv,5027,2014-12-02 22,,
19229301,242293377,1,,4190,2014-11-19 16,,
86785531,112694563,1,,5894,2014-12-03 08,,
86785531,65510401,1,,5894,2014-12-04 15,,
109613455,357982154,1,95w9mep,2901,2014-12-09 23,,
91729153,308113177,1,97rcsc6,3021,2014-12-03 15,,
73218701,352688724,3,,9247,2014-12-12 01,,
103149203,246654329,1,95lae2j,10629,2014-12-14 19,,
44748590,214503287,1,,9232,2014-12-03 06,,9232
60079613,128489653,3,,7021,2014-12-05 18,,
65645933,237014322,1,,11279,2014-11-30 06,,
65645933,165544457,1,9t4qqfi,1863,2014-12-04 23,,
65961855,166073930,1,,1863,2014-12-12 19,,
140423268,73928559,1,95nh0df,3111,2014-12-02 10,,
52534043,343786766,1,,9598,2014-12-15 22,,
140423268,90573449,1,95nhv2h,7995,2014-11-22 11,,7995
79134636,380508126,1,,6255,2014-12-08 23,,
79134636,339961000,1,,5399,2014-12-02 21,,
73196588,251040750,1,,8679,2014-11-22 15,,
21818576,26408455,1,,8095,2014-12-09 16,,
88950524,98491075,1,94h7wsb,7381,2014-12-03 15,,
36561036,205544844,3,9ps7ptl,5399,2014-11-27 23,,
137905112,28415116,1,99ct7br,13107,2014-12-11 22,,
137905112,157715248,1,99ct737,3747,2014-11-26 19,,
47328088,27436883,1,,14079,2014-12-12 08,,
43586684,38447077,1,956mlw9,9559,2014-12-14 09,,
20786149,160519471,1,mtj140p,3628,2014-12-06 20,,
18205111,344113243,4,,2953,2014-12-15 12,,
125823342,351093925,1,,1121,2014-12-05 22,,
36525698,159556873,1,,10392,2014-11-18 16,,
43857558,53655128,1,,6513,2014-11-21 10,,
66145288,262523681,1,,6748,2014-12-16 19,,
137044962,40400313,1,,1779,2014-12-14 00,,
67043644,11311638,3,947h5tj,5661,2014-12-07 17,,
77868658,241599064,1,,13404,2014-12-16 14,,
116509312,309714654,1,,3424,2014-12-01 23,,
55530513,111794820,1,,3424,2014-12-01 08,,
111786935,115313370,1,,3381,2014-12-11 10,,
59076389,162145032,1,,5232,2014-12-08 22,,
82209738,133447701,1,,5751,2014-12-01 22,,
51176209,30287533,1,,11623,2014-11-29 00,,
25535039,352167279,1,,4210,2014-12-18 23,,
76707547,261366914,1,96uwur6,13381,2014-11-26 12,,
73859889,219906650,1,,5334,2014-12-06 16,,
2839379,256667885,1,94e1ahp,3783,2014-12-05 13,,
75251738,336559443,1,94jrlpt,6040,2014-12-05 23,,
87526438,59677153,1,,7428,2014-12-12 16,,
43032378,335898259,1,,6255,2014-12-09 10,,
52825214,373486884,1,955icju,11279,2014-11-25 23,,
53517495,91209927,1,,13230,2014-11-18 19,,
18728199,315873857,1,,5399,2014-12-04 22,,
83607024,128692974,1,,4370,2014-12-05 11,,
110522016,310440356,1,,13230,2014-12-02 21,,
115260391,259905577,1,,7995,2014-11-26 15,,7995
105313845,273997886,1,,3472,2014-12-09 13,,
116772653,200318290,1,,1854,2014-12-16 03,,
21978171,296119170,1,,8043,2014-11-18 19,,
102168278,301755254,1,954aehq,10356,2014-11-25 15,,10356
131303989,97489452,1,99dm13h,1838,2014-11-26 22,,
49394233,306306504,1,,11082,2014-12-03 08,,
15187673,39685903,1,,5232,2014-11-29 13,,
21978171,337149086,1,95vmbdg,5114,2014-12-17 15,,
20517525,392862863,1,,10533,2014-12-06 22,,
8119848,196713825,1,,4721,2014-12-04 19,,
135934881,276912897,1,,8161,2014-11-25 13,,
87466107,143977460,1,,7516,2014-12-02 11,,
48468739,288533035,1,955jp42,9109,2014-12-14 08,,
16137242,21266757,1,,2513,2014-11-30 08,,
129811530,268991573,1,,7767,2014-12-05 15,,
125083491,82138605,1,94lrmml,12172,2014-11-23 13,,
15642495,322046903,3,,6054,2014-11-22 14,,
101734993,279593016,1,,3628,2014-11-23 20,,
18927299,356746722,1,9rgu1lc,6054,2014-12-16 14,,
21562611,318247995,1,,7995,2014-11-23 20,,7995
56840376,4676193,1,94eb139,5395,2014-12-11 17,,
22600903,1081996,1,,13230,2014-11-18 08,,
22600903,206058000,1,,2825,2014-12-09 22,,
71251121,120977656,1,,4370,2014-11-22 17,,
26857141,332840707,1,,9835,2014-12-07 15,,
47410940,167663371,1,,3099,2014-12-16 10,,
75321622,330753104,1,,1863,2014-12-05 10,,
81076699,23899149,1,,5027,2014-11-30 23,,
100896290,296044310,1,,8792,2014-11-24 18,,8792
27842036,296787913,1,94w62vq,12855,2014-11-28 19,,
80977557,19354205,1,,1483,2014-11-29 13,,1483
107859322,91745466,1,95lkvct,1253,2014-12-16 08,,
36233277,373931470,1,94ek6kn,5027,2014-12-03 22,,
87119704,62156148,1,94eb3ke,6054,2014-12-11 13,,
36233277,27660808,1,94ek6ke,5894,2014-12-13 12,,
47874120,106364378,1,,12189,2014-11-30 23,,
2934039,17249601,1,9psrev9,198,2014-12-17 11,,198
14157293,103503761,1,,10894,2014-12-05 16,,
14157293,173122834,1,,13730,2014-11-22 23,,
14157293,203520539,1,,9516,2014-11-26 22,,
112317649,82409203,2,951hs5a,6513,2014-11-30 16,,
24219008,33730970,1,,9559,2014-11-30 09,,
90233877,226022684,1,,5447,2014-11-28 15,,
36513563,8148345,1,,5399,2014-11-20 18,,
90689083,162059670,1,,7428,2014-12-07 21,,
77237799,271821534,1,94ll6uj,3431,2014-12-09 23,,
4977592,303517632,1,,13230,2014-11-26 13,,
95118455,133682932,1,9qv9ev6,1863,2014-11-27 12,,
123848007,113856217,1,,6513,2014-11-27 20,,
121970896,296963253,1,ffm96mr,2513,2014-12-02 22,,
121970896,157570324,1,ffm96m9,5395,2014-12-08 22,,
96229323,146658076,1,9422tb7,1863,2014-12-03 11,,
88614983,222227593,1,944otv7,10901,2014-12-18 14,,
123848007,376825880,1,956k2of,9247,2014-12-14 17,,
110229753,15443841,1,,1083,2014-11-24 20,,
10026124,298774285,1,95hqsek,2568,2014-12-16 15,,2568
141840594,125150833,1,,5894,2014-12-07 20,,
135377046,304389801,1,,6000,2014-11-27 11,,
133240213,373244564,1,,8311,2014-12-06 02,,
17655263,79432340,1,954vlli,3660,2014-12-17 11,,3660
133240213,78210727,1,,14079,2014-11-26 22,,
79253885,57503653,1,,6255,2014-12-04 13,,
29791483,216704315,1,,5027,2014-12-18 23,,
11141921,236272679,1,,3892,2014-11-25 13,,
26430580,313234229,1,,280,2014-12-04 10,,280
123889295,394616898,1,,11279,2014-11-22 22,,
65504626,178963592,1,,6441,2014-11-29 13,,
83813302,256643252,1,,5894,2014-11-24 21,,
28235535,152483174,1,95qqusm,9516,2014-11-19 20,,
128521783,140732127,1,,10199,2014-11-20 08,,
70889190,215572533,1,,2825,2014-12-01 13,,
45865960,294985776,1,99ch7vb,6513,2014-11-19 23,,
83813302,88584529,1,95ovci9,10392,2014-12-03 20,,
88493429,295028024,1,,11279,2014-12-08 21,,
77587823,75887203,1,95j9wq3,13230,2014-12-07 20,,
75845612,397183692,1,,8537,2014-11-28 07,,
106145444,303678823,3,,685,2014-12-14 23,,685
118330286,166917951,1,,9952,2014-11-26 20,,
118330286,125663307,1,,1303,2014-12-02 22,,
120148968,60268745,2,,1083,2014-12-05 23,,
118330286,346988728,1,,4676,2014-11-29 14,,
32377098,279540629,4,,8537,2014-12-12 23,,
32377098,184542352,1,,6513,2014-12-07 19,,
2131753,241015130,1,95wksgk,12328,2014-11-27 11,,
130000301,157982309,1,,10223,2014-12-08 17,,
7234861,297889653,2,9rgqtni,9620,2014-11-24 15,,
137175187,176266185,1,,5027,2014-12-18 13,,
15237890,42493373,1,,3892,2014-12-16 12,,
137175187,388226005,1,94dejb0,7549,2014-12-17 12,,
80081386,181304395,1,,5271,2014-11-20 14,,
83735095,18831980,1,,12328,2014-12-15 10,,
22125304,140920940,1,,8270,2014-12-15 23,,8270
33213066,335267337,1,,8877,2014-12-11 13,,
6997005,215259467,1,,4773,2014-11-20 00,,
87942719,29224889,1,ffad4l7,12398,2014-11-28 12,,
28897086,213073740,1,97ae05l,5388,2014-12-12 23,,
95301715,5233482,1,,4269,2014-12-12 23,,
101828235,148792698,1,,5468,2014-11-24 21,,
118562608,223867163,1,,483,2014-12-11 10,,
105069110,65972375,1,9rdjehf,9216,2014-12-02 21,,
66293783,317901384,1,,9516,2014-11-28 22,,
100674178,113745921,1,,7639,2014-12-14 15,,
124935727,218235463,1,,1370,2014-12-17 19,,
131881789,93629863,1,,5894,2014-11-18 11,,
19388858,373662671,1,97ecscj,11821,2014-11-29 08,,
73424303,293091990,1,,5395,2014-12-09 19,,
99791909,231745229,1,,6000,2014-11-24 19,,
54725247,176012320,1,,6513,2014-11-29 15,,
36166284,184675490,1,mtobnfj,437,2014-11-30 22,,
11680145,215992434,2,,5399,2014-12-14 06,,
64502137,197227480,1,95bprc4,6000,2014-12-01 22,,
74067634,182897199,1,ohvtegh,6531,2014-11-23 13,,
63398160,78183277,1,,3424,2014-11-21 17,,
8354126,189686676,1,,12450,2014-12-12 19,,
84916776,398820137,1,9rfhlns,12189,2014-12-09 13,,
84916776,273990185,1,9rfhlap,12189,2014-12-03 11,,
47428428,397984309,1,,10392,2014-12-06 18,,
113484173,63713630,1,,9552,2014-12-09 06,,
127712668,113532279,1,,4640,2014-12-08 01,,
118056913,227218915,1,,3064,2014-12-09 21,,3064
122447104,204050486,1,,4282,2014-12-11 06,,4282
35849648,283921464,1,,242,2014-12-11 23,,
142064691,363304704,1,9rdmtmf,12230,2014-12-10 11,,
137068806,307993197,1,95mf5ck,9784,2014-11-23 19,,
35739934,324645108,1,,9363,2014-12-05 12,,
52577851,351209518,1,,1750,2014-11-23 07,,
97156558,352831781,1,,13288,2014-12-10 21,,
131787268,297980111,1,,1488,2014-12-04 22,,
52577851,132618965,1,,1863,2014-11-29 11,,
26908458,92453887,1,9rlghd7,12744,2014-12-17 23,,
66699196,380271661,1,,5399,2014-11-25 18,,
108154737,239155212,1,,10223,2014-11-23 11,,
64310783,22604149,1,,5522,2014-11-18 12,,
126690366,355109501,4,,11489,2014-12-12 13,,
127641352,253057594,1,,4296,2014-12-10 03,,
97092878,58469305,1,,1863,2014-12-04 01,,
127641845,32823208,1,95qqqra,3064,2014-11-26 16,,3064
47071587,309409393,1,,6417,2014-12-14 17,,6417
15541192,142169787,1,95rwflk,989,2014-12-03 07,,
93791234,245850011,1,,3660,2014-11-29 09,,3660
15541192,120354999,1,,11914,2014-12-03 00,,
99199943,347477005,1,,12221,2014-11-27 06,,12221
101466976,88303365,1,,10392,2014-11-19 21,,
101466976,1720408,3,,12388,2014-11-20 16,,
29689901,82961203,1,,1604,2014-11-18 12,,
87983348,87732855,1,99c1ebs,4264,2014-12-01 21,,
109893417,162108153,1,,3662,2014-12-03 12,,
30071480,191054146,1,,10523,2014-11-18 11,,
47038183,237838106,1,mtkrsik,9942,2014-11-30 21,,
47038183,300563086,1,mtkrswc,11406,2014-12-03 21,,11406
133680584,204813711,1,,4282,2014-11-25 21,,4282
5478302,47289476,1,,5204,2014-11-25 13,,
85646603,143216146,1,96pntue,2883,2014-12-08 12,,
110297620,33167056,1,,4414,2014-11-29 11,,
31612475,63319250,1,,10961,2014-12-16 21,,
68381564,304722751,1,9qawo39,12142,2014-12-02 20,,
34318191,84010426,1,,3475,2014-11-26 17,,
58089987,357441087,1,,12090,2014-12-11 12,,12090
40164889,386651502,1,,7440,2014-12-06 23,,
81611585,351450886,1,,5395,2014-12-04 04,,
38580934,113317062,1,960e0q7,1169,2014-12-10 23,,1169
87610115,341777788,1,954iii4,13338,2014-11-27 18,,
51098608,158481081,1,,1083,2014-11-22 16,,
96789054,337129907,1,,6054,2014-11-21 21,,
19708378,229562891,2,946hof5,13230,2014-11-24 13,,
97824991,360416643,1,mtrdqcu,6513,2014-12-03 18,,
130567891,116241721,1,,8179,2014-11-26 00,,8179
19708378,266755632,1,946hogv,6700,2014-11-25 17,,6700
101120745,308077208,1,,552,2014-12-15 10,,
49546726,325107207,1,,6513,2014-12-09 19,,
130806899,21592769,1,,4584,2014-11-23 09,,
37671999,312715685,1,,4269,2014-11-19 17,,
37671999,392024047,1,,13954,2014-11-25 22,,
100633536,124612236,1,,5894,2014-12-12 16,,
116049086,188358011,1,,2825,2014-11-24 09,,
106335674,181700104,1,,3660,2014-11-24 22,,3660
134166701,120215175,1,,6513,2014-12-07 14,,
116049086,114987946,1,,10703,2014-11-20 22,,
37671999,150010863,1,95qu6pj,1083,2014-12-07 10,,
13079368,13141139,1,95pelpu,1488,2014-12-17 11,,
42089925,101076983,1,95d1gav,5399,2014-12-17 18,,
34424883,9762474,1,,11991,2014-11-28 00,,11991
46445715,126222075,1,9474wda,9559,2014-12-13 19,,
99433181,48362235,1,,8373,2014-12-09 14,,
99433181,181128367,1,,5388,2014-12-06 11,,
62073731,170735630,1,97v02t7,3673,2014-12-12 17,,
62073731,65408637,1,97v07ft,3673,2014-11-22 12,,
69521301,117612134,2,,3001,2014-11-27 02,,
47321903,116295899,2,,3673,2014-12-05 12,,
142120051,125327227,1,9q92dnh,5623,2014-12-12 08,,
5950556,352919070,1,,13230,2014-11-27 20,,
68068629,222796002,1,9h030kh,895,2014-12-15 15,,
15473588,68321320,1,,1863,2014-12-03 11,,
19145056,372431471,1,,6841,2014-12-15 14,,
25952339,117412145,3,,8874,2014-12-03 07,,
128519725,103239739,1,,13230,2014-12-04 22,,
128969098,176308451,1,,1797,2014-12-11 22,,
71406451,114288011,1,,9100,2014-11-30 06,,
16911051,333112865,1,,13230,2014-12-03 01,,
79702699,234892441,1,,10961,2014-11-19 01,,
16911051,256050447,1,956oupq,889,2014-11-19 12,,
80052488,120301772,1,,10017,2014-11-23 22,,
3318666,381309067,2,,9541,2014-12-08 02,,
88513390,44379531,1,,12845,2014-11-23 08,,
3318666,12074231,1,9q07on3,9247,2014-11-23 18,,
92681347,140682108,1,,5399,2014-12-18 03,,
10211498,171285382,3,99s4g0q,7299,2014-11-20 17,,
129572489,107252440,1,94g0fgt,5271,2014-11-26 23,,
10211498,195987093,1,,9516,2014-12-08 19,,
6015031,232560202,1,95quq1h,6209,2014-11-19 22,,
19805334,351440520,1,,12091,2014-11-27 21,,
80281644,7141388,1,,4670,2014-11-22 18,,4670
67185042,329795528,1,95qunin,3783,2014-11-25 23,,
112044266,263915671,1,,6513,2014-12-10 17,,
19805334,293205099,4,,3940,2014-12-10 22,,
132156365,381266876,1,,10392,2014-11-21 23,,
87944152,240030058,1,,3111,2014-12-10 14,,
104775475,30198911,1,,1863,2014-11-26 12,,
105425480,122315075,2,9qspf5s,11470,2014-12-12 14,,
105425480,133757357,1,9qspg3e,4190,2014-12-12 08,,
109084676,359497960,1,96nrsui,5480,2014-12-16 18,,5480
110374516,269164667,1,9qv9bqh,5027,2014-12-03 07,,
7397337,307360878,1,,4840,2014-12-17 15,,
30100119,295410741,1,9qv4jjj,2537,2014-11-23 08,,
2097413,336759939,1,ffbph0f,2953,2014-12-15 10,,
30839253,258552031,3,,11279,2014-11-29 00,,
22884828,155629275,1,,5263,2014-11-19 12,,
4364079,314588929,1,,3783,2014-11-28 20,,
89962630,391775498,1,,4322,2014-12-15 23,,
64187025,57246761,1,,1083,2014-11-23 14,,
93702639,34683934,1,962vkun,10431,2014-11-18 21,,10431
64906157,271183772,1,955oijv,446,2014-12-07 15,,
121823128,75636831,1,,5399,2014-12-15 14,,
129226331,121231693,1,,2901,2014-11-26 12,,
110883373,338812314,2,,9559,2014-12-01 13,,
104221274,223853748,1,,5503,2014-11-24 20,,
15437545,118905305,2,,11763,2014-11-28 22,,
51689371,32832711,1,96bp5h1,3801,2014-12-07 20,,3801
117903708,246290,1,94l4fuq,9559,2014-11-20 13,,
51689371,22731244,1,96bp5ik,9569,2014-12-08 18,,9569
22158762,344587617,1,,1863,2014-12-03 14,,
12931864,301036779,1,,3628,2014-11-29 22,,
4053567,133021186,1,94dg9ds,4296,2014-12-11 11,,
52525317,27664662,1,,297,2014-12-15 15,,
79587494,391722945,1,,11279,2014-11-23 12,,
68692842,72696505,1,,12328,2014-11-18 21,,
56002069,35770749,1,,11279,2014-12-15 19,,
90958308,102557086,1,,5027,2014-11-20 08,,
110033398,171329766,1,,5204,2014-12-07 10,,
110033398,211174206,1,,5653,2014-11-27 12,,
119990802,276826301,3,95f75qp,1337,2014-12-14 19,,
128372503,259769683,1,,3735,2014-11-18 01,,
51926941,98141902,1,9qkg77q,7103,2014-12-15 08,,
51926941,89220611,1,9qkg7rm,4676,2014-12-14 09,,
140906142,97333008,1,,10740,2014-11-21 23,,
135858331,152227075,1,97501ke,8291,2014-12-03 23,,
24356634,272628509,1,,5689,2014-12-12 11,,
140662618,357901139,1,,10901,2014-11-23 11,,
28308227,384590729,1,9510tsu,8930,2014-12-15 22,,
79243315,112546316,1,9h9tqpo,12105,2014-12-07 15,,12105
107882320,94861779,3,,508,2014-12-09 15,,
140780237,271581735,1,,1039,2014-11-28 21,,
92928708,320919940,1,9h0377k,12982,2014-11-25 12,,
81046312,43696418,1,,11330,2014-12-13 01,,
39283381,281036483,1,,10533,2014-11-20 22,,
95687290,1975386,1,,12855,2014-12-06 18,,
39526193,65648780,1,,3892,2014-11-22 11,,
90047532,152226861,1,9qehon0,10120,2014-11-26 21,,10120
39526193,89220634,1,,7233,2014-11-27 02,,7233
63960502,55037299,1,,10533,2014-12-01 18,,
99963140,185331835,1,9r7lekv,11652,2014-12-01 09,,
135020964,73003979,1,,9516,2014-12-10 21,,
81500257,89488541,1,946662g,11279,2014-12-02 20,,
110509780,101268199,1,,5027,2014-12-08 16,,
100121842,102498145,1,,6228,2014-11-30 08,,
118996710,57045374,1,,215,2014-12-11 08,,
5938241,32199451,1,mtoa69q,10875,2014-11-18 21,,
12571684,78379685,1,,3944,2014-12-12 16,,
77374787,80912195,1,,108,2014-12-12 06,,
47060411,32591492,1,,4817,2014-11-29 20,,
82960193,357949599,1,,446,2014-11-24 22,,
109613455,357083280,1,,8877,2014-11-18 21,,
100326985,28756526,1,,9614,2014-11-20 08,,9614
119653720,253256195,1,,11279,2014-12-05 13,,
130283517,176160977,1,,13230,2014-11-22 20,,
117961451,26142463,1,94atrpw,6742,2014-12-11 20,,
123842164,166529637,1,9q0lta3,6977,2014-11-20 19,,
140423268,214242835,1,95nhusm,3111,2014-11-24 13,,
130132447,336799279,1,,5388,2014-12-18 08,,
130132447,95562771,1,99chsbr,12982,2014-11-21 10,,
54345635,182224231,1,94eb1bl,13915,2014-12-18 22,,
6146353,188973505,1,,12090,2014-12-12 14,,12090
139104982,401189533,1,mtdaswd,11279,2014-12-09 10,,
65704391,292800273,1,,12388,2014-11-25 15,,
76707547,328896285,1,,438,2014-12-07 14,,438
80390220,252633363,1,95e0w0a,11111,2014-11-28 14,,
23137309,149085213,1,955nkwg,4688,2014-12-12 21,,
90035027,363517271,1,,1838,2014-11-21 22,,
31463929,99563302,1,,8771,2014-12-03 13,,
48619165,105302430,1,955lnmm,13805,2014-11-25 11,,
40174741,228809147,1,946i0bp,3956,2014-12-13 09,,3956
58805712,289499354,1,,11564,2014-11-28 23,,
82705001,344813054,1,9rn9fnm,3015,2014-12-03 14,,
61121803,208397827,3,,8749,2014-12-12 23,,
9500401,280968054,1,,13230,2014-12-03 16,,
73135493,332106355,1,,12230,2014-11-23 20,,
137385958,248000517,1,,6513,2014-12-05 21,,
8886191,298951084,1,,7198,2014-12-05 20,,7198
86756157,211330814,1,94nessl,1488,2014-12-08 07,,
1926899,184388962,1,,5399,2014-12-16 21,,
98133460,352947387,1,,13230,2014-12-04 03,,
98133460,392926875,3,,6648,2014-12-15 22,,6648
87603845,255927826,1,,2839,2014-12-13 21,,
98133460,127165078,3,,8877,2014-11-23 10,,
8886191,120402018,1,,10567,2014-11-19 14,,
98133460,186606755,1,,13230,2014-12-10 21,,
36090137,279067616,1,,11447,2014-12-03 07,,
1926899,313398963,1,,11824,2014-12-08 00,,
101120745,347926567,1,,5232,2014-12-08 10,,
39090755,274858766,1,99now3m,9179,2014-11-28 22,,
79807237,364495966,1,,11,2014-12-10 15,,
10191206,281244541,1,,12067,2014-11-27 21,,12067
48470191,265039138,1,956jjl2,7957,2014-12-03 22,,
139707991,110373130,1,,11279,2014-11-20 09,,
140606196,186872542,1,,552,2014-11-25 06,,
128055612,217515094,1,,7582,2014-12-12 01,,
497764,324332861,1,,11279,2014-12-02 08,,
128055612,31050102,1,,7121,2014-12-01 21,,
497764,329287017,1,,1863,2014-11-23 14,,
5091068,240282382,1,,3056,2014-12-10 03,,
46274658,239189306,1,,9517,2014-12-18 01,,
7604354,296950641,1,,1843,2014-11-24 23,,
81586383,120866554,1,,9829,2014-11-21 21,,9829
50672934,61013727,1,94jrmil,8877,2014-12-07 20,,
20379505,60616783,2,,1838,2014-12-11 22,,
128217950,143849538,1,94h3ofr,3892,2014-12-06 13,,
49371675,259755729,1,,2513,2014-12-15 22,,
115078779,25761072,1,,13541,2014-12-13 19,,
86038768,181017073,1,,13230,2014-12-05 09,,
37981108,343499248,1,946vgnp,4264,2014-12-18 13,,
86038768,185716679,1,,6576,2014-11-18 15,,
115078779,253602211,1,,10520,2014-11-20 00,,
15541192,2738123,1,,10661,2014-11-21 06,,
72884077,136977035,1,,12488,2014-11-18 21,,
15541192,291126811,1,,9001,2014-11-21 11,,
24217106,180307349,1,9713q9e,4269,2014-12-13 23,,
83307780,333477135,1,9506a2p,3628,2014-12-13 16,,
41103398,254404114,1,94j517a,1863,2014-11-24 14,,
36166284,275213546,1,mtobnfm,11757,2014-11-28 16,,
135889836,7783870,1,,6054,2014-11-23 17,,
36166284,278761520,1,mtobngo,6977,2014-11-26 18,,
36306202,325907954,1,,1863,2014-12-12 00,,
36306202,145452489,1,94jbnnh,1863,2014-12-16 14,,
112747800,232029011,1,,13156,2014-12-05 10,,
36764652,31874630,1,,1843,2014-12-15 22,,
70157276,295021302,1,,1838,2014-12-13 02,,
50346435,118828478,1,94jcwnl,6529,2014-12-12 10,,
70157276,382403503,1,,5399,2014-12-07 02,,
54994098,287440946,1,9r7741u,9261,2014-12-08 21,,
39066078,329796580,1,,9363,2014-11-26 19,,
127668936,221974318,1,97rc5sp,8650,2014-12-08 23,,
6435793,242117396,1,,8537,2014-11-22 12,,
6435793,103113319,1,,198,2014-12-12 00,,198
129226331,63148638,1,,3798,2014-11-22 13,,
72791026,388826862,1,,6054,2014-12-03 12,,
96778762,155182799,1,,4704,2014-12-05 15,,
106416249,340765787,1,,9412,2014-12-06 13,,
61626894,9962549,1,,10314,2014-12-12 09,,
106416249,146061658,1,,11697,2014-12-01 01,,
80415557,202706965,1,9qw92kl,9753,2014-12-14 12,,
106416249,22749364,1,9ri91kf,9412,2014-12-12 21,,
121693940,169363615,1,,6184,2014-11-21 22,,
110522016,232892137,1,95w1r3b,5395,2014-12-17 19,,
15437545,212700224,1,944jg4h,5399,2014-11-23 16,,
97428494,122828439,1,,5466,2014-12-08 01,,
124830295,36063651,1,9rf9hpe,11552,2014-11-26 08,,
98555860,248962565,1,,3673,2014-11-27 18,,
14586553,394468395,1,,13852,2014-11-27 22,,
51435191,332224407,1,,5985,2014-11-27 05,,
1604248,69531691,1,9rguu1m,7195,2014-12-08 22,,
37447725,126027497,1,952jnjm,13230,2014-12-10 21,,
10149605,83755765,1,,3662,2014-12-16 22,,
37447725,111232585,1,952jnmi,13230,2014-11-27 21,,
44908934,303353373,1,,1863,2014-12-05 15,,
2097413,20321719,1,ffbph61,10049,2014-12-14 23,,
18781926,136567860,4,,11376,2014-11-23 12,,11376
17825629,53627577,1,,10894,2014-12-17 10,,
61219560,64529098,1,,5894,2014-12-12 01,,
17825629,314937784,1,,9552,2014-12-07 18,,
61754447,134142361,1,,11241,2014-11-21 20,,
55556537,75316938,1,,10533,2014-11-27 20,,
18781926,402556844,1,96s5afv,9516,2014-11-21 13,,
117301497,315413324,4,9rfqik3,4370,2014-12-14 20,,
69696698,230045144,1,,5271,2014-11-24 19,,
30839253,118804989,1,99b5hs4,6648,2014-11-20 21,,6648
31667005,128583835,1,,1230,2014-11-21 14,,
118779051,32935614,1,,8767,2014-12-10 20,,
83275852,67370230,1,,11037,2014-11-27 23,,
27608145,323450645,1,mtoa14v,7767,2014-12-12 13,,
105069110,162657048,1,,5399,2014-12-06 21,,
141600808,280762363,1,,6315,2014-12-10 22,,
16071365,219633084,1,,2825,2014-12-04 01,,
44005966,233335647,1,,13615,2014-11-18 01,,
58207544,7758632,1,,5468,2014-12-12 04,,
141600808,217828723,1,,14079,2014-11-29 13,,
136374136,339061417,1,950p4kw,13338,2014-12-15 18,,
114737900,196714442,1,,767,2014-11-21 13,,
21266227,92047526,1,95ria1j,1838,2014-12-08 18,,
114737900,141024716,1,,7480,2014-12-01 13,,
28116055,50253323,1,,10894,2014-11-22 21,,
39280271,168963607,1,,10242,2014-11-19 09,,
51053646,272637449,1,,4116,2014-12-17 23,,
90924422,327623109,1,95rihbw,1588,2014-11-30 19,,
66205819,267860069,1,,10661,2014-11-24 16,,
63159938,360290761,1,9qkgwcb,8052,2014-12-03 17,,
22779974,137662684,3,,1152,2014-12-09 07,,
77455354,99173590,1,,6689,2014-11-26 14,,
119765198,21122844,1,mtdmlta,3099,2014-11-30 21,,
78889829,50109168,1,,9516,2014-12-12 21,,
83976914,157512525,1,,1674,2014-11-20 19,,
12725690,364189724,1,9pu17v5,1635,2014-12-13 14,,
83976914,253084601,1,,10392,2014-12-08 12,,
87658501,153610853,1,95ovc5p,1863,2014-12-14 23,,
131702468,75958220,3,,2513,2014-11-18 22,,
43626933,375776121,1,,2828,2014-12-15 01,,
87658501,396518676,1,95ov33l,11279,2014-11-29 22,,
19716129,240817792,1,,13338,2014-12-15 23,,
68225403,157889033,1,,10740,2014-11-19 00,,
19716129,248002579,1,,2825,2014-12-04 22,,
139207603,323477795,1,tfuo1w7,3783,2014-12-10 22,,
75821100,214906616,1,,10975,2014-12-05 13,,
75821100,178847235,1,9rfv7hl,11241,2014-11-30 20,,
35967863,175813561,2,,14004,2014-12-08 07,,
99989881,134675643,1,95rwmwa,2284,2014-11-29 11,,2284
109647745,27445009,1,,1408,2014-11-21 23,,
84894979,199571255,1,,3093,2014-11-25 00,,
101689479,54492745,1,965jl30,3090,2014-12-06 19,,
109647745,282495487,1,,1863,2014-12-01 13,,
55749305,177205303,1,9rfiuji,1863,2014-11-30 13,,
125823342,39336779,3,,14079,2014-12-04 14,,
21465106,169111431,1,,3544,2014-12-03 20,,
21465106,120806873,1,,7707,2014-12-13 22,,
28257786,4420975,1,,1843,2014-11-26 14,,
83954147,124607779,1,,2284,2014-11-20 21,,2284
35636139,357222239,1,,1954,2014-11-21 17,,1954
72295163,63498464,1,94a25s3,3064,2014-12-13 23,,3064
126784328,229971276,1,946jq27,2817,2014-11-26 09,,
96509906,263482668,1,,12688,2014-11-27 21,,12688
96509906,110247316,1,,4864,2014-11-27 11,,4864
32198657,56449256,1,,5027,2014-11-24 22,,
59567091,177567640,1,950toca,3064,2014-12-06 15,,3064
23740258,402791948,1,,11652,2014-11-28 18,,
122382368,230955623,1,,2513,2014-11-30 20,,
123995552,398239236,1,94j7rsm,1969,2014-12-05 21,,
132229788,166680105,1,,6255,2014-11-30 23,,
79243483,125048869,1,,9280,2014-12-05 00,,
6228124,45359298,1,95u2e3u,5689,2014-11-22 09,,
11415302,44512979,1,,7573,2014-12-03 11,,
114121871,275842414,1,,7876,2014-12-04 20,,7876
114121871,11843703,1,,14079,2014-12-06 00,,
118693328,1837928,1,,11618,2014-12-03 11,,
97464808,139615795,1,,1863,2014-11-18 09,,
48509295,272769384,1,,10392,2014-12-11 21,,
21868086,199869257,1,9p0wvqf,13727,2014-11-19 18,,
126925524,217771974,1,,9559,2014-11-22 19,,
19277570,404381934,1,,12388,2014-11-21 02,,
16623516,104666079,2,,5081,2014-12-14 20,,
94917798,390038292,1,,9559,2014-12-13 20,,
142120051,110008174,1,9q92dap,989,2014-12-16 20,,
34413445,140230738,1,,11406,2014-11-24 13,,11406
29876306,171335454,1,,2993,2014-12-04 07,,
68961612,314858388,1,,7876,2014-11-24 19,,7876
56481977,273041927,1,95v3g6c,1427,2014-12-12 10,,
40814715,389617256,1,,5027,2014-11-28 13,,
22981352,240692291,1,95wl6td,5027,2014-12-17 22,,
140780237,386975797,1,,2825,2014-12-13 23,,
27662805,240427129,1,,11422,2014-12-09 16,,11422
41320562,104452443,1,,1863,2014-12-01 23,,
76253363,99270009,1,,4296,2014-11-27 18,,
18728199,340163418,1,95w2omf,630,2014-12-08 20,,
35342036,60828944,1,,10961,2014-11-28 08,,
101150402,339229753,1,,2953,2014-11-23 21,,
83666727,139472508,1,95q4o3m,284,2014-12-03 22,,
54007195,106787553,1,,4254,2014-11-21 13,,
49394233,324202020,1,,10588,2014-12-08 20,,
78639114,167777250,1,94cp6et,3628,2014-12-12 10,,
95548781,20811940,1,,1838,2014-12-03 22,,
136085033,178565697,1,mtj02i1,1838,2014-11-23 22,,
59241675,372409941,3,9r2sli7,552,2014-12-15 16,,
64557626,335609929,2,,9517,2014-12-08 17,,
40729947,283995409,1,,5689,2014-12-16 10,,
123446005,269654351,1,,2901,2014-11-23 10,,
8370322,189857279,1,,7590,2014-11-24 15,,
126270267,213663629,1,,7955,2014-12-05 17,,
10455102,135150139,1,,2953,2014-12-13 13,,
89428650,276648650,1,,6513,2014-11-23 00,,
71734567,368141332,1,95q19dr,5332,2014-12-11 21,,
97778243,300327250,1,,12090,2014-12-04 16,,12090
17373553,172654516,1,9q1f4bf,4370,2014-12-01 23,,
89428650,398261621,1,,5027,2014-11-18 00,,
43288343,320426577,1,,1863,2014-12-12 00,,
128396032,367405290,4,,1843,2014-12-17 04,,
22560823,339056284,1,,9516,2014-12-09 22,,
102033644,27364659,1,,6000,2014-12-08 12,,
22560823,141032327,1,,12863,2014-11-21 15,,
100267644,30571028,1,,292,2014-11-30 15,,
3442818,254488796,1,,8104,2014-12-02 17,,
113960,253840073,1,ffblcra,5027,2014-11-19 10,,
90414084,261243450,1,,12230,2014-11-30 09,,
140131230,82996452,1,9rb90dc,12479,2014-11-28 23,,
20663978,227484768,1,,1843,2014-12-05 09,,
140910777,292838915,1,9rrbfag,12304,2014-12-12 23,,12304
31076937,57933083,1,,8147,2014-12-08 00,,
124261357,295127299,1,94lqa7j,6828,2014-11-28 21,,
97730927,220223133,1,,11652,2014-12-04 15,,
39660335,216272623,1,,7312,2014-12-18 19,,
43794910,170354943,1,,316,2014-11-19 00,,
41268198,275659455,1,,3424,2014-11-23 12,,
46129619,231750576,1,,3015,2014-12-03 18,,
112470845,347546504,1,,9053,2014-11-19 00,,
52559406,201966888,1,,1810,2014-11-27 13,,
87594845,3950719,1,94dtd5c,2610,2014-12-07 18,,
98392652,391862349,1,,6054,2014-11-19 20,,
56560718,373678200,1,,12855,2014-11-29 14,,
9660384,337624524,1,,11552,2014-11-22 04,,
96859287,400102186,1,946wuva,10456,2014-12-09 22,,10456
84307337,372095534,1,94alrnc,1863,2014-11-25 20,,
130270245,154393878,1,,9261,2014-12-10 01,,
134051339,209343119,1,,552,2014-12-09 11,,
10026124,164439656,1,95hqseo,12090,2014-12-15 21,,12090
134936620,368012843,1,,552,2014-11-20 02,,
14444168,90338270,2,,12855,2014-12-05 23,,
2357844,47405668,1,,10392,2014-12-13 21,,
28352963,232916030,1,9474ekh,10392,2014-11-24 16,,
92317179,322847308,1,,5399,2014-12-09 09,,
33240232,105966429,1,,5182,2014-12-11 23,,
43592945,338714219,1,9rhheml,3275,2014-12-05 23,,
43592945,90830682,1,9rhhg9o,3275,2014-12-05 23,,
38638142,202869380,1,,2051,2014-12-10 09,,
59791208,144128980,1,,9516,2014-12-07 23,,
71929773,366822747,1,,6344,2014-11-21 15,,
71601515,273656561,1,,12490,2014-12-09 13,,
45773960,303488376,1,,7572,2014-11-29 00,,7572
72371406,275931961,1,95bbl5b,8854,2014-12-12 19,,
136347831,395323311,1,,1121,2014-12-03 21,,
20786149,394115537,1,mtj14qb,552,2014-12-09 19,,
20686051,312030024,1,,6648,2014-11-26 21,,6648
106679589,313390906,1,,6000,2014-12-02 09,,
131303989,238383749,1,99dm12m,5027,2014-11-26 22,,
4524349,83399905,3,,3789,2014-12-14 16,,
30100119,164917246,1,,3628,2014-11-23 17,,
113078957,266341702,1,,10037,2014-12-07 21,,
73870155,31904334,1,,8161,2014-12-12 11,,
116509312,159385605,2,95mhdlk,13230,2014-12-10 21,,
4364079,175251227,1,94e9e14,7428,2014-12-02 07,,
56905856,99538390,1,,9833,2014-12-17 23,,
1067578,342695950,1,9hq4v6w,4076,2014-11-18 23,,
57015662,242623930,1,96ci90l,1654,2014-12-15 16,,
57015662,163316077,1,,9614,2014-12-11 22,,9614
6317562,177558890,1,,5027,2014-12-06 01,,
135639209,192084589,1,,9899,2014-11-26 23,,
44048864,399555698,1,,2539,2014-11-18 21,,
83262957,313291155,1,,1838,2014-11-25 07,,
116763688,173893313,1,95f75o2,12685,2014-12-16 23,,
34320306,186784052,1,94b6vn6,437,2014-12-10 19,,
36751669,230691849,1,9h9t5ok,5446,2014-12-16 20,,5446
97389266,2483291,1,,11840,2014-11-21 22,,
24289312,267094967,1,,11379,2014-12-09 18,,
7630304,112339239,3,,8783,2014-11-26 19,,
7630304,263428013,1,,7189,2014-12-05 21,,
69439796,163189716,1,,1121,2014-11-21 11,,
109258006,395047935,1,9smu1l1,5894,2014-12-18 13,,
34553782,125035530,1,mti2jvb,1083,2014-12-02 20,,
91617828,193512437,1,,625,2014-12-01 12,,
80283819,232564828,1,,10392,2014-11-28 08,,
80283819,85613662,1,,10392,2014-11-29 20,,
71251121,276569158,1,,2825,2014-11-18 10,,
68285359,37488677,1,,1887,2014-11-22 22,,
71251121,102868485,1,,508,2014-11-19 12,,
114851398,192477750,1,,9247,2014-11-21 15,,
124926433,95242018,1,,7393,2014-11-23 22,,7393
17117517,354543314,1,9r2tluo,10242,2014-11-25 13,,
78480196,138682987,1,,5894,2014-12-03 21,,
83988501,107634542,1,,7911,2014-12-03 15,,
12129371,381649186,1,,10079,2014-12-16 22,,
59511789,321676221,1,,2901,2014-11-29 00,,
128826910,66284508,1,,5399,2014-11-20 17,,
36497409,304481596,1,,6054,2014-12-13 13,,
89647768,59275598,1,95qt3co,5027,2014-12-05 21,,
124600027,167940776,1,954fdc4,6513,2014-12-01 13,,
49337150,48548429,1,,4190,2014-12-14 10,,
59511789,99241814,1,,6513,2014-12-01 23,,
112707614,314578279,1,,1968,2014-12-17 03,,
13385262,44995802,1,9h45bip,10431,2014-12-08 22,,10431
72990071,117807825,4,,7876,2014-12-08 14,,7876
135955934,21741844,1,9rrdtwe,3628,2014-12-01 14,,
142128942,366984478,1,94h61bv,5513,2014-12-15 13,,
7892881,359142173,1,,2302,2014-12-18 16,,
39420666,402221625,1,94j6tl1,7344,2014-12-14 20,,
16137242,295736149,1,,5399,2014-12-17 08,,
82960193,324243206,1,,6255,2014-11-30 15,,
28911161,241956933,1,,13332,2014-12-14 17,,
19132982,258372205,1,,13230,2014-12-11 15,,
46428221,81761553,1,,4584,2014-12-01 18,,
136788174,105918389,1,,14061,2014-11-27 13,,
49003690,167803968,1,,6247,2014-12-01 16,,6247
57628198,366135511,3,,9247,2014-12-14 22,,
76599103,3152399,1,,10894,2014-12-15 21,,
76599103,199317297,1,,6513,2014-12-13 07,,
68680724,283437892,1,9su07ai,14079,2014-12-12 16,,
79763295,182253551,1,,4264,2014-11-19 20,,
91496013,137061565,1,mtj15f6,11279,2014-12-11 17,,
69599332,121467267,1,95ricr5,11279,2014-12-16 21,,
69599332,179743061,1,95ric5s,10533,2014-12-03 14,,
109129708,149146797,1,,4676,2014-11-26 15,,
75510785,60948159,3,,5399,2014-12-04 19,,
134319759,173310202,1,,10379,2014-11-20 22,,
131930045,189523452,1,,1564,2014-11-23 12,,
102011432,138076855,1,,12569,2014-11-18 21,,
131930045,102225173,1,9hqnolq,46,2014-12-08 09,,
104003037,316630244,1,,11279,2014-11-24 20,,
104003037,139548120,1,,3300,2014-11-21 16,,
52505405,17691026,1,99vs7ui,6513,2014-12-06 09,,
69050200,107137922,1,9rf442s,7580,2014-12-11 19,,
2302002,56463801,1,970u6sl,10392,2014-12-06 09,,
125776984,352668502,1,,14079,2014-11-23 23,,
125776984,351078907,1,,1843,2014-11-24 01,,
104003037,183972105,1,956i13p,11279,2014-12-01 11,,
133425852,167028294,1,,13712,2014-12-03 14,,
133425852,16918639,3,,9247,2014-12-03 22,,
133425852,159373346,1,,6161,2014-12-17 21,,
20754693,134673318,1,,5399,2014-11-24 08,,
119191477,239235230,1,,2825,2014-12-18 22,,
11313328,57700021,1,,5399,2014-12-08 22,,
82320644,236281688,1,,6226,2014-11-24 20,,
82320644,394204824,1,95kbg2j,10072,2014-12-13 11,,
28462928,152906014,1,95faq6o,13381,2014-12-11 22,,
16777748,16862174,1,,11991,2014-11-28 19,,11991
70212546,177568485,1,,437,2014-12-01 08,,
23260181,186119304,1,,4254,2014-12-15 15,,
22441068,200333821,1,954al1g,6754,2014-12-07 11,,
27840504,35534439,1,,13230,2014-12-01 10,,
103610059,285564331,1,94qbf7t,8771,2014-11-25 16,,
110033398,358468136,4,,5894,2014-11-24 11,,
110033398,154897440,2,,508,2014-12-17 17,,
51435164,169223390,1,951h0oe,5894,2014-12-10 14,,
114390324,221163349,1,94vk0g2,5951,2014-12-12 20,,5951
116520218,371026888,1,,8639,2014-11-30 17,,
17785864,246795683,1,9q075ur,4371,2014-12-06 20,,
45649071,382561771,1,,12855,2014-11-18 22,,
114054067,398269705,1,,7549,2014-12-09 08,,
22170979,60552248,1,,5399,2014-12-04 08,,
62764698,376781591,1,,5894,2014-12-01 20,,
142450275,248045497,1,9r59rkm,10894,2014-12-17 19,,
139435539,173688220,1,95qc1po,9835,2014-12-17 22,,
67202688,392219656,1,,12630,2014-11-25 13,,12630
55440618,43134506,1,992gsf2,1863,2014-12-07 15,,
139435539,68343017,3,,6531,2014-12-10 19,,
108266017,345086178,1,,12863,2014-11-27 21,,
14144843,219961398,1,,2513,2014-12-10 08,,
108266017,4428038,1,,5399,2014-11-26 15,,
20733935,192437625,1,,6896,2014-11-30 00,,
39445216,276993992,3,,13971,2014-11-19 02,,
26768217,398288171,1,,11552,2014-12-09 12,,
110278377,195149957,1,,5399,2014-12-02 00,,
108945253,330353613,1,,13230,2014-12-03 21,,
35997460,161560648,1,,7312,2014-11-23 12,,
69521301,333227099,1,,3599,2014-12-04 00,,
135402088,34691778,1,,6724,2014-11-25 23,,
69521301,333142654,1,,5894,2014-11-23 14,,
134097431,240726304,1,95rwof0,11279,2014-12-18 15,,
6345483,272803853,1,,12368,2014-11-24 21,,
133680584,383829861,1,,11406,2014-11-27 14,,11406
6345483,277224722,1,,3099,2014-12-13 10,,
26622553,28203740,1,,1863,2014-11-29 23,,
27850931,371000632,1,,13727,2014-11-25 21,,
87104389,203633450,1,,5027,2014-11-28 09,,
34318191,30572314,1,,3475,2014-11-26 17,,
44154986,115264722,1,,6255,2014-12-08 13,,
48777158,264958831,1,97j6lbd,10431,2014-12-14 18,,10431
33674599,89779175,1,,3979,2014-12-04 00,,
124692051,63876482,1,9qv9nhl,9397,2014-12-04 20,,
89931825,277412351,1,,5395,2014-12-10 03,,
44392514,287451634,1,96kncb2,1863,2014-12-16 20,,
63176270,204776096,1,,10481,2014-12-02 13,,
50728797,201965082,1,,8649,2014-12-05 22,,
93784494,338377519,1,,3876,2014-11-20 13,,
54476739,359820294,1,,6697,2014-11-29 02,,
135157689,211182005,1,,2825,2014-12-15 22,,
45360868,210913957,1,,13852,2014-12-01 12,,
53538099,86414621,1,97rcr7s,11279,2014-11-20 23,,
74752035,180692363,1,95kbgfm,6000,2014-12-14 23,,
128589059,335265489,1,,13963,2014-11-30 20,,
91380448,77080465,3,,4593,2014-11-23 00,,
137484826,250983921,1,,3381,2014-12-01 08,,
128476994,280760549,1,,1863,2014-12-12 07,,
137115052,4937786,1,94i56ta,13230,2014-11-19 21,,
108789051,17662693,1,96kar3f,11241,2014-12-08 11,,
81182608,209087434,1,,5749,2014-12-07 23,,
35745255,301799972,1,,11279,2014-12-14 08,,
85550335,18236155,1,94rlqs5,6000,2014-12-10 12,,
65438079,225200929,1,,11279,2014-11-29 22,,
52577851,353411319,1,,10984,2014-12-10 11,,
32432926,218570318,1,,6402,2014-11-22 13,,
131472598,337739949,1,,13230,2014-12-02 22,,
50553250,17223205,1,,1337,2014-12-08 11,,
52577851,9778067,1,,2953,2014-11-20 18,,
1769128,368108066,1,,451,2014-12-14 15,,
96610296,299180657,1,9ps7p2d,3381,2014-11-30 20,,
52577851,97843651,1,,5399,2014-12-12 20,,
126862652,141565194,1,,6054,2014-12-14 22,,
43136382,402476557,3,,2453,2014-11-25 15,,
125411948,115795335,1,9qw91d9,4116,2014-12-12 19,,
36932158,51434296,1,,3940,2014-11-27 16,,
66909500,312896585,1,,13230,2014-12-12 08,,
2103285,58033956,1,,1863,2014-12-02 20,,
92954093,365191500,1,,4370,2014-12-04 23,,
119990802,134294820,1,,552,2014-12-13 14,,
475826,202036846,3,,6513,2014-12-14 14,,
67028419,9705600,4,96vmu44,5550,2014-12-07 13,,
475826,140314978,1,,13230,2014-12-04 21,,
89105765,403505834,1,95q70g4,508,2014-12-06 21,,
89105765,245114740,1,95q70gm,508,2014-12-06 20,,
97951451,127409726,1,,13230,2014-11-29 11,,
140906142,127112952,1,,5477,2014-12-05 22,,
140906142,272723318,1,95cjf7o,552,2014-12-15 21,,
10936698,391010187,1,,9444,2014-12-02 23,,
140906142,348697880,1,,6513,2014-12-03 23,,
24356634,355655910,1,97qiv9q,5894,2014-12-16 15,,
98583943,153289949,1,,6054,2014-12-02 19,,
68826278,235942725,1,97rc0oi,6580,2014-12-17 19,,
124063835,392171142,1,,13230,2014-11-27 07,,
101503683,329512930,1,,3252,2014-11-24 07,,
88503688,383427647,1,9556co4,12309,2014-12-07 13,,
14210118,314903844,1,,12067,2014-12-03 03,,12067
90442425,53729633,1,,8744,2014-11-28 08,,8744
16676403,352148806,1,,5271,2014-11-26 19,,
109859583,99988835,1,,3472,2014-12-12 12,,
20774386,336659747,1,,3156,2014-11-19 20,,
20849275,190277460,1,,508,2014-12-09 16,,
134806923,19175042,1,,4269,2014-12-12 23,,
106863941,256455982,1,95a5akk,446,2014-12-10 07,,
28739065,96856647,1,94nt6u3,9130,2014-12-17 14,,
27803245,367111281,1,,8216,2014-12-01 18,,
25963511,165320051,1,99bm7ib,13519,2014-12-13 23,,
2686606,342065437,1,,5689,2014-12-05 11,,
126143015,153035626,1,,2825,2014-12-12 00,,
21375743,249098333,1,95qtfot,4577,2014-11-21 10,,
122141696,125821307,1,,9762,2014-11-27 21,,
128671783,188245432,1,,6255,2014-12-08 06,,
43250746,283129644,1,,5399,2014-12-16 12,,
128671783,75649955,1,,5468,2014-11-24 19,,
56830095,279389894,1,,13538,2014-12-06 10,,
128002749,181668017,1,97rc9df,10431,2014-12-07 21,,10431
2952532,451594,1,,9247,2014-12-03 18,,
90433859,319639064,1,,3673,2014-12-16 02,,
43864538,276137267,1,,13911,2014-12-02 19,,
98492728,121691538,1,,5027,2014-11-30 10,,
93791092,386902753,1,,5273,2014-12-02 16,,5273
47693061,315487271,1,,4676,2014-11-30 11,,
22178598,261873379,1,,9232,2014-11-26 22,,9232
81964332,150751564,3,9rrqapm,5466,2014-12-06 17,,
87018990,273511359,1,,9397,2014-11-26 11,,
89380977,173938321,1,,12630,2014-12-17 22,,12630
120962802,397299651,1,,11680,2014-12-05 00,,
75533954,346488107,1,,4336,2014-12-03 11,,
88079688,339815851,1,,12090,2014-11-28 01,,12090
131466845,168292432,2,,3783,2014-11-22 08,,
4913,17069112,1,,3067,2014-11-30 23,,3067
21978171,320048194,1,,5838,2014-12-03 23,,
59214580,294495253,1,95q2ll0,4676,2014-12-09 13,,
101508404,243236238,1,mtopir5,13230,2014-11-27 22,,
71048860,146304947,1,,3001,2014-12-04 15,,
71348773,29156351,1,,242,2014-12-01 11,,
82905542,313698089,1,,14079,2014-11-21 00,,
105019487,144330512,1,95qukr1,12189,2014-11-24 11,,
87448522,52542549,1,,2513,2014-11-18 14,,
8440456,11212157,1,,5399,2014-11-29 19,,
130068403,386986472,1,ffoefef,12823,2014-11-20 23,,12823
8249269,335206028,1,94ma5ic,12172,2014-11-22 22,,
119783832,51373831,1,,5699,2014-11-22 10,,
93223961,378102315,1,,4370,2014-11-23 00,,
36953591,302648084,1,94j3bdf,5395,2014-12-11 16,,
132747248,159228772,1,,6513,2014-12-14 02,,
49683822,17279736,1,979l9bl,10984,2014-12-05 23,,
100086267,334748814,1,,5388,2014-12-13 19,,
25173367,329374398,1,94kefo5,3795,2014-12-13 07,,
34578527,371403382,1,,7558,2014-11-29 12,,
138977388,56145599,1,,5503,2014-11-25 18,,
66831202,246924880,1,,7939,2014-12-14 00,,7939
15642495,198981444,1,,5894,2014-12-09 21,,
29459216,35358217,1,,12230,2014-12-08 20,,
119865308,376120201,1,95w9onk,6354,2014-12-12 15,,
36233277,44781450,2,94ek6ll,6513,2014-12-14 16,,
84556930,377473082,1,,4264,2014-12-15 19,,
36233277,233096175,1,94ek6kg,1121,2014-11-19 19,,
93444311,150163155,1,,5894,2014-12-13 21,,
17878712,306396536,1,,1392,2014-12-07 14,,
36233277,327912765,1,,9541,2014-11-30 00,,
23296153,348290225,1,,5027,2014-12-14 22,,
36233277,81494197,1,94ek6km,7195,2014-12-06 22,,
123848513,138341193,1,,4898,2014-12-01 16,,
123848513,247935223,1,,7454,2014-12-10 10,,
98795231,129028110,1,99suwii,215,2014-11-18 19,,
100234220,255890687,1,942n6l9,4636,2014-12-17 13,,
126550215,231710016,1,,2513,2014-12-07 18,,
16476024,16074055,1,,1452,2014-12-14 08,,
62068426,235186893,1,,12662,2014-11-20 13,,
62068426,262564775,1,,2463,2014-11-20 15,,
21824858,303656132,1,,5749,2014-11-18 21,,
9219164,373140896,1,,10234,2014-11-18 06,,
9219164,122378100,1,951hw5f,12128,2014-12-09 11,,
122269318,364196486,1,,1863,2014-12-09 16,,
33838299,391936421,1,,5399,2014-12-12 18,,
15304564,252696345,1,,43,2014-11-24 16,,
127429787,63617143,1,94gujek,2883,2014-12-04 21,,
4725269,24596429,1,,13230,2014-11-18 22,,
27839004,345872597,1,94mn6dw,13774,2014-12-08 17,,
34795094,400914589,3,94a1vfh,3064,2014-12-12 21,,3064
74314315,56026361,1,,13230,2014-11-26 10,,
50030868,231281609,1,97r33m7,8662,2014-11-25 16,,8662
74314315,320228616,1,,492,2014-12-16 14,,
53227937,399253048,1,,5399,2014-12-02 11,,
4338344,350219009,1,,11606,2014-11-18 12,,
96219418,206946044,1,,10894,2014-12-13 08,,
74314315,294615775,1,,1863,2014-11-22 08,,
74775553,114719829,1,9t4qbn9,4640,2014-12-11 23,,
66819420,210545696,1,,12170,2014-12-03 10,,12170
66819420,390491847,1,,5468,2014-12-16 23,,
66819420,9817225,1,95q4e4s,3673,2014-11-21 12,,
60079613,164316494,1,,10392,2014-12-05 19,,
86273519,139767432,1,,5894,2014-11-20 17,,
120594014,222197740,1,,6512,2014-12-06 10,,
102649446,220286123,1,,10582,2014-11-29 23,,10582
33797179,300881070,1,,8650,2014-12-09 04,,
83847851,120968648,1,,10344,2014-12-12 08,,
105460457,392616514,2,,6512,2014-12-01 21,,
116718992,127448105,1,94d7pki,12421,2014-11-22 08,,
45473276,240956663,1,,2993,2014-12-17 08,,
105460457,333849219,1,,3381,2014-11-25 08,,
74554840,15125472,1,,3843,2014-12-02 06,,
138505346,126194758,1,,10661,2014-11-22 11,,
108673661,187061836,1,947a2ug,6513,2014-12-18 19,,
100509623,368729662,1,,3064,2014-12-12 00,,3064
121036026,226114825,1,969bjrr,4505,2014-12-06 18,,
123006863,305438895,1,,2298,2014-12-02 23,,
106937011,47726888,1,,7995,2014-12-03 19,,7995
118095983,116604383,3,,3472,2014-11-30 08,,
117396268,144935443,1,95f75kl,552,2014-11-20 19,,
118960775,389322878,1,99ct0od,11917,2014-12-08 13,,
29511444,327996104,1,,13230,2014-11-23 23,,
29511444,384106542,1,,889,2014-12-12 23,,
12619319,273804829,1,,10661,2014-12-11 20,,
77683512,166115344,1,,6344,2014-12-02 20,,
95535997,17076107,1,,11279,2014-11-24 11,,
112037904,274424282,1,9571p5q,5027,2014-12-11 21,,
4082863,206022794,1,956pfma,5395,2014-12-17 16,,
74232355,181829098,1,,6502,2014-12-16 11,,6502
48752418,163517252,1,94vkm61,2825,2014-11-26 08,,
84308150,317321014,1,9rnctai,5269,2014-12-08 16,,
84308150,234270193,1,9rnctlm,8489,2014-12-07 22,,
122338823,169530769,1,,14079,2014-12-16 13,,
122338823,86856637,1,ffjf2kj,3783,2014-12-09 20,,
120841661,166461422,1,95llrtq,10412,2014-11-29 21,,10412
122338823,169882427,1,,6513,2014-11-28 17,,
6049053,83711693,1,,8378,2014-12-18 10,,
83073587,207875912,1,,5399,2014-12-15 22,,
77320837,259444221,1,,6513,2014-12-03 10,,
113283932,6698640,1,,1121,2014-11-26 18,,
51341836,252113060,1,ffev3bh,1963,2014-12-10 19,,1963
16860047,131038492,1,,3783,2014-12-15 02,,
81281336,285018767,1,96n5ue7,11740,2014-12-12 15,,
95088933,212847720,1,,11520,2014-11-19 18,,
22497620,311581997,1,,4296,2014-11-27 19,,
100185291,9791478,4,,14079,2014-12-04 11,,
26855463,53009526,1,,10894,2014-11-19 00,,
67268928,203142322,1,,5017,2014-11-24 13,,
107209058,96904123,1,,4371,2014-12-13 06,,
107209058,187142902,1,,10240,2014-11-18 18,,
108829095,219703439,1,,13230,2014-11-25 14,,
107209058,347525331,1,,9179,2014-11-18 11,,
109280382,350876511,1,,8234,2014-12-13 11,,8234
109280382,112800544,1,,11178,2014-12-03 22,,
33649704,207525117,1,,2993,2014-11-19 00,,
109568364,274772285,1,,10703,2014-11-24 11,,
118108228,272334849,1,954bv0g,3381,2014-12-04 22,,
47825067,224928878,1,,231,2014-11-26 15,,
50196156,391479553,1,95lkvsg,5027,2014-12-13 09,,
123227202,98144767,1,9h03005,5981,2014-12-13 15,,
50372642,323192586,1,,14079,2014-11-25 23,,
71035154,105995587,1,99ujjsc,8217,2014-11-25 16,,
25854726,169720786,1,,6344,2014-11-18 01,,
32181249,147970765,1,,9829,2014-11-24 17,,9829
121639491,346010894,1,,4747,2014-12-07 21,,
53080199,250129052,1,,11695,2014-11-19 11,,
8801409,379302489,1,,5894,2014-11-22 15,,
97357434,311024211,1,,13462,2014-12-07 18,,
118774009,150562664,1,,5027,2014-12-15 11,,
12570225,144352750,1,,9261,2014-12-07 15,,
120148968,70043634,1,,7811,2014-12-01 22,,
19769406,331376421,1,9r5f4nv,7428,2014-12-09 20,,
57105532,246496865,1,,5376,2014-12-11 22,,
65645933,391341357,1,,5894,2014-11-19 05,,
68249522,76758799,1,,5395,2014-12-01 16,,
65645933,321655731,1,,3156,2014-11-19 22,,
47321903,43137321,1,,3673,2014-11-26 15,,
72703245,236674696,1,9r7ivdd,3628,2014-12-13 10,,
5057199,319479927,1,,8849,2014-12-18 20,,
36513563,159767931,1,,7266,2014-11-25 07,,
5950556,76058465,1,,5027,2014-11-26 21,,
43348892,259928484,1,9qvqlpc,11279,2014-11-23 19,,
73196588,334321321,1,,10254,2014-11-20 19,,
87942719,228634728,1,ffad4kc,5752,2014-11-22 22,,5752
97327115,119407501,1,,5894,2014-12-05 09,,
99674599,384278036,1,,10547,2014-11-23 04,,
65519398,849387,1,,9614,2014-11-26 08,,9614
8913893,361524558,1,,3064,2014-11-25 15,,3064
73574022,345360228,1,9rg3hcc,11552,2014-11-21 09,,
73196588,40151942,1,,9396,2014-11-20 15,,
122867103,333314428,3,99ckq1n,893,2014-12-17 23,,
115374204,326016932,1,99ck92o,9396,2014-12-03 20,,
124299878,145261306,1,,8291,2014-12-02 19,,
121501586,141321406,1,,10544,2014-11-19 06,,10544
81633439,4747788,1,,5689,2014-11-23 09,,
140723279,351153763,2,,11954,2014-12-16 08,,
99781075,368123858,1,,6648,2014-12-17 19,,6648
85745014,110105710,1,,6054,2014-12-12 06,,
12684051,282086953,1,,5399,2014-11-30 16,,
19335772,279623399,1,,2825,2014-11-20 20,,
135377046,352684245,1,,3898,2014-12-12 09,,
44365875,85677094,1,,5399,2014-11-24 11,,
57097264,47527297,1,,3673,2014-11-19 06,,
56708793,181677992,1,,10661,2014-11-20 22,,
56708793,227037148,1,,5027,2014-11-19 16,,
19831033,184615574,1,96kng7j,9529,2014-12-14 14,,
83974192,194549575,1,99nfsl5,10049,2014-12-13 10,,
87413989,293784021,1,95lk291,242,2014-12-07 22,,
7366396,143607674,1,9refeoc,3381,2014-12-17 13,,
37357777,361460089,1,,11279,2014-12-16 02,,
59318036,294210793,1,,10846,2014-12-12 12,,
102033461,248310638,1,,2993,2014-12-10 13,,
8350359,226779431,1,,9412,2014-12-04 11,,
117544930,370701092,1,,4520,2014-12-03 01,,
117544930,201972319,1,,4116,2014-12-13 22,,
133271218,372005341,1,,3628,2014-11-20 20,,
22584113,54192068,1,,6648,2014-11-30 01,,6648
112142417,164085304,1,9r54h1r,1931,2014-12-07 23,,
109662797,267534338,1,,1863,2014-11-26 10,,
97409607,65024208,1,,9624,2014-11-20 07,,
110690572,19251576,1,,3662,2014-12-14 16,,
138467876,395980434,4,,2513,2014-12-17 16,,
213655,48548636,1,9te066c,10501,2014-12-13 17,,10501
6101177,233709956,1,94n4q42,7876,2014-12-13 08,,7876
67933987,124352940,1,,4370,2014-12-07 06,,
104815377,364489346,1,,11924,2014-12-01 00,,
49002030,244283061,1,,1488,2014-12-12 00,,
128960133,347080767,4,9r5f4eu,6795,2014-11-29 21,,
117044327,191789542,1,944bd52,13230,2014-12-07 19,,
31663890,18217377,1,,1488,2014-12-15 15,,
31663890,138816673,1,95bp4gh,12488,2014-11-22 13,,
31663890,152057504,1,95b9khs,6255,2014-12-07 22,,
109056742,207744812,1,9r2sic5,13230,2014-12-16 07,,
61459598,301409903,1,97v02n4,1843,2014-12-11 19,,
28097175,58909543,1,,4642,2014-11-24 21,,
69412823,127397544,1,,10544,2014-11-28 12,,10544
131283302,360749445,1,,2825,2014-11-24 08,,
106753864,262043769,1,,3660,2014-12-11 11,,3660
61336461,116655931,1,,10533,2014-11-26 17,,
131932310,114768970,1,97lahwt,13230,2014-12-10 20,,
117026591,309579128,1,955o9ln,10894,2014-11-26 22,,
137905112,87108858,1,99ct733,3662,2014-12-10 22,,
18205111,222399325,1,,9412,2014-12-17 21,,
24636415,223580546,1,,2254,2014-12-09 14,,
24636415,210273353,1,,713,2014-11-23 19,,
137850156,342422805,1,,552,2014-12-11 22,,
100112744,184844526,1,,9247,2014-12-01 19,,
101050024,307138207,1,,4640,2014-12-11 16,,
66274733,350674375,1,,6648,2014-11-24 00,,6648
88076016,194428377,1,,12421,2014-11-29 17,,
89083541,358919540,1,,11552,2014-12-10 10,,
92174499,118451660,3,950fc7v,3424,2014-12-08 19,,
94209509,35479575,1,,6513,2014-12-17 20,,
95002467,362959640,1,99uiggj,5503,2014-12-11 11,,
81608134,151115448,1,,7957,2014-12-14 07,,
81608134,166040661,1,,7195,2014-11-27 10,,
103728744,230212199,1,95llrb4,5027,2014-12-10 22,,
50244004,20741625,1,,9130,2014-12-12 19,,
25142712,49116982,1,,4370,2014-11-22 08,,
131534140,384818527,1,,10533,2014-12-04 11,,
119616442,213470526,1,,5894,2014-12-15 19,,
109928088,201075406,1,,9847,2014-12-03 19,,
109928088,175402234,1,95302fr,11991,2014-11-26 17,,11991
50673557,83983725,1,,13763,2014-12-07 18,,
60296951,192458197,1,,1797,2014-12-04 16,,
97666716,137922363,1,95qb3hu,5689,2014-12-08 11,,
68710047,169750176,1,ffkvwid,6000,2014-12-07 07,,
105875466,349557092,1,94h6ahs,5894,2014-12-14 09,,
82384961,30156819,1,,4333,2014-12-05 16,,
22278371,108137503,1,,5232,2014-12-05 18,,
4088842,91319788,1,99dmg49,13038,2014-12-17 22,,
91731364,17487137,1,,10740,2014-12-14 23,,
134499562,267694960,1,,5271,2014-11-25 17,,
52842050,207229086,1,,3472,2014-12-09 15,,
73042603,289115062,1,,13230,2014-11-28 22,,
58871895,384537282,1,,11750,2014-11-23 21,,
89888891,70431023,1,,9820,2014-12-05 12,,
109714912,26035301,1,962as7h,13152,2014-12-09 22,,
13869219,121598354,1,,7549,2014-11-20 18,,
13869219,68037068,1,9p2703t,13041,2014-12-11 17,,
52986601,18404721,1,9qnbtar,6045,2014-12-09 18,,
99795650,105699281,1,,3628,2014-12-08 09,,
11774110,161016825,1,,12090,2014-11-25 23,,12090
107824319,15258042,1,,4640,2014-11-27 06,,
58238111,67217476,1,999qw4o,1807,2014-12-18 23,,1807
75292590,259786032,1,,8650,2014-12-02 10,,
118330286,19662615,1,94kkvdn,5027,2014-12-12 11,,
29601369,399312141,1,,8877,2014-12-03 22,,
3792677,240076526,1,,6000,2014-11-26 12,,
17672892,250887593,1,,5981,2014-12-16 14,,
93675262,184784796,1,,6327,2014-12-06 12,,
30933630,91917789,1,,8986,2014-11-19 12,,
96723364,314893288,1,,6795,2014-12-13 17,,
138867561,32458714,1,,5894,2014-11-22 15,,
130265990,313546967,1,,9580,2014-11-19 00,,
39201973,99507261,1,,11639,2014-12-14 19,,11639
46066007,298022682,1,,5894,2014-12-05 22,,
106320112,335591229,1,,5027,2014-11-30 22,,
46066007,183640877,1,,14079,2014-12-16 09,,
133429407,39756392,1,,5399,2014-12-07 17,,
28373415,83841501,1,9r5gvo7,1582,2014-12-08 20,,
28373415,327722078,2,,10590,2014-11-25 00,,
97974838,164180773,1,ffgvhf2,10392,2014-12-18 21,,
100628422,350674375,1,956qjkd,6648,2014-12-10 09,,6648
100674178,39622653,1,,10662,2014-12-16 02,,10662
34605051,243535294,1,9654hmp,3472,2014-11-23 22,,
19463984,284218155,1,,13230,2014-11-28 12,,
79161711,48215007,1,,8877,2014-11-22 08,,
16916141,341621049,1,,5395,2014-12-05 21,,
115338197,240694474,1,,849,2014-11-22 21,,
116936810,402125851,1,99csruh,3064,2014-12-13 12,,3064
99480990,79300664,1,956itqi,5399,2014-12-12 16,,
125141227,18418321,1,,5867,2014-12-01 17,,
77139316,318705511,1,,2092,2014-11-30 22,,
100415080,350115514,1,,9970,2014-11-24 08,,
47439748,258770527,3,,1838,2014-11-26 20,,
1725399,400808885,1,,2953,2014-12-12 22,,
109226434,255720069,1,,5027,2014-11-25 19,,
18242239,236850699,1,,13729,2014-11-30 23,,
140230525,132459684,1,,1863,2014-12-01 19,,
65143114,42918568,1,,11536,2014-11-23 23,,
90792846,403471772,1,954alqj,6344,2014-12-10 19,,
68342657,344708230,1,,10785,2014-12-09 08,,
117293466,215934709,1,9rgu5sk,5894,2014-12-05 16,,
47109361,322364090,1,,3502,2014-12-09 14,,
39324037,362988993,1,,11804,2014-11-29 05,,
74067634,293089735,1,ohvtebf,6000,2014-12-13 11,,
33984927,352833259,1,,909,2014-12-10 21,,
134658118,254532638,1,,4264,2014-12-01 01,,
134658118,279181313,2,,6977,2014-11-26 23,,
36593288,243853133,1,,11279,2014-11-18 20,,
36593288,293016479,1,,3381,2014-11-30 09,,
36593288,268318477,1,,13230,2014-11-30 16,,
37671999,33118780,1,95qu600,5395,2014-12-08 21,,
85822276,54752977,1,,12142,2014-12-10 21,,
56053530,24206205,1,,3770,2014-12-05 22,,
66592633,103388358,1,,10250,2014-12-17 22,,
63625417,5519878,1,94m23g6,1863,2014-12-10 17,,
70876649,163210675,1,,6255,2014-11-20 11,,
74952849,374178137,1,99cjns4,6344,2014-12-01 17,,
126883251,368198771,1,,10939,2014-12-15 13,,10939
52523285,201830286,1,,5480,2014-12-07 01,,5480
131573117,92130954,1,956qeiw,5271,2014-12-01 09,,
110989739,177490362,3,95qqcjs,11279,2014-12-08 23,,
110989739,54278619,1,,11279,2014-11-26 20,,
91557809,348515030,2,,1863,2014-12-18 21,,
137175187,70957773,1,94dejgk,5027,2014-11-26 20,,
51455170,269512509,1,,6512,2014-12-07 15,,
137175187,344884409,1,,11552,2014-12-08 01,,
98261528,356697683,1,mtl711w,11824,2014-11-26 15,,
97181356,162730757,1,95ri79p,11279,2014-11-20 08,,
137175187,144443178,1,,13230,2014-12-05 05,,
86728681,378507796,1,,8083,2014-12-10 22,,
124793990,308796189,1,95f6u0l,4676,2014-12-08 14,,
97390150,79128287,1,94jweb1,1863,2014-12-11 07,,
136769457,186564187,1,,11279,2014-12-03 14,,
137362349,116740613,1,,11552,2014-11-26 22,,
103982848,274942775,1,mtdklrn,7428,2014-11-25 19,,
136769457,20854801,1,,5027,2014-12-14 02,,
11083802,41784819,1,,11552,2014-11-30 18,,
116259421,243856519,1,,6513,2014-11-19 05,,
122786384,391350946,1,,4705,2014-12-12 23,,
29246035,291336996,1,955n6ww,11652,2014-11-22 22,,
129236851,359304524,1,,10523,2014-11-18 21,,
33535844,13711119,1,,5369,2014-12-10 08,,
51426415,340788183,1,,11909,2014-11-20 12,,
32738038,316389095,1,94c1nr0,1105,2014-12-02 10,,
55035700,63617304,1,,8874,2014-11-26 21,,
72234327,76999966,1,,5599,2014-11-18 12,,
56591452,249443266,3,,12919,2014-12-06 22,,12919
55207467,153011510,1,99ujiil,9516,2014-12-17 19,,
7121453,302345213,1,95qto0n,11552,2014-12-15 18,,
52772551,374694227,1,,1838,2014-12-06 13,,
115636067,393848441,1,,11552,2014-11-20 21,,
106783624,183261063,1,,9944,2014-12-16 15,,
60625397,375520793,1,95kglvd,10983,2014-12-16 23,,
99785045,25548459,1,944kbam,2693,2014-11-19 22,,
135144517,40891315,1,,2513,2014-11-19 12,,
110954163,285535860,1,,10481,2014-11-27 20,,
110954163,362497327,1,,5894,2014-12-09 08,,
52763242,349421417,1,96ugfb0,4370,2014-12-07 21,,
53364820,218539796,1,944lpgl,1863,2014-12-12 16,,
29476135,339400561,1,,3673,2014-12-11 10,,
71678956,109485915,1,97v1w99,3673,2014-12-14 23,,
95269877,85564166,1,95rwn2v,3171,2014-11-25 09,,
39128743,401217178,1,9tiun9d,1843,2014-12-08 23,,
10539406,235289712,1,,10523,2014-12-01 14,,
10539406,211664516,1,99ch11d,1863,2014-12-06 09,,
85031011,138803719,1,,5271,2014-11-26 16,,
87542208,59185826,1,,11652,2014-11-18 16,,
112539954,311266118,1,ff3atw2,10322,2014-12-01 20,,
99418963,187406346,1,95wigqp,6226,2014-12-02 18,,
132203237,63369422,1,mtobqed,1427,2014-12-09 11,,
39576434,5724092,1,,4245,2014-11-28 06,,4245
13656280,104212914,1,,9179,2014-12-15 06,,
39576434,260773171,1,,6564,2014-11-24 21,,
68382361,336629138,1,,7841,2014-12-09 17,,
36582945,337053240,1,,6712,2014-11-21 19,,
79134636,243300520,1,,6513,2014-11-21 00,,
45384478,29809225,1,96pkj2a,13230,2014-11-26 08,,
127973228,27979628,1,,13230,2014-11-27 13,,
37844114,306128814,1,,1741,2014-12-11 21,,
5626464,218102366,2,,4245,2014-12-13 00,,4245
81542604,269427836,1,,9151,2014-12-06 18,,
138323461,45686168,1,96kcuor,4264,2014-12-14 20,,
90720609,133046635,1,,2825,2014-12-13 23,,
90720609,335104993,1,,5894,2014-11-19 06,,
56245076,119459137,1,,10678,2014-12-05 18,,
99796192,226032500,1,,11721,2014-12-01 00,,
130314976,293050323,1,,1863,2014-11-26 16,,
77339861,11334892,1,956sewq,5395,2014-11-24 08,,
13657444,138088998,1,,905,2014-12-13 00,,
9180621,134127237,1,,5232,2014-12-01 10,,
66306934,118185903,1,,8291,2014-12-11 23,,
130540064,378836232,1,,6513,2014-11-28 08,,
42694858,12403408,1,,316,2014-12-14 09,,
52534043,41454911,1,,5141,2014-12-15 13,,5141
81444684,286733750,1,95ril77,9363,2014-11-28 21,,
69579136,203821207,1,,4370,2014-12-13 20,,
11783149,105111339,1,95u0tl6,5701,2014-11-21 21,,
64707730,226011657,1,,1032,2014-11-18 15,,1032
71369964,82337159,1,97hch3n,8291,2014-12-07 12,,
40605509,293245824,3,,7440,2014-11-19 09,,
6222588,398634681,1,,3592,2014-12-03 16,,
81424893,1526841,1,,5027,2014-12-12 00,,
122151307,19946448,1,,1396,2014-12-09 19,,
10960939,190144253,1,,1863,2014-11-27 21,,
25896264,5436051,1,,11330,2014-11-29 14,,
30692164,353660311,1,,3673,2014-11-29 22,,
93897008,120494740,3,,4640,2014-12-12 12,,
134109810,380306436,1,,3099,2014-12-02 14,,
84414222,43322083,1,,2883,2014-11-18 22,,
41440011,7768247,1,95wlp2o,9518,2014-11-24 23,,
135410830,291230154,1,,1204,2014-12-18 11,,
81611585,65157368,1,,7594,2014-11-20 01,,
20824894,194090189,1,,675,2014-12-04 22,,
96789054,144723580,1,954f19m,13819,2014-12-18 21,,
87868887,152465325,1,,4830,2014-12-11 00,,4830
141976720,195554273,1,951e5h5,8956,2014-12-12 12,,
121528560,293266084,1,9hqcp5t,10223,2014-12-17 17,,
25386039,82673943,1,,6344,2014-11-26 02,,
121528560,170858425,1,9hq4d7u,13230,2014-12-05 15,,
124269975,209528984,3,,6077,2014-11-27 17,,
124269975,273195323,1,,5027,2014-12-12 22,,
68550498,313286778,1,,9517,2014-12-13 09,,
49296993,361572022,1,,6744,2014-11-23 07,,
133152667,134666321,1,,10637,2014-12-11 06,,10637
22369795,136739922,1,,1863,2014-12-04 14,,
97795315,330855624,1,950pouk,4747,2014-11-30 14,,
97795315,159976253,1,,5232,2014-11-23 18,,
15987177,302733760,1,94e1tui,12569,2014-12-05 09,,
22962826,399374453,1,,2825,2014-12-04 21,,
15987177,135379156,1,,1863,2014-11-19 21,,
120977495,162140431,1,9rkqvhm,6000,2014-11-29 10,,
27423844,365345973,1,,6209,2014-12-05 20,,
39831836,308228897,1,,9598,2014-12-12 21,,
85236155,391247249,1,,5894,2014-12-12 10,,
96789058,243336689,1,,2825,2014-11-29 09,,
78571658,201294687,1,,14079,2014-12-11 10,,
123006501,289482725,1,,7995,2014-12-03 21,,7995
22183500,87894548,1,96kf4ng,13691,2014-11-21 13,,
19805334,26138082,3,,9397,2014-12-01 10,,
96229323,14742026,1,942n9ss,5027,2014-12-18 11,,
96229323,238028590,1,942hmve,3660,2014-12-02 15,,3660
23847626,201024049,1,95os2o1,5399,2014-11-18 08,,
35739934,114729403,1,95f7645,3673,2014-12-08 22,,
38782215,197119523,1,,8291,2014-12-10 21,,
38782215,166919839,1,,13230,2014-11-21 14,,
43294769,74956145,3,,6513,2014-12-11 23,,
10765825,79712942,1,,12304,2014-11-23 11,,12304
52660721,81925559,3,9ptpp3u,5395,2014-11-25 10,,
64471307,191335700,1,94j5bha,13644,2014-12-10 21,,
13666087,162153861,1,954gnm6,10894,2014-11-26 21,,
108770715,79920049,1,9rfrir5,13230,2014-12-12 10,,
22281803,352903822,1,,8830,2014-12-02 13,,
47237907,209323160,1,,10072,2014-12-11 16,,
130125431,9804107,1,,9610,2014-11-27 08,,9610
54771046,395700722,1,9q6f2hu,3064,2014-12-11 21,,3064
94096435,283977600,1,95qb3as,5444,2014-12-16 20,,
131637785,110266818,1,,508,2014-12-06 09,,
11595413,397605096,1,,3464,2014-12-04 23,,
11412443,298743217,1,,6054,2014-12-06 11,,
137690090,393773063,1,,13394,2014-11-24 15,,
19145056,93336990,1,,3942,2014-11-28 11,,3942
140777465,375421720,1,,5993,2014-11-26 14,,5993
35465102,145832793,1,94ref3p,13230,2014-11-22 07,,
43796808,369260971,1,94eb32m,5503,2014-11-20 20,,
88901750,255787575,1,,12123,2014-11-26 22,,
61644490,370763159,1,,5503,2014-12-14 06,,
71234312,366538727,1,94oioor,3252,2014-11-25 15,,
63759289,42201084,1,,13416,2014-12-13 00,,
107391538,231447284,1,,8451,2014-12-03 22,,
82026505,228512437,1,,11774,2014-12-15 12,,
88513390,162069372,1,,9552,2014-11-30 22,,
83052065,378033515,4,95wqcav,5399,2014-11-30 09,,
104683710,272328504,1,,2343,2014-12-18 14,,
127071641,84584472,1,,11552,2014-12-15 18,,
122378590,44418841,1,,4405,2014-12-06 21,,
123450171,21749374,1,,3156,2014-12-12 08,,
128289511,60694938,1,97qrd1u,7428,2014-12-15 10,,
134904941,280980747,1,,5894,2014-12-08 12,,
141794752,279768595,1,,5894,2014-12-03 21,,
2227874,62882711,1,99nfa3p,12744,2014-12-18 22,,
2227874,247924948,1,99nfa29,11279,2014-12-12 13,,
71883073,132333393,1,960i34r,1863,2014-11-21 16,,
92892459,81298645,1,,5749,2014-12-04 23,,
6643814,386659916,1,95qh2nd,10661,2014-12-03 20,,
105732108,129598786,1,,12488,2014-11-27 22,,
56498242,75130231,1,95q53a1,1121,2014-11-21 19,,
120983136,133638867,1,,150,2014-11-19 16,,150
86863108,85949719,1,,13727,2014-12-06 04,,
89426847,224197086,1,95q1q19,13041,2014-12-10 21,,
142151675,373151784,1,951phj5,5894,2014-12-14 07,,
93791234,36088423,1,,8877,2014-12-14 20,,
25166903,370423507,1,,9559,2014-12-17 09,,
94795739,110038274,1,9qumcke,6344,2014-12-18 20,,
27808271,335036382,1,,169,2014-12-03 23,,
14759968,11784903,1,,2825,2014-11-30 22,,
79253885,322252995,1,97v02bk,4370,2014-11-22 21,,
40492706,134878836,1,,5749,2014-12-13 15,,
189833,100969714,1,,13819,2014-12-07 00,,
55575058,235810993,1,,7103,2014-12-13 19,,
85051939,15604509,1,,3368,2014-11-23 01,,3368
83813302,92892394,1,,5027,2014-11-29 09,,
83813302,53134910,1,95ov3bl,13230,2014-12-06 17,,
94428036,377603609,1,,6513,2014-11-23 21,,
103090935,335986770,1,,13230,2014-11-21 21,,
120986091,6582000,1,,7440,2014-11-26 19,,
14447131,210864284,4,,9526,2014-11-20 16,,
65087297,224592227,1,,566,2014-12-18 08,,
65087297,167231487,1,,7880,2014-12-03 17,,
83158116,8733650,1,,552,2014-12-11 23,,
100875707,272626614,1,,11127,2014-12-10 21,,
8847877,237338417,3,99cht6d,5027,2014-12-16 11,,
130946680,178713127,1,,9693,2014-12-18 17,,
137284530,174281113,1,,10072,2014-11-27 18,,
140662618,206722542,1,,10894,2014-11-21 07,,
92018191,71365613,1,,12889,2014-12-13 09,,
92928708,285043846,1,,12982,2014-11-25 00,,
92928708,353416646,1,,13713,2014-12-05 21,,
109647745,317359228,1,,11552,2014-12-01 13,,
100929958,327977768,1,,11520,2014-12-02 00,,
123829617,366090033,1,9r2sh45,1514,2014-12-11 18,,
112342350,107085738,1,,6344,2014-11-29 20,,
118310551,347428271,1,,9790,2014-12-07 21,,
106815559,301726897,1,,7720,2014-11-24 08,,
117643320,368221574,1,ff1qcfm,1863,2014-12-03 21,,
109939909,123889072,1,,5571,2014-11-19 23,,
111325865,324431142,2,,5027,2014-12-11 22,,
120962802,219123059,1,,7195,2014-12-05 06,,
1160607,88793608,3,,4116,2014-11-25 19,,
29245673,164046265,1,954bv2d,9444,2014-11-18 21,,
21023173,5452697,1,9rnbe9l,13230,2014-11-21 16,,
21023173,86990519,1,,5894,2014-11-21 16,,
60802346,152987858,1,,11914,2014-12-03 05,,
66145288,164591078,1,,10037,2014-12-06 08,,
40884180,115532761,1,95w0k2q,7471,2014-12-08 16,,
15924838,216269982,1,9rgcajr,5395,2014-11-29 23,,
44193672,317291412,1,,10984,2014-12-06 22,,
17529630,146663635,1,,3424,2014-12-05 22,,
111276571,310500072,1,,4753,2014-11-25 20,,
54481329,272409568,1,,11376,2014-11-29 16,,11376
21824858,293233876,1,,7957,2014-11-25 22,,
63727001,122014199,1,,5027,2014-12-08 12,,
69505718,289013760,1,94lemij,6255,2014-11-25 19,,
69505718,314772432,2,94lemjj,8664,2014-11-19 21,,
91081942,319629505,3,,12304,2014-12-12 06,,12304
56245076,131904861,1,,5271,2014-12-04 19,,
3304327,192579317,1,,7401,2014-12-17 00,,7401
3304327,129686900,1,,7850,2014-11-29 07,,7850
89692927,163964979,1,,11270,2014-11-29 23,,
68299137,364489104,1,,8956,2014-11-30 07,,
69246472,145656339,1,96tasai,6054,2014-11-23 17,,
116059925,270824513,1,957u65i,5689,2014-11-21 23,,
134904941,180716535,1,,9752,2014-11-24 05,,
55588418,37745710,1,,8990,2014-12-16 22,,8990
77339861,211632558,3,956sewq,11904,2014-11-18 14,,
611920,51688974,1,,3064,2014-12-08 14,,3064
611920,339637835,1,,6513,2014-12-10 19,,
117287549,115894626,1,,895,2014-11-25 20,,
106783624,9794900,1,99nem9u,12662,2014-12-11 14,,
213655,175186857,1,,5246,2014-12-17 00,,
95253222,302803451,1,,7767,2014-12-05 00,,
23446150,392277309,1,,11904,2014-11-30 16,,
131670570,365045288,1,9qsi3uf,3093,2014-12-10 13,,
31727427,139842308,1,97ea4c4,3628,2014-12-17 07,,
93050081,367493841,1,94ful3q,8771,2014-12-06 20,,
103523811,188508636,1,,7668,2014-12-07 00,,
3227231,256252738,1,,8771,2014-11-28 15,,
34404169,295645627,1,,13393,2014-12-02 21,,
123963959,184891293,1,,3956,2014-12-18 01,,3956
76887456,165390126,1,9p06wad,5689,2014-11-29 17,,
130270245,33604903,1,,4111,2014-12-09 01,,
141754029,357241727,1,,3833,2014-11-22 12,,
31663890,183980847,1,95bp4ah,11623,2014-11-20 21,,
127760767,107170739,1,9553qhq,5027,2014-12-16 07,,
136482450,228731519,1,95q62n6,13164,2014-12-07 21,,
55381200,129013497,1,,3783,2014-12-09 21,,
60238437,109980017,3,,5515,2014-11-20 10,,
56892801,382580713,1,9qkg0t0,4898,2014-11-27 20,,
55575058,264977338,1,,7032,2014-12-09 22,,
59323197,123596423,1,,3921,2014-12-17 13,,
122459019,236734120,3,,8095,2014-12-18 23,,
55415825,252161663,1,,5399,2014-12-06 19,,
102281568,46036542,1,94deiv6,8650,2014-12-11 19,,
102281568,142428084,1,94dekdr,3064,2014-11-25 09,,3064
59564210,147299764,1,,12744,2014-11-19 22,,
38638142,250086365,1,,5894,2014-11-29 21,,
110201893,283638010,1,,2950,2014-12-15 20,,
118693328,121086825,1,94de7qk,5153,2014-11-29 21,,5153
123108236,366992670,1,,6000,2014-12-01 14,,
2502524,119536836,1,ffadrhp,3783,2014-12-02 12,,
77374787,318049932,1,,11241,2014-11-24 21,,
2502524,88006809,1,ffadr7s,4778,2014-12-02 15,,4778
40815020,218616816,1,,7766,2014-12-02 16,,
40815020,234055734,1,,5503,2014-11-23 04,,
102477155,174675952,1,,11824,2014-11-26 00,,
135080969,267669205,1,,6513,2014-12-14 17,,
78111998,238252972,1,,10072,2014-12-10 04,,
34424883,58856232,1,,939,2014-11-27 00,,
20997825,299598983,1,99chthf,13230,2014-11-22 15,,
115540691,129235549,1,,3252,2014-12-11 21,,
128992470,145169510,1,96ep6tg,11241,2014-12-11 15,,
66686285,241313375,1,,10338,2014-12-15 03,,
21978171,239084059,1,9r59i0j,6513,2014-11-22 21,,
21978171,255858410,1,,1121,2014-11-27 12,,
21978171,173354683,1,,10112,2014-12-13 10,,
118807074,196599011,1,94efusm,3424,2014-12-14 20,,
137071488,229762897,3,94h5g4f,9835,2014-11-23 20,,
56920355,227088700,1,9rdm7t1,2656,2014-12-17 22,,
58663495,289896752,1,,1385,2014-12-13 10,,
3694961,208261789,3,9rdmvb7,1495,2014-12-04 10,,
3694961,327787595,1,,11444,2014-12-07 01,,
36886776,285255605,1,942uafo,10894,2014-12-15 21,,
101361390,276877406,1,9r5u2hs,12141,2014-11-20 20,,
71238931,342436287,1,,5027,2014-11-25 00,,
139124962,32585501,1,97iewf6,4999,2014-12-12 20,,
4271718,168355133,1,,5232,2014-11-24 10,,
4374427,330334013,1,,7957,2014-12-05 22,,
23165095,401496331,1,,4625,2014-11-20 05,,
110423160,87407188,1,,7876,2014-12-14 19,,7876
71437297,365839548,1,tmtq255,1863,2014-12-10 20,,
127779869,382000260,1,mtobfk9,12913,2014-12-09 10,,
23165095,109534113,1,,13807,2014-12-04 11,,
135665686,248826797,1,,8040,2014-12-06 00,,
5236221,317315426,1,9rf52nu,8291,2014-12-13 12,,
115343862,19868036,1,944lpbm,6000,2014-12-15 11,,
128055612,161028186,1,,2177,2014-11-22 17,,
39848859,314509733,1,,10727,2014-12-09 12,,
12833799,275513194,1,954g3h6,2825,2014-12-11 19,,
89917648,313963860,1,9q9ma0m,13883,2014-12-12 22,,
134058935,106342602,1,99ctjfb,6255,2014-11-19 21,,
89918216,287483347,3,,1121,2014-12-07 06,,
111714241,56731344,1,,2513,2014-11-26 11,,
27625049,105224431,1,,4264,2014-12-10 20,,
27625049,159932168,1,,13230,2014-12-03 20,,
38269947,335569097,1,,5894,2014-12-06 22,,
74314315,76552859,1,,6588,2014-12-16 20,,6588
99393465,401605561,1,,1863,2014-11-30 21,,
62024754,247293271,1,,11279,2014-12-16 20,,
137182431,343305838,1,956i16h,8291,2014-12-05 22,,
103962421,230021227,1,,6344,2014-11-18 22,,
141856245,8116942,1,,10392,2014-11-23 21,,
14982762,207113616,3,,13220,2014-11-25 18,,
83764719,37752037,1,95mqav2,5395,2014-11-27 15,,
131472598,253440214,1,,10894,2014-11-18 04,,
102028300,51546778,1,946j5fv,7428,2014-12-02 16,,
101435898,144434707,1,,12863,2014-12-17 00,,
1769128,68882137,1,,451,2014-12-17 17,,
876192,134103183,1,,284,2014-12-14 00,,
44806939,123605072,1,,13230,2014-11-25 15,,
138008976,70762522,1,944k3tr,13066,2014-11-27 18,,
104221274,336204810,1,,13230,2014-12-05 23,,
38294231,86167914,3,,6513,2014-11-29 23,,
104221274,300086610,1,,8365,2014-12-05 23,,
54204561,262504060,1,,11623,2014-12-04 18,,
116349225,68234317,1,,4704,2014-12-02 18,,
73455580,368865231,1,,10223,2014-12-10 19,,
137345401,230044163,1,9qp9v17,6513,2014-12-07 22,,
3632278,294782325,1,,3381,2014-11-27 18,,
12931864,167049364,1,,11623,2014-12-12 18,,
13834060,22388952,1,,13230,2014-11-30 04,,
53899840,128510913,1,94aoala,9397,2014-12-04 19,,
71142425,198607911,1,969u31j,13230,2014-12-12 09,,
90924422,29322854,1,95rihgr,9517,2014-12-01 22,,
73024133,353859017,1,,4245,2014-11-24 21,,4245
60988267,28390452,1,,1083,2014-12-04 07,,
39933731,40508122,2,,12090,2014-11-24 21,,12090
42021027,208841733,1,9rneitf,4625,2014-11-28 20,,
121687827,69707461,1,,6648,2014-12-13 22,,6648
53687535,169181912,1,,5395,2014-12-10 20,,
87165474,360476136,2,,5232,2014-11-28 20,,
87509181,396259536,1,96kngtq,13338,2014-12-18 14,,
114211505,61536666,1,9rna36l,7549,2014-12-15 14,,
100014060,188937934,3,96uwtsh,5232,2014-11-30 15,,
127641352,242479402,1,,8270,2014-12-18 16,,8270
16243178,360399471,1,,2158,2014-12-01 01,,2158
110976685,152509531,3,,5867,2014-11-22 22,,
105460457,143265686,1,99snw1c,3475,2014-12-08 19,,
19277570,300365523,1,95v3g7p,11,2014-11-18 07,,
71234312,3304379,1,94oioes,3381,2014-12-11 11,,
104164603,334500144,1,,12630,2014-11-26 09,,12630
136232385,330251896,1,,12096,2014-12-02 09,,12096
138323461,358386384,1,96kcuod,11802,2014-12-14 21,,
138867561,254744686,1,,5027,2014-12-16 19,,
92130636,133625828,1,,2284,2014-12-05 20,,2284
12684051,257407815,1,,1863,2014-12-06 09,,
47874120,236934584,1,,1970,2014-12-06 22,,
10864414,128366475,1,,8986,2014-11-28 18,,
2742560,37807544,1,,3046,2014-11-27 22,,
79587494,68906029,1,,5894,2014-12-09 11,,
124560028,184435094,1,,6513,2014-12-12 14,,
16354041,128320876,1,,12538,2014-11-21 13,,12538
88623283,357466759,1,96knb2t,5351,2014-11-28 20,,5351
28086954,386624961,1,mtduh7j,4382,2014-12-07 09,,
57295673,209262739,1,,8095,2014-11-23 14,,
58129501,65860949,1,,10740,2014-12-09 11,,
90233877,276273770,2,,5894,2014-12-14 12,,
42170243,100819813,1,,883,2014-12-08 12,,
30079563,116467879,1,993sckh,9363,2014-12-07 08,,
30079563,92145241,2,993schb,9559,2014-12-08 14,,
38478428,172564452,1,,2825,2014-11-24 22,,
72295163,377151282,1,,5176,2014-11-23 22,,
77020117,150204667,1,,13114,2014-12-11 21,,
63382216,386152153,3,,6643,2014-12-05 14,,6643
85633095,33838184,1,,6945,2014-11-20 15,,
86388311,141407201,1,,2463,2014-12-03 21,,
16911051,302960776,1,,1863,2014-12-12 19,,
37275754,197981362,1,tmp6hn0,5623,2014-12-13 22,,
106679589,67795733,1,,6000,2014-12-09 02,,
56009546,294070408,1,96e9i22,1427,2014-12-17 09,,
82857884,235843914,1,,5027,2014-12-08 23,,
13824734,119764689,4,,3660,2014-11-24 15,,3660
118056074,21962455,1,94vrkr3,9720,2014-12-12 20,,
114844461,195301881,3,,5894,2014-11-18 13,,
139961106,46142126,3,,10314,2014-12-05 11,,
79807626,395148369,1,,10753,2014-11-21 01,,
130567891,113213687,1,95qfiw0,5399,2014-12-07 09,,
79807626,298133555,1,,410,2014-12-16 00,,
26949426,208878871,1,,12680,2014-12-13 10,,
83954147,272340369,1,,1863,2014-12-03 14,,
130806899,253569056,1,mtj191a,6000,2014-12-12 09,,
118960775,118760659,1,99ct0lf,6344,2014-12-03 15,,
21676430,146291341,1,,9516,2014-11-19 21,,
89727305,371720287,1,,1863,2014-12-09 13,,
51926383,7063212,3,94dn3ll,888,2014-11-27 12,,
124793990,336117051,1,95f60f2,8662,2014-12-06 14,,8662
133933227,102029215,1,,7957,2014-11-24 12,,
7341876,284666744,1,95rig6f,6253,2014-12-12 23,,
73870155,287829076,1,,11552,2014-12-15 09,,
139145544,393172872,3,,3472,2014-11-21 17,,
73870155,216387114,1,,10533,2014-11-30 08,,
37671999,168417019,1,95quro4,5027,2014-11-27 12,,
49893764,98770468,1,99uigdu,6648,2014-11-28 14,,6648
71251121,2753773,1,,5027,2014-12-07 19,,
17883538,8348935,1,,11623,2014-12-07 07,,
25455279,276248475,1,,8291,2014-12-07 09,,
86723232,331846219,1,,437,2014-11-26 21,,
63625417,87605250,1,,11824,2014-12-13 16,,
61948623,69842623,1,mtob3u7,2993,2014-11-26 23,,
101532356,176271915,1,,5894,2014-12-07 23,,
79057120,351424358,3,,9261,2014-12-02 23,,
3350428,403797660,1,,10079,2014-11-30 23,,
66544067,49516870,1,,12326,2014-12-12 01,,12326
66544067,201138096,1,,8796,2014-12-15 23,,
78860938,368151610,1,,8526,2014-12-13 00,,
112037904,252038741,1,9571p4q,1083,2014-12-18 20,,
103610059,132032869,1,94qbfwi,6513,2014-11-28 21,,
14735918,20909959,1,,7939,2014-12-17 10,,7939
110033398,255097676,1,,10661,2014-12-03 18,,
113396592,102776797,1,,8040,2014-11-29 21,,
3731463,245416895,1,954aaeo,5894,2014-11-20 20,,
78692954,38668220,1,95rnhm5,9614,2014-12-16 11,,9614
131787268,267148291,1,,3472,2014-11-23 21,,
53154333,116143661,1,9rf7qle,6513,2014-12-15 23,,
135345840,98802583,1,,12569,2014-12-16 21,,
58134314,48938981,1,,3673,2014-12-13 01,,
58134314,251837816,1,,10740,2014-11-27 00,,
93357727,5241033,1,,3381,2014-11-30 23,,
140452690,246172513,1,,5399,2014-11-24 23,,
111691361,187714989,1,95f6vwj,9614,2014-11-20 11,,9614
43864538,97734202,1,,13230,2014-11-20 14,,
15957740,64216737,1,,4370,2014-11-25 13,,
121752508,8260881,1,,5027,2014-11-20 11,,
12892503,373281549,1,,5894,2014-11-18 06,,
60674956,98949237,3,9qk2101,11956,2014-11-20 22,,
16066732,19174739,1,,874,2014-12-06 08,,
48258563,391798058,1,,5027,2014-11-27 22,,
16066732,307557909,1,95qq4fw,7580,2014-12-12 23,,
81322348,223659053,1,,8877,2014-11-21 15,,
13887814,37811289,1,95rwd1m,3472,2014-12-06 23,,
81611585,168717051,1,,5204,2014-11-25 20,,
63245692,352757269,1,95rau0o,9638,2014-11-21 21,,
60352954,84853868,1,95up5l6,11821,2014-12-11 23,,
42391011,191446375,1,,10314,2014-12-12 00,,
82259162,188984800,1,,5894,2014-11-18 00,,
38588481,198440511,1,,10392,2014-12-15 19,,
82259162,196321842,1,,6513,2014-11-27 10,,
38588481,367582792,1,,5653,2014-11-22 21,,
84465849,521883,1,,6513,2014-12-08 13,,
102930156,233489509,1,,5503,2014-12-08 23,,
94308406,60678410,1,,3064,2014-11-20 10,,3064
124755978,30729236,1,,5894,2014-12-02 16,,
56690952,290755278,1,99cttta,9179,2014-11-18 19,,
132731360,352860055,1,,13230,2014-12-12 23,,
115374204,237769207,1,99ck9v0,5503,2014-12-15 13,,
118802168,292420659,1,,444,2014-12-17 18,,
118802168,191593014,1,,5878,2014-12-12 01,,
130987421,38665659,1,,2568,2014-12-11 22,,2568
19865503,41800386,1,mtoglkg,10567,2014-12-01 15,,
58483297,190643334,1,,3215,2014-11-30 22,,
42063682,238863769,1,,5399,2014-12-14 18,,
54287358,293276128,1,,11552,2014-12-04 07,,
19447970,101163097,1,,13338,2014-12-01 23,,
60032762,21152320,1,,11279,2014-12-09 04,,
60032762,3896925,1,,13230,2014-12-12 09,,
47293396,385751269,1,,11330,2014-12-09 12,,
18655723,19988422,1,,3944,2014-12-10 22,,
107413843,330119135,2,,11475,2014-11-26 10,,
21089878,122949702,1,,9913,2014-12-14 00,,
57981025,196078842,1,,10431,2014-11-26 23,,10431
8240912,229275831,3,,3628,2014-11-27 00,,
56045820,156198189,1,94h7jik,2993,2014-12-01 22,,
40826918,251629243,1,,4264,2014-12-12 17,,
109155337,134585581,1,,12570,2014-12-18 14,,12570
121528560,287703763,1,,6513,2014-12-14 22,,
102663288,28033297,1,,3252,2014-11-27 13,,
86901628,326485408,1,,13230,2014-11-30 21,,
75149023,181174120,1,,5165,2014-12-17 15,,
88364207,299539672,1,ffoe97q,9552,2014-11-20 22,,
100605176,141658219,4,,13815,2014-12-16 14,,
12571684,3013399,1,,6513,2014-12-02 13,,
136616127,230987357,1,,13230,2014-12-06 20,,
102014015,266965063,1,,2334,2014-11-20 13,,2334
102014015,216391540,1,,5894,2014-12-05 21,,
102014015,158869349,1,,11279,2014-12-13 09,,
24033530,17714295,1,,4370,2014-12-07 22,,
4110672,391821427,1,94vcaf3,6672,2014-12-12 16,,6672
120609448,4563471,1,96katth,2380,2014-11-29 20,,
97553714,279641165,1,94maw5l,10431,2014-12-14 10,,10431
116931309,180861567,1,,1674,2014-12-16 16,,
65704391,50248354,1,,10049,2014-11-25 09,,
84009856,41856279,1,,11537,2014-12-03 18,,
53438473,68922513,1,,5027,2014-12-15 12,,
52577851,355307756,1,,5894,2014-11-25 23,,
52577851,290201200,1,,1863,2014-11-21 11,,
106090167,196464729,1,,5232,2014-12-15 16,,
6643814,292700933,1,95qh2cv,5204,2014-12-03 20,,
17152310,90879080,1,,6648,2014-11-18 21,,6648
106090167,169667178,1,,11279,2014-12-15 08,,
52577851,363537337,1,,1863,2014-11-24 17,,
135981623,340483264,3,,12753,2014-11-25 10,,
39780652,147436274,1,,4370,2014-11-21 09,,
55668630,48220823,1,,1121,2014-11-23 15,,
86616463,209262114,1,,7791,2014-11-29 08,,7791
31850208,79279051,1,,10431,2014-12-06 22,,10431
49787656,379931908,2,,13853,2014-12-12 10,,
68100671,28074193,1,,1215,2014-11-23 00,,
122183715,73386191,1,94dem5v,9517,2014-12-08 16,,
5091068,168653228,1,,5027,2014-11-30 22,,
71929773,207049802,1,,6795,2014-12-01 00,,
122990070,277119766,1,9rg20c1,2284,2014-12-07 18,,2284
65645933,44601002,1,9t4qqgw,11279,2014-11-27 08,,
100968525,211406948,1,,2513,2014-11-28 22,,
12906922,403978920,1,,5894,2014-12-17 08,,
71929773,272931898,1,,1427,2014-11-26 00,,
49068752,300853336,1,,1863,2014-12-10 09,,
83437514,237101576,1,,3673,2014-11-27 22,,
71929773,209368921,1,,1863,2014-12-05 09,,
65645933,193723742,1,,5027,2014-12-17 01,,
65645933,379433430,1,,5027,2014-12-17 01,,
98583943,38271247,1,95rorcf,1048,2014-11-30 23,,
60296951,305726381,1,,874,2014-12-05 21,,
105089571,95609973,1,ffaeloj,11279,2014-12-11 16,,
62571710,36840988,1,,9179,2014-11-21 09,,
109714912,38026398,1,962as62,5271,2014-12-09 22,,
121985878,394443304,1,947ugrb,12580,2014-12-18 21,,
131096833,43674495,1,,7344,2014-11-18 00,,
73196588,336399913,1,,10297,2014-12-03 01,,10297
142306250,123844675,1,,6291,2014-11-30 22,,
75251738,247262121,1,94jrlq1,3940,2014-12-10 20,,
112142417,327359174,1,,10567,2014-12-01 15,,
11726782,371266242,1,,3656,2014-12-02 01,,
76003936,364660857,1,,8270,2014-12-12 00,,8270
521437,135760370,1,,11834,2014-12-06 09,,
17374737,273717815,1,,7305,2014-11-19 04,,
81471953,51101890,1,946k5lg,9261,2014-12-10 23,,
32438624,140199523,1,,10501,2014-12-05 00,,10501
31503308,180737153,1,,10223,2014-12-13 23,,
31503308,7578099,1,,10392,2014-12-16 15,,
121000755,393019075,1,97lahh5,10894,2014-11-27 23,,
120377968,122136571,1,9556s4g,6228,2014-12-03 20,,
113445602,159351620,1,,3843,2014-12-12 20,,
69678635,188205904,1,,6717,2014-11-30 15,,
88930,366329582,1,94hknqa,13230,2014-11-23 16,,
25477392,390319352,1,ff3lmpb,13500,2014-12-08 12,,13500
25678919,397257279,1,99ulekg,8126,2014-11-24 23,,
138387712,32598220,1,96awabc,6512,2014-12-10 19,,
136649602,366558012,1,,2754,2014-12-04 17,,
17020394,402539702,1,,3064,2014-12-06 22,,3064
18597404,200691754,1,,5232,2014-12-02 13,,
119133751,379419035,1,94jfiig,9517,2014-12-09 19,,
25040950,330836935,1,9qtcuu6,1720,2014-12-07 08,,
11141921,379536776,1,,5751,2014-12-09 22,,
140990654,357157408,1,957u6wa,11279,2014-12-09 20,,
82649107,151001394,1,95o3wmr,3015,2014-12-10 20,,
43052420,285841979,1,9hq4lrj,4721,2014-12-03 18,,
19388858,75504738,1,97ecscn,4370,2014-12-03 16,,
36233277,55555799,1,94ek6dj,11643,2014-11-24 12,,
54725247,239770159,1,956mn7i,242,2014-11-27 21,,
8886191,219164927,1,9506v9p,6295,2014-12-09 10,,
8886191,343014561,1,9506v4c,874,2014-12-08 22,,
8886191,312787268,1,,2569,2014-11-20 00,,
8886191,240115753,1,,2569,2014-11-19 00,,
83262957,57841753,1,,10049,2014-12-05 07,,
83262957,85398613,1,,5399,2014-11-30 08,,
82061100,361678940,1,94jrmq4,11140,2014-12-09 21,,
83262957,268979167,1,97rc0wm,2825,2014-12-05 20,,
8886191,366066306,1,,10567,2014-11-19 00,,
8886191,183830778,1,,10567,2014-11-19 00,,
1137672,325054915,1,,14017,2014-12-05 19,,
36233277,400589261,1,94ek6ap,5894,2014-12-16 23,,
74067634,111648837,1,ohvtdwt,6945,2014-11-22 10,,
36233277,158273634,1,,10315,2014-11-23 00,,
69640457,348792861,1,,11279,2014-12-11 06,,
66737372,108745726,1,,11834,2014-12-18 21,,
56528086,349051058,1,96nr675,12304,2014-11-23 18,,12304
7234861,400193974,1,9rgqt2l,10121,2014-12-01 19,,
7234861,185857513,1,,1514,2014-11-26 12,,
140351939,92602267,1,99ujivv,10523,2014-12-11 21,,
81769563,127656850,2,,12569,2014-11-29 08,,
114664281,286620126,1,,6054,2014-12-17 11,,
140409125,83320586,1,94dscnv,733,2014-12-02 21,,
92243806,115115613,1,,5271,2014-11-23 01,,
31942750,220773246,1,,987,2014-11-23 15,,
54168401,185862937,1,,5027,2014-12-05 18,,
88815441,3543617,1,,8721,2014-12-05 00,,
16332862,292323023,1,,8877,2014-11-27 23,,
59705015,117941439,1,,9397,2014-11-19 23,,
68571967,86188120,1,mtjda02,5867,2014-12-10 17,,
123842164,145644513,2,9q0ltb9,5894,2014-12-05 20,,
96219418,284857529,1,,1838,2014-12-03 16,,
123842164,66376400,1,9q0ltgs,8877,2014-12-18 15,,
5950556,258537908,1,95wqg3a,1843,2014-12-12 23,,
101456770,291346914,1,,9053,2014-12-11 03,,
90194475,127199307,1,,12819,2014-12-10 18,,
65519398,196569952,1,,10894,2014-12-14 18,,
122421140,181823685,3,,5706,2014-11-26 20,,5706
15289217,360182293,1,94m5t7p,11158,2014-12-06 21,,
66232679,316996470,1,,6054,2014-12-09 23,,
129894791,372461407,1,,5653,2014-12-13 06,,
139435539,7580596,1,,6513,2014-12-17 15,,
139435539,114350756,1,,6513,2014-12-13 00,,
25535039,270062356,1,,13338,2014-11-18 00,,
73232978,64597243,1,,242,2014-12-10 14,,
75419895,363566877,1,95ubrn7,8537,2014-12-12 12,,
16788720,141258441,1,94olj6l,1863,2014-11-29 20,,
139435539,271421099,1,95qc193,11824,2014-12-12 15,,
92984080,392446889,1,,3673,2014-12-11 02,,
104775475,15033413,1,,7645,2014-12-03 15,,
42986678,20989652,1,,12488,2014-12-10 16,,
110205306,253893302,1,,4370,2014-12-10 19,,
110374516,109218575,1,,1863,2014-12-10 17,,
35758348,339943484,1,,9516,2014-11-22 17,,
115159934,221866450,1,97v0awa,13230,2014-12-09 12,,
135756066,169882801,2,,6513,2014-12-05 06,,
136487187,261139381,1,,10984,2014-12-12 10,,
103606020,177593379,1,96ndiuu,10392,2014-11-27 17,,
6345483,374063026,1,,1741,2014-11-27 00,,
6345483,336819367,1,,3252,2014-11-20 17,,
110007607,253941709,1,,1642,2014-12-13 19,,
89647768,171249766,1,95qtcjo,10223,2014-12-01 16,,
20543670,4889790,1,,5271,2014-12-11 13,,
89647768,195315400,1,95qt3ch,5571,2014-11-18 21,,
20543670,400380822,1,,10901,2014-11-25 18,,
112417191,364302122,1,99t3kc7,2901,2014-12-01 09,,
6345483,254017303,1,,10894,2014-11-18 23,,
15392376,400589901,1,,13230,2014-12-12 21,,
13099562,390254349,1,,9127,2014-11-30 10,,
20347929,343738555,1,95m4743,5399,2014-12-17 13,,
12940608,44724500,1,,13230,2014-11-25 14,,
28751106,58588180,1,9rf9imc,5894,2014-12-16 21,,
100644641,352715084,1,,3760,2014-12-06 20,,
54003632,324619796,1,,11279,2014-11-27 22,,
118525064,350004502,1,,8270,2014-12-07 09,,8270
35806116,242553307,1,,3000,2014-12-11 21,,3000
35806116,265359462,1,,8099,2014-12-13 21,,8099
80673818,167248842,1,,5271,2014-12-14 01,,
68150938,254084984,1,,3156,2014-12-11 12,,
102064914,121062605,1,,6828,2014-12-02 20,,
11361547,109545997,1,,14079,2014-12-10 17,,
82389748,7972578,1,,508,2014-12-10 23,,
68150938,31695172,1,,11279,2014-12-09 11,,
96865786,374949882,1,9rdmckb,6724,2014-11-18 19,,
75722191,12015359,1,,8095,2014-11-22 08,,
96865786,137632072,1,9rdmcer,12855,2014-12-13 10,,
99272840,82379853,1,,5993,2014-12-12 21,,5993
52548753,115401973,1,97uhg2q,9516,2014-11-21 12,,
88209434,243111377,1,,6349,2014-11-27 12,,
119681430,265784161,1,95bp675,13230,2014-12-15 10,,
9573620,281788131,1,95qcqa7,1863,2014-12-13 15,,
56278193,395922593,1,95hkad1,5395,2014-12-09 21,,
124221192,14124604,1,,3252,2014-12-06 12,,
4790160,99101682,1,95ri5g5,10223,2014-11-30 20,,
49848032,86336830,1,94nuuad,6513,2014-12-09 07,,
109613455,179571026,3,,1421,2014-11-20 13,,
140780237,388958929,1,,5027,2014-12-03 11,,
33770972,69052928,1,,5027,2014-12-07 23,,
74645093,202509199,1,,4264,2014-12-05 16,,
91979514,102368482,1,,9618,2014-11-29 19,,9618
35657002,386555147,1,,10894,2014-11-20 22,,
50196156,7442000,1,,9605,2014-12-14 15,,
140423268,241303617,3,,7622,2014-12-18 21,,
123952685,94889462,1,,9081,2014-12-12 18,,
20029510,110490458,1,,7322,2014-11-20 00,,
19911284,331517053,1,,3975,2014-11-22 16,,
131344898,160263905,3,,13041,2014-11-27 16,,
122818954,326775926,1,,6513,2014-11-24 21,,
122818954,14136232,1,,10662,2014-11-19 07,,10662
11197151,289582451,1,,4676,2014-12-15 18,,
137850156,38840661,1,,552,2014-12-01 22,,
75821100,144592675,1,9rfv7hj,3064,2014-12-07 14,,3064
137850156,43907469,1,,3381,2014-12-06 19,,
13745443,276739484,1,,5027,2014-12-11 19,,
11197151,379108933,1,,10392,2014-12-11 13,,
13745443,285392155,1,,5399,2014-12-05 23,,
81500257,253176208,1,,6054,2014-11-28 12,,
43586684,396992311,1,956mjl3,9363,2014-12-07 18,,
126665202,78052847,1,95ub5gu,9761,2014-12-16 19,,
48767456,178768863,1,,3015,2014-12-17 10,,
32695127,275976108,1,,5399,2014-12-04 19,,
119121582,337939168,1,,11552,2014-12-04 22,,
32695127,232509406,1,,3988,2014-12-15 21,,
29381952,236891430,3,,11552,2014-12-10 07,,
34553782,194982159,1,mti1hva,814,2014-12-02 16,,
73135493,278072603,1,95f63am,2291,2014-12-13 20,,
63339028,352483236,1,,12221,2014-12-04 21,,12221
78571658,78335540,1,,292,2014-12-02 14,,
79807237,196713825,1,,4721,2014-12-04 19,,
83802493,148809001,1,99ctig9,9752,2014-12-03 14,,
96504901,186194916,1,,13230,2014-11-27 16,,
85862488,364823596,1,,11824,2014-11-20 00,,
59511789,264315231,1,,5027,2014-11-21 12,,
97485804,197432669,1,,7590,2014-12-04 23,,
22340122,111422374,1,,5867,2014-11-19 19,,
16124295,386051778,1,,8291,2014-12-04 20,,
112499569,89248491,1,,4295,2014-12-03 19,,
78074373,314178061,1,,12658,2014-12-03 09,,
104016986,60921539,1,,8662,2014-11-24 21,,8662
2883429,307280964,1,,3472,2014-12-07 17,,
92822194,48862351,1,,5263,2014-11-18 20,,
133710160,258748651,1,,6000,2014-11-24 13,,
24625581,212263344,1,,10029,2014-12-10 13,,
22369795,368610216,1,9910s7b,4370,2014-12-09 21,,
91496013,365058362,1,,6513,2014-12-12 12,,
80945120,256887049,1,,5533,2014-12-17 21,,5533
74086991,334278302,1,,2825,2014-12-15 20,,
27326941,114565320,1,,10533,2014-12-15 17,,
83346211,209921381,1,,519,2014-12-07 20,,
56708793,320760909,1,,5232,2014-12-08 22,,
89825616,340229118,1,,8877,2014-11-25 17,,
74656762,114356346,1,94acprq,12488,2014-11-28 23,,
84566857,209715475,1,,6513,2014-12-10 11,,
79134636,165605713,1,,13230,2014-12-12 22,,
89210176,221736384,1,95st2mq,11406,2014-11-26 20,,11406
94329829,201868691,1,,1346,2014-12-16 22,,
108355591,298174661,1,,12919,2014-12-08 16,,12919
110954163,400417494,1,,5894,2014-12-11 18,,
16199254,39433151,1,,6058,2014-11-29 19,,
15461896,347659284,1,,13230,2014-12-09 16,,
137385958,288195473,1,,9516,2014-12-03 21,,
1857066,69230574,1,,1260,2014-12-09 05,,
2103285,358803441,1,9rf4ouo,6551,2014-11-23 15,,
19769406,385713810,1,9r5gbvj,7428,2014-12-14 12,,
110690572,364351339,1,,13230,2014-11-23 21,,
36542583,202106006,1,,11861,2014-12-02 17,,
55055762,137393295,1,94j6t5e,12996,2014-11-28 10,,12996
48470191,361162758,2,,5503,2014-11-22 08,,
37426111,125159798,1,,5271,2014-12-04 07,,
83735095,198273915,1,,6417,2014-11-27 10,,6417
23958465,257490996,1,,5232,2014-11-20 13,,
70380387,305510147,1,94kwiu7,10392,2014-12-10 20,,
76038007,299202250,1,94gn1sf,5894,2014-12-09 22,,
82448685,10716233,1,,5232,2014-11-22 13,,
82448685,141321027,1,955j212,5894,2014-11-29 23,,
42601828,74511799,1,95ucw3u,10085,2014-12-16 19,,10085
89249164,86091163,2,,5395,2014-11-21 23,,
49396813,41234736,1,,2825,2014-12-09 09,,
100870297,294889962,1,95699wb,3424,2014-12-05 09,,
77868658,165748517,1,,11335,2014-11-29 18,,
46793743,37512727,1,,6648,2014-12-04 05,,6648
62764948,252387538,1,,3783,2014-12-17 17,,
123450171,404374764,1,,4520,2014-11-18 18,,
123450171,99289719,1,,11330,2014-11-28 14,,
126077020,282152823,1,94lpsar,7876,2014-12-11 22,,7876
79112468,14017342,1,,9516,2014-11-26 16,,
77443046,241267582,1,,10431,2014-12-09 22,,10431
85100350,33262812,1,,3852,2014-12-02 15,,
124210329,44692132,1,94dosul,9517,2014-12-09 20,,
96581322,47792890,1,,12553,2014-12-01 18,,12553
108755598,43492971,1,,10659,2014-12-15 21,,
108755598,254806155,1,,8877,2014-11-23 21,,
126862652,220717347,1,,10894,2014-12-18 19,,
37554907,264686405,1,,9517,2014-12-03 08,,
43300693,80412467,1,,10661,2014-12-10 15,,
21696214,339629822,1,94p027d,10015,2014-12-05 08,,10015
43855246,232087742,1,,11551,2014-12-13 23,,
43855246,402756306,2,,4840,2014-12-17 22,,
129903163,91135851,1,,1564,2014-11-23 05,,
61457956,381413407,1,,12184,2014-11-22 11,,
75301293,265688564,2,,3381,2014-12-15 22,,
69459679,66284717,3,,13041,2014-11-27 23,,
113248155,232167191,1,,11552,2014-11-26 15,,
71941709,19367164,1,mtogldd,4190,2014-11-29 21,,
90707560,255547345,1,,8270,2014-11-29 15,,8270
130317446,246291833,1,,5027,2014-11-18 22,,
134580497,386643372,1,,3156,2014-12-05 10,,
139725346,18775502,1,99ac7h1,5273,2014-12-09 19,,5273
134580497,279252373,1,9hqnofa,12147,2014-12-14 08,,
99900937,324776040,1,95lgf0j,4153,2014-11-27 19,,
107323711,130149479,1,,5388,2014-11-24 19,,
139003263,54539999,1,,5027,2014-12-14 23,,
22153508,121550863,1,94bbl1o,5894,2014-11-21 20,,
22153508,307402575,1,94gwh3r,6513,2014-11-21 15,,
22153508,346975842,1,94bbl1m,1486,2014-12-06 17,,
127958351,99008293,1,,1838,2014-11-19 10,,
28106685,153103601,1,,5894,2014-11-25 14,,
34578527,275007297,1,,9720,2014-12-15 16,,
77524894,60482990,1,,11552,2014-12-08 21,,
20078969,344598591,1,,6936,2014-12-06 20,,
5315279,382239471,1,95gk743,5027,2014-12-10 19,,
34104714,44873558,1,99b4eju,3424,2014-12-04 20,,
3671315,131383713,1,,7266,2014-12-04 20,,
3671315,265820783,1,,114,2014-12-10 12,,
98392652,329738378,1,,6054,2014-11-29 10,,
114737900,10248053,1,,814,2014-12-15 19,,
34453652,71043526,1,95l2kmq,1863,2014-12-11 21,,
11680145,298386828,1,,5454,2014-11-30 20,,
51123305,36101379,1,,5689,2014-11-20 14,,
3141769,60001123,1,mtdmoqg,939,2014-12-11 16,,
52892259,262999775,3,,10983,2014-11-22 23,,
54258366,87569385,1,,3064,2014-11-30 12,,3064
88691490,48353726,1,,7831,2014-12-13 15,,
26123580,269968195,1,99chvga,4676,2014-11-25 21,,
74577535,221042723,1,,3656,2014-11-27 14,,
74577535,268908707,1,,9650,2014-12-05 21,,
20643274,372095534,1,,1863,2014-11-29 05,,
28129419,337978515,1,94l79ig,108,2014-11-25 20,,
103812524,58935223,1,,3628,2014-12-15 08,,
22393155,33254436,1,95q3aiq,2380,2014-12-10 22,,
22393155,115939893,1,95q3amo,4776,2014-12-06 21,,
109005178,384759596,3,955m3vr,11552,2014-12-08 21,,
115452492,145967400,1,970urhc,12294,2014-11-18 13,,
28373415,270928401,1,,492,2014-11-25 23,,
14669807,277186224,4,,12170,2014-12-12 05,,12170
29716977,157989027,1,,3673,2014-12-03 11,,
136506198,305020261,1,,8771,2014-12-02 10,,
2196875,273838534,1,,2883,2014-11-24 01,,
28204658,284732133,1,9rgt055,1838,2014-12-17 21,,
65143114,317686883,2,,5653,2014-11-29 10,,
59248477,235932883,1,96kaj93,12388,2014-11-28 14,,
4364079,312307291,1,,5399,2014-12-17 21,,
87658501,216773536,1,,2825,2014-12-17 22,,
87658501,217587713,1,,6513,2014-12-14 09,,
45433328,166754832,1,,4370,2014-12-04 18,,
57041703,52205235,1,94h0o5o,13590,2014-11-29 13,,
9480832,56015086,1,94hlwuw,4560,2014-12-11 12,,
59781337,260530939,1,,9153,2014-11-28 21,,
59781337,397457675,1,,1392,2014-12-13 21,,
60815533,131849144,1,99cttvw,7250,2014-12-14 12,,
8909639,209657535,1,95qohn1,874,2014-12-02 22,,
86273519,70068005,1,,1083,2014-12-13 09,,
119053698,372259285,1,,2284,2014-12-11 02,,2284
90251602,319671115,1,,9517,2014-12-03 17,,
12428085,6253153,1,,9516,2014-12-12 01,,
99529968,117027092,1,94a09g9,9516,2014-12-10 20,,
125482009,279347311,1,,13230,2014-12-14 07,,
106863941,248676500,1,,5503,2014-12-14 01,,
16623516,182711013,1,9552lwh,6209,2014-12-15 12,,
106863941,388260581,1,95a5ak4,10392,2014-12-09 19,,
135288694,100265314,1,95f6n23,3695,2014-12-08 09,,
34413445,397964157,1,,446,2014-11-28 13,,
122304524,254699377,1,,4778,2014-12-11 23,,4778
122304524,388933229,1,,3960,2014-12-11 20,,3960
130041655,380181,1,,4605,2014-12-15 12,,
130041655,349134722,1,,5232,2014-11-25 20,,
4361577,276724325,1,95b031e,6977,2014-11-30 14,,
40814715,144362574,1,,9247,2014-12-04 21,,
128671783,109628726,1,,11279,2014-12-05 20,,
142376113,233099581,1,,11172,2014-12-08 16,,
15187673,215761610,1,,8291,2014-11-25 16,,
63830172,30195307,1,,1005,2014-12-02 22,,
83108816,394916124,1,,2396,2014-11-25 00,,
79787742,394677903,1,,108,2014-12-11 12,,
78068981,197506572,1,95q70p1,508,2014-12-17 23,,
90035027,189048525,1,,5894,2014-11-18 22,,
90035027,364447684,1,,9261,2014-11-18 23,,
2952532,214316346,1,94733sh,436,2014-12-16 20,,
103090935,187172531,1,,1742,2014-11-25 08,,
56462249,10428572,1,,2825,2014-11-30 11,,
108049747,131522290,1,951h0ns,5077,2014-12-12 20,,5077
4579794,60939476,1,99ctidb,1121,2014-11-25 16,,
91950454,164858056,1,954ja4n,2298,2014-12-06 20,,
119680979,263643702,1,,10501,2014-12-13 19,,10501
115867129,403483212,1,,3628,2014-12-09 07,,
56462249,66350363,1,,1863,2014-12-08 22,,
121680466,112508980,1,,7606,2014-11-20 20,,
121680466,235105982,1,,10044,2014-12-05 01,,
121680466,43503363,1,,10044,2014-11-28 00,,
51492142,14750488,4,95wudfk,6977,2014-11-19 15,,
59951693,11289,3,,4640,2014-11-26 03,,
30692164,323711408,1,95uggls,4213,2014-12-06 23,,
30692164,18251290,1,95uggka,8864,2014-12-18 22,,
21386838,304798802,1,,3647,2014-12-16 00,,
67819789,188804677,1,,10283,2014-11-30 17,,
33682194,274263908,1,,618,2014-12-03 06,,
73918597,353197328,3,9rdmub3,3275,2014-11-27 21,,
68302542,299900907,1,,12973,2014-12-02 00,,
81964332,285375507,1,,5399,2014-12-06 23,,
14157293,115974792,1,,5271,2014-11-20 14,,
24219008,226025650,1,,5027,2014-11-22 13,,
828731,256401451,1,956773a,5395,2014-11-30 21,,
98179152,222186128,1,,2040,2014-12-16 20,,
134496896,5509107,1,,1843,2014-11-22 07,,
122679643,376007103,1,,8099,2014-12-14 17,,8099
123188632,285324311,1,,2825,2014-12-03 10,,
122430841,309720464,1,9936iuw,3275,2014-11-30 08,,
17216075,304825268,1,,9247,2014-11-23 14,,
83813302,160336013,1,95ov3bo,10392,2014-12-11 16,,
7538685,394506940,1,,3798,2014-11-20 17,,
81503200,327501989,1,,9807,2014-11-21 10,,
132966536,199318994,1,,12221,2014-12-05 21,,12221
133664832,289785022,4,,10507,2014-11-30 21,,
6375695,117820021,1,9qv9eig,3064,2014-12-10 20,,3064
94514932,393813042,1,,6054,2014-11-26 15,,
23248133,128238226,1,,1116,2014-11-30 15,,
131035236,284716361,1,,3087,2014-11-29 21,,
94514932,169852006,1,,6513,2014-11-27 08,,
83813302,186979944,1,,5399,2014-12-09 21,,
17552766,248996421,1,,8373,2014-12-12 19,,
6303684,56096022,1,,6000,2014-11-27 00,,
61459598,83098075,1,,6424,2014-11-29 00,,
61459598,285481278,1,97v02go,446,2014-12-01 11,,
17552766,202920023,1,,11834,2014-11-23 22,,
99781075,25133204,1,,6648,2014-11-18 18,,6648
107621692,50366211,4,,3613,2014-12-05 21,,
119115304,370974058,1,,10609,2014-12-03 11,,
109059873,401690869,1,95fhvea,13300,2014-12-12 18,,
100192152,103023308,1,94b3ewf,1723,2014-11-29 12,,
33448326,178978125,1,,3431,2014-11-26 22,,
119115304,257423703,1,,7401,2014-12-14 10,,7401
119115304,151958885,1,,7791,2014-12-14 10,,7791
57518362,121695956,1,946k4nt,1083,2014-12-01 11,,
98750356,148765308,1,,7033,2014-12-12 06,,7033
46485348,286757267,1,99csaoq,9516,2014-12-17 12,,
57299030,84056122,1,,2993,2014-12-12 09,,
31446692,173142310,1,,7103,2014-12-07 03,,
142168798,233188894,1,,13332,2014-12-12 19,,
142168798,363282370,1,,9100,2014-11-28 07,,
59131217,184914885,1,,2825,2014-11-25 17,,
64431010,18442862,2,,155,2014-11-21 01,,
29776188,56489946,1,9h5s7pn,8291,2014-12-09 08,,
35644209,370763909,1,9422to0,12195,2014-11-18 20,,
54922233,177632536,1,95lk6dn,6648,2014-12-08 23,,6648
15511710,177365630,4,9623vp1,4370,2014-11-18 08,,
9528671,326948368,1,953p5l0,11385,2014-11-18 09,,
30025100,239343724,1,,9610,2014-12-12 20,,9610
90433252,336659747,1,956m2ee,3156,2014-12-06 09,,
94616722,6849655,1,,11824,2014-12-07 23,,
142120051,36455795,1,9q92dn2,13398,2014-11-25 22,,
31700289,326676488,1,,12230,2014-12-15 04,,
3240412,263458636,1,,10072,2014-11-21 15,,
11561834,200860067,2,,8639,2014-12-03 23,,
125070791,292656325,1,,10193,2014-11-20 22,,
119783832,41278798,1,,3321,2014-11-23 15,,3321
127385366,181966632,1,,6000,2014-11-25 17,,
22981352,362796325,1,,13230,2014-11-27 19,,
135187545,302690,1,99s63aa,1863,2014-11-19 10,,
23740258,94556344,1,,3628,2014-12-15 00,,
138977388,100420420,1,,6648,2014-12-16 22,,6648
53788912,157987780,1,,13230,2014-11-25 15,,
138977388,257301598,1,,5749,2014-11-25 18,,
4137745,292024989,1,,10894,2014-11-29 13,,
101560598,202419208,1,,8869,2014-11-21 08,,
69447934,78570651,1,95bp3p5,3099,2014-12-17 13,,
48420009,149132625,1,95vqnwa,8860,2014-12-12 16,,
114726208,96685163,1,95u7e60,8095,2014-12-15 22,,
29601369,133445991,1,,11295,2014-12-10 17,,
46468716,348650049,1,,1877,2014-11-22 16,,
76520076,125611488,1,,11917,2014-12-12 15,,
77945945,345756042,1,,5027,2014-12-12 10,,
67155648,122513296,1,ffe1g4g,6513,2014-11-29 14,,
43472060,133062570,1,,5689,2014-12-04 08,,
70978759,92458988,1,,3064,2014-11-24 13,,3064
64828869,78467385,1,,2953,2014-11-28 22,,
9996155,375909507,1,,12147,2014-11-28 21,,
88290400,220282360,1,,9061,2014-12-07 17,,
88290400,187404647,1,,11278,2014-12-18 14,,11278
98440358,76564488,1,,10708,2014-12-11 13,,
98440358,334367615,1,,12488,2014-11-27 20,,
48793683,41150281,1,,10037,2014-12-04 18,,
131573117,164424661,1,,3544,2014-12-17 10,,
48897519,169313425,1,96nh6dp,9327,2014-12-16 11,,
131573117,255630083,1,,13230,2014-11-30 20,,
35829490,80342972,1,,552,2014-11-26 18,,
55605483,156111136,1,,9397,2014-12-05 22,,
95118455,336600230,1,,2825,2014-12-10 11,,
2527320,156970199,1,,9933,2014-11-25 19,,9933
51455170,262955939,1,,11376,2014-11-21 08,,11376
30933630,334638075,1,,56,2014-12-02 14,,56
16807373,255820525,1,,8650,2014-12-12 08,,
9384380,85730812,1,,1518,2014-12-10 12,,
30282407,270060994,1,,6431,2014-12-15 13,,
26460336,222881749,1,99ct771,1863,2014-12-16 20,,
73071844,279922896,1,,1083,2014-12-08 16,,
125253109,165661594,1,,2825,2014-11-22 15,,
35272739,188830914,1,,13230,2014-11-27 09,,
39039752,226490605,1,,3673,2014-11-20 07,,
57787294,251220337,1,,8480,2014-11-18 06,,
113537369,235442586,1,,7606,2014-12-08 21,,
67524897,33460721,1,956mo7v,6000,2014-12-14 10,,
53640860,284666691,1,,12488,2014-11-24 19,,
61342536,220135652,1,99dmeiv,2825,2014-12-01 16,,
62875614,158612955,1,,5027,2014-12-06 05,,
115628589,223239505,1,,3656,2014-11-18 11,,
74752035,340726568,1,95kbfm2,10392,2014-12-16 13,,
34305614,308943176,1,,13035,2014-12-07 05,,
73491319,153821192,1,,5653,2014-12-15 22,,
124992372,48529461,1,,740,2014-11-20 10,,
81182608,64635716,1,95lhll1,1863,2014-11-26 21,,
56373208,207287967,1,,6974,2014-11-24 11,,
87475354,301996028,1,,6513,2014-12-08 19,,
88079688,189130043,1,9rg2q1o,5027,2014-12-11 20,,
45865960,244176422,2,,814,2014-12-02 20,,
89831149,192929494,1,,13326,2014-11-19 17,,
136952642,61057257,1,,3064,2014-12-08 10,,3064
9451374,7828577,1,9rnew90,552,2014-12-14 14,,
93389385,325452799,1,,5894,2014-12-14 00,,
107223716,207276761,1,952qe2n,1838,2014-12-06 11,,
26430580,84901985,1,,13500,2014-12-06 00,,13500
75845612,14872228,1,,4333,2014-11-25 09,,
82838416,321377884,1,,6513,2014-12-11 11,,
82838416,277541869,1,9qp9ib5,12137,2014-12-12 14,,
97327115,150878804,1,,13230,2014-12-18 00,,
116878499,36918297,1,,5027,2014-11-29 20,,
99346682,148692727,1,,6054,2014-12-18 15,,
99346682,399518404,1,,3156,2014-11-24 06,,
111823061,355564589,1,9rdf1l5,1863,2014-12-08 22,,
119945707,253730215,1,,1121,2014-11-27 21,,
10640408,59156264,1,,10894,2014-12-06 06,,
96183219,281893036,1,,3472,2014-12-12 12,,
8350359,223022063,1,,10049,2014-12-02 11,,
9774692,172289120,1,,5395,2014-12-02 20,,
121255158,119617683,1,,1421,2014-12-03 15,,
59660896,157506235,1,,7393,2014-11-25 21,,7393
67849399,14310891,1,,5653,2014-12-14 14,,
109856177,103295946,1,,6513,2014-12-13 11,,
67849399,370556286,1,,10894,2014-11-21 21,,
131570651,180308239,1,94drwab,1121,2014-11-30 09,,
5424550,72195628,1,95rijsc,11076,2014-12-12 23,,
59831058,74415780,1,96nc06q,6417,2014-11-18 22,,6417
5424550,158214116,1,,14079,2014-11-18 21,,
4763932,171948097,1,94b9v0u,12569,2014-11-20 20,,
66412678,357160506,1,,7711,2014-12-04 13,,
9138659,341738887,1,,3783,2014-12-03 15,,
33797179,355019218,1,,3472,2014-11-27 12,,
45473276,79424843,1,9569563,6513,2014-12-16 15,,
121357428,109007072,1,,2993,2014-11-29 16,,
78898649,246841831,1,9rgu5t4,5998,2014-12-04 13,,
121648342,297935193,1,,3099,2014-11-26 21,,
122462305,160768750,1,,12744,2014-11-27 21,,
20786149,147959464,1,mtj146o,11552,2014-12-11 20,,
31207229,332263002,1,,13698,2014-12-15 22,,
101437780,53433921,1,,2825,2014-11-20 21,,
20786149,147712102,1,mtj14qf,9816,2014-12-15 14,,
20786149,73893185,1,mtj14ql,9816,2014-12-13 16,,
24062806,28040360,1,9qvpqlq,9569,2014-12-10 16,,9569
6317562,49939294,1,9543ksf,1083,2014-11-21 13,,
6317562,31533948,1,9543ktu,11945,2014-12-07 19,,
45649071,262903056,1,,1863,2014-11-28 00,,
66150030,278836418,1,,983,2014-12-05 22,,
33984927,380332888,1,,5027,2014-12-09 23,,
94992306,91131960,1,,1083,2014-11-20 21,,
72148706,232351029,1,,5263,2014-11-25 23,,
45649071,166473888,3,,6045,2014-11-24 13,,
105805037,313478131,3,,3324,2014-12-07 04,,
103325972,32327840,1,95qsajc,7985,2014-12-01 22,,
112570004,61121234,1,,6513,2014-12-13 01,,
56053530,250122608,1,,8291,2014-11-18 07,,
110883373,86580872,1,,8291,2014-12-12 01,,
65116781,68636237,4,94rlh9h,11552,2014-12-09 21,,
57857118,71434258,1,,6209,2014-12-07 22,,
61743492,320674507,1,94fuibo,3381,2014-11-22 21,,
13630759,321418543,1,,12658,2014-12-15 23,,
113418436,87657492,1,,11833,2014-11-29 00,,
22158762,263090680,1,,5399,2014-12-13 18,,
1019952,290669639,1,,12630,2014-12-15 01,,12630
26125683,90751378,1,,3662,2014-12-17 23,,
29524082,18724723,1,996ogvr,12406,2014-12-01 18,,
29524082,193791364,1,,2825,2014-11-24 13,,
22577104,129525276,1,97rclde,11652,2014-12-07 20,,
65510821,381290320,1,9664cve,1876,2014-12-10 20,,
54575694,177520547,1,,7939,2014-12-15 16,,7939
48509295,341278017,1,,13929,2014-12-13 15,,
97974838,379366630,1,ffgvkjp,5399,2014-12-06 22,,
50673557,208679379,1,,3064,2014-12-14 14,,3064
65438079,225973471,1,,7876,2014-12-10 22,,7876
11595413,379310108,1,,8901,2014-12-18 23,,
11595413,124146464,1,,5689,2014-11-24 22,,
8197937,382640493,1,95f63e3,12981,2014-11-28 13,,
140483725,166586917,1,,10236,2014-12-07 10,,10236
88090767,233078152,1,,11834,2014-11-20 08,,
109597580,5030055,1,,3381,2014-11-28 17,,
91731364,269659027,1,,5894,2014-11-30 17,,
119191477,336461735,1,,1863,2014-12-18 19,,
138891580,22663394,1,,3431,2014-12-12 22,,
142204924,87095362,1,96967b6,11062,2014-12-16 23,,
63759289,77941412,1,9rnacmm,3637,2014-12-10 23,,
63759289,187463039,1,9rnacjg,7312,2014-12-10 22,,
20264430,294302742,1,,1863,2014-11-27 22,,
20264430,243592278,1,,3368,2014-12-16 18,,3368
18781926,47432786,1,96s5g7c,7344,2014-12-15 16,,
43729347,345559052,1,,13230,2014-12-18 12,,
77503143,148724425,1,,5431,2014-11-30 21,,
9225110,254098716,1,9931k2g,5894,2014-12-10 14,,
111124413,3998305,1,9riwbkb,5027,2014-12-16 22,,
50904788,382710583,1,,1863,2014-12-03 12,,
111124413,360825060,2,,5689,2014-11-18 21,,
46023224,338191349,1,,6020,2014-11-20 21,,
38839327,18335209,1,,3662,2014-12-01 15,,
38839327,378248642,1,,740,2014-12-10 11,,
50904788,306263734,2,,12488,2014-12-16 10,,
123395094,203049556,1,,508,2014-12-11 23,,
85310681,300381840,1,,3656,2014-12-17 17,,
134431676,103914732,1,95ra4t9,9807,2014-12-04 07,,
71714329,304684555,1,95q6g1l,3324,2014-12-18 23,,
27608145,52733571,1,mtoa1r2,5554,2014-12-02 12,,
27608145,348622784,1,,10703,2014-12-11 20,,
63256758,308318784,1,,9363,2014-11-19 22,,
122388121,332597767,1,,1083,2014-11-24 04,,
34702432,253006539,1,,4709,2014-11-22 15,,
83976914,91006235,1,,7831,2014-12-13 12,,
40364499,184293716,1,95uq5if,11595,2014-11-18 20,,
40364499,81108380,1,,10072,2014-12-14 05,,
40364499,162943734,1,,10072,2014-12-14 06,,
70240139,238600437,1,99s4aui,10392,2014-11-29 15,,
135402088,246685115,1,,7103,2014-11-25 23,,
110106082,246603540,1,,3424,2014-11-27 20,,
120594609,339227554,1,95qsbd0,9559,2014-12-10 20,,
131254719,53678311,1,,4228,2014-11-24 17,,4228
24805953,260771593,1,,6121,2014-12-02 23,,
52808446,129121244,1,94kkk6h,4584,2014-12-12 10,,
103891828,232250299,1,96sjovr,1083,2014-12-07 10,,
64614030,175339596,1,,10661,2014-11-27 08,,
82575380,282594855,1,,12744,2014-11-22 09,,
84308150,128113262,1,9rnct1v,8489,2014-11-28 08,,
48752418,307214902,1,94vkm6h,10392,2014-12-02 13,,
54586263,65420425,1,,5214,2014-12-15 20,,
100211157,324765213,1,,4830,2014-12-09 21,,4830
70972602,307177359,1,,1863,2014-11-23 17,,
76930958,265281320,1,,6255,2014-12-01 20,,
83313393,327002891,1,95b9oin,10010,2014-11-27 22,,
85336332,251311643,1,95qs071,5908,2014-11-20 21,,
28462928,302597598,1,95faq40,2825,2014-11-22 17,,
111786935,290855709,1,,508,2014-12-02 22,,
35921923,194774883,1,,9693,2014-12-09 21,,
42599112,146384381,1,,4254,2014-11-27 20,,
42599112,327705953,1,,6513,2014-11-30 10,,
42599112,368751889,1,,13230,2014-11-26 21,,
25773958,24563634,1,,1488,2014-12-01 00,,
51435164,183396405,1,951h0jb,5894,2014-11-22 23,,
43032378,300722613,1,,675,2014-12-02 14,,
95254205,202452299,1,,5894,2014-12-18 13,,
68583482,236208771,1,,6255,2014-11-29 19,,
81654342,172050352,1,951o4h5,5399,2014-12-12 11,,
83934219,194236554,1,,9569,2014-12-11 11,,9569
81076699,88302833,1,,7957,2014-12-13 08,,
108212684,82688127,1,,1863,2014-12-04 03,,
90721251,53328039,1,94ek0o9,3381,2014-12-03 09,,
103606138,150526907,1,,6576,2014-11-30 20,,
117902605,370944884,1,95bp14a,1863,2014-12-16 10,,
10980798,358334319,1,94cp111,13615,2014-12-08 10,,
101150402,49628773,1,,10314,2014-11-24 22,,
101150402,401962481,1,,5894,2014-12-09 22,,
1128409,314659224,1,,13230,2014-11-25 12,,
6049053,35009301,1,,11552,2014-11-26 08,,
140906142,115438468,1,95cjf6q,1863,2014-12-09 18,,
141324182,359629305,1,ffev7s5,10356,2014-12-06 19,,10356
141324182,104016600,1,,9614,2014-12-07 13,,9614
27115433,183923691,1,,9856,2014-12-13 16,,
34187941,193778150,1,94vcg4u,3424,2014-12-12 14,,
85922732,124215774,1,,3584,2014-11-29 20,,
40729947,257344762,1,,5399,2014-11-20 15,,
105969268,132840707,1,,7239,2014-12-18 23,,7239
40729947,61738941,1,,1863,2014-11-25 17,,
56972597,219600058,1,,5661,2014-11-21 18,,
90792846,217698353,1,954alq1,12368,2014-12-16 19,,
129191119,132619658,1,97iw6nh,10984,2014-12-10 08,,
130540064,370238739,1,,6985,2014-11-25 09,,
24474599,102338740,1,,9130,2014-12-17 08,,
130540064,403944282,1,,725,2014-12-04 14,,
130540064,112195159,1,,14024,2014-11-21 14,,
111213707,323933172,1,,7709,2014-11-18 11,,
138337202,104514801,1,,2883,2014-12-14 02,,
19282406,191281498,1,,1083,2014-11-27 21,,
19282406,175609046,1,94dstwl,12294,2014-12-02 22,,
73462715,306289946,1,,552,2014-12-17 10,,
73462715,322108169,1,,6513,2014-12-07 19,,
85532545,285628127,1,,13230,2014-11-21 21,,
88884665,312625938,1,9r2slww,3843,2014-12-09 14,,
97795315,216982462,1,950povw,13230,2014-11-25 22,,
105923210,145454528,1,,11406,2014-12-08 01,,11406
125871688,362249617,1,,4510,2014-11-18 13,,4510
28734621,402647230,1,,2679,2014-12-15 09,,
52842050,127751586,1,,11330,2014-12-13 14,,
20849275,207286779,1,,1622,2014-12-14 09,,
84080163,4079466,3,,5372,2014-11-26 10,,
49622041,182541128,1,,6513,2014-11-19 20,,
78704357,37569185,1,,5399,2014-11-25 10,,
90561434,109041835,1,96kcq92,6054,2014-12-15 22,,
69192727,158216890,1,,1488,2014-11-21 00,,
117006290,55616979,1,,2933,2014-12-16 10,,
103947735,248794858,1,,10533,2014-12-09 23,,
22410346,342741868,1,943wpds,2513,2014-12-12 19,,
118194231,137999330,1,,8291,2014-11-24 20,,
47328088,285084409,1,,9397,2014-11-26 07,,
17628487,295110441,1,,1854,2014-12-14 20,,
47328088,123046903,1,,2825,2014-11-28 18,,
137175187,317575440,2,,5027,2014-12-05 18,,
32738038,198819412,1,,3787,2014-12-10 19,,
55207467,117589117,1,99ujil4,4264,2014-11-26 22,,
23442968,264527355,1,955627o,1843,2014-11-28 18,,
100326985,140413648,1,,5232,2014-11-27 07,,
114517173,89774370,1,,2513,2014-12-04 19,,
116509312,360671260,1,95mhdlj,11834,2014-11-19 16,,
122421140,34587918,1,95rid2c,7299,2014-12-11 09,,
103504610,32726913,1,,3673,2014-12-06 12,,
108168148,308604747,1,,3940,2014-11-24 13,,
20786149,322830407,1,,9559,2014-11-20 23,,
25535039,389433581,1,9r7fki9,8096,2014-11-29 20,,
126010230,115349868,1,,5027,2014-11-24 22,,
36246846,220005682,1,,8864,2014-12-17 22,,
33649704,271224751,1,9h54q6a,1843,2014-11-19 09,,
42225359,387427963,1,,7995,2014-12-10 14,,7995
37338448,174074736,1,99b90fp,5894,2014-11-20 23,,
41929479,258603761,1,,3252,2014-12-12 22,,
35148772,203861593,1,9900s2u,5395,2014-12-18 21,,
35817682,170520154,1,,989,2014-12-01 23,,
68193194,81256751,1,,8099,2014-11-19 13,,8099
47060411,185773331,1,,8877,2014-11-23 04,,
63729308,307102211,1,,6344,2014-12-09 12,,
68784328,55453617,4,,5204,2014-12-12 16,,
47065671,78206582,1,,4370,2014-12-02 23,,
867381,378066943,1,,7767,2014-11-21 12,,
55501034,15824113,1,,3662,2014-11-20 10,,
110278377,174512643,1,9refbai,13230,2014-12-01 20,,
110278377,41786827,1,9refbau,7957,2014-11-24 22,,
93687523,24621701,1,,13080,2014-11-30 22,,
93687523,14006723,2,,8874,2014-11-23 19,,
82705001,10776109,1,9rn9f2d,8126,2014-11-19 08,,
10936698,71480416,1,,1173,2014-11-22 10,,
10936698,396263295,1,,13763,2014-11-29 02,,
57857118,327165443,3,,6209,2014-12-07 21,,
20463565,180332389,1,,6256,2014-11-30 20,,
99018543,193551037,1,9t4pksi,292,2014-12-12 17,,
22444189,353518184,1,95qq10t,3662,2014-12-10 11,,
37648682,115073592,1,,5027,2014-12-06 21,,
53219515,198855742,1,,5395,2014-12-18 14,,
44154986,228328035,1,,3381,2014-11-23 00,,
55252215,339827096,1,,9559,2014-12-14 06,,
48468739,23647079,1,955jpro,9569,2014-12-14 22,,9569
52110227,242270120,1,,6331,2014-12-15 00,,
84556930,306835712,1,,5027,2014-12-01 14,,
133933227,102342974,1,,7103,2014-11-25 22,,
59660896,213840395,1,,11981,2014-11-23 22,,
80125653,293437941,1,94llwhf,962,2014-12-07 20,,
73136910,20097115,1,,12398,2014-11-18 13,,
73136910,280822265,1,,6825,2014-11-25 15,,
104849552,144701614,1,,3252,2014-12-04 22,,
3442818,161483704,1,,5395,2014-12-18 22,,
3442818,217188916,1,951p2ue,5214,2014-12-12 16,,
67849399,313313395,1,ffad5hb,4153,2014-12-01 11,,
67849399,107046772,1,,889,2014-12-12 21,,
68284108,72193933,1,,11275,2014-12-03 22,,
17883538,220967981,1,,4830,2014-12-05 00,,4830
49303053,70310267,1,,6489,2014-11-20 09,,
138643458,287878603,1,,3628,2014-12-12 10,,
2319819,302719453,1,,13230,2014-12-12 04,,
60686963,390584081,1,,12790,2014-12-13 10,,
28638001,46657894,1,,13338,2014-12-06 08,,
62875614,146517698,1,,13729,2014-12-12 11,,
110976685,347722236,1,,5232,2014-11-28 16,,
124299878,301953251,1,,2490,2014-11-27 01,,
42694858,298776453,1,,3252,2014-12-07 15,,
78860938,398723179,1,,2960,2014-12-05 22,,
110976685,104451916,1,,9807,2014-11-25 19,,
60330578,73073251,1,,446,2014-11-25 00,,
83688949,35977227,1,95rjk5n,1863,2014-11-20 16,,
24062806,243010277,1,9qv9fts,5894,2014-12-09 09,,
42723928,190855090,1,,10223,2014-12-13 14,,
5315279,323335037,1,,10049,2014-11-22 04,,
45649071,62042302,1,ffbu6u0,7929,2014-12-15 10,,
31446692,216346379,1,,9516,2014-12-07 13,,
31446692,220943708,1,,3252,2014-11-25 23,,
60625397,235782113,1,,6648,2014-12-06 21,,6648
22101245,110328578,1,9p0n40f,12170,2014-12-01 23,,12170
10149605,79456269,1,95riae0,11324,2014-11-27 13,,
18017690,189467894,1,ffadqtm,13381,2014-11-30 09,,
64431010,318478317,1,,6513,2014-12-16 21,,
26949426,354534589,1,,4754,2014-12-05 16,,
71702944,45636653,1,,939,2014-12-04 23,,
44109897,371852038,1,,12488,2014-11-29 18,,
36233277,702333,2,,5027,2014-12-12 06,,
77055357,207510715,1,9qkdnr7,782,2014-12-08 19,,
55721608,139533689,1,9519jlp,1488,2014-12-18 16,,
88496472,110059826,1,979phg9,10049,2014-11-18 18,,
12210870,171133516,4,,3252,2014-11-18 20,,
121687827,279221,1,,13230,2014-12-06 15,,
82449509,383095734,1,,5533,2014-11-21 20,,5533
136487187,122629490,1,9qsa1ck,9847,2014-11-20 23,,
96187787,207211136,1,,6513,2014-12-05 14,,
36233277,84917048,1,94ek6k1,4156,2014-11-25 20,,4156
117044710,390124933,1,,3245,2014-12-12 23,,
10026124,91458636,1,,11914,2014-12-10 06,,
97389266,392658555,3,,11840,2014-11-27 03,,
36233277,388651284,1,94ek6ap,8721,2014-12-14 22,,
112131404,125774024,1,,3424,2014-11-21 11,,
108583520,342190953,1,,6129,2014-11-20 08,,
105767363,272984980,1,,10708,2014-12-03 23,,
71234312,36693502,1,94oidpr,3381,2014-11-25 15,,
113847593,82626681,1,,7804,2014-12-17 23,,
116101597,51620325,1,,9516,2014-11-23 17,,
113847593,374844527,1,,2825,2014-11-30 11,,
56558948,103040703,1,,1863,2014-12-12 00,,
80775941,223260756,1,,6513,2014-11-18 19,,
128519725,52252818,1,,11721,2014-11-28 14,,
59688022,173832046,1,9r7oin3,6496,2014-12-04 14,,
14759968,252270542,1,,10804,2014-12-18 22,,
87351790,303940002,1,,10740,2014-12-12 09,,
85053285,203033271,1,,8254,2014-12-07 01,,8254
59731095,261610418,1,,10460,2014-12-10 15,,10460
70240139,399802992,1,99s4aun,1863,2014-11-23 08,,
17672892,330193320,1,mtobnrg,5204,2014-12-17 11,,
189833,1232235,1,,3064,2014-12-08 20,,3064
73881418,338504185,1,,13860,2014-11-25 20,,
77743407,401983289,4,,7850,2014-12-13 10,,7850
97181356,147428314,1,,3793,2014-11-19 15,,
10887844,234913050,1,,767,2014-12-06 01,,
3378138,301188714,1,94h4mbe,10814,2014-12-11 21,,
96219418,400092968,1,,6513,2014-11-27 09,,
50706256,238945956,1,96kajtu,11904,2014-12-11 23,,
11162300,182651834,1,,2284,2014-11-27 17,,2284
94287521,36873441,1,9oac5gq,10686,2014-12-07 08,,
130260577,164832789,3,9556hkg,13381,2014-12-16 19,,
75026568,135181347,1,95lk3ib,7516,2014-12-16 07,,
76930958,301360217,1,,8095,2014-11-23 12,,
40973276,231127328,1,,10141,2014-11-23 21,,
6015031,333339330,1,95qu7ku,10520,2014-12-03 21,,
337191,142425117,1,,11623,2014-12-12 22,,
37064529,207363477,1,,1308,2014-12-06 11,,
94637132,367158535,2,9r7db1c,5027,2014-12-07 19,,
80673818,180679082,1,,5027,2014-12-11 22,,
117523208,352260767,2,,5399,2014-11-19 19,,
3282021,12630970,1,,446,2014-11-23 11,,
85063376,70832729,1,,10796,2014-12-08 12,,
13213333,114036816,3,9rdmtjo,8291,2014-12-10 22,,
13213333,19092753,1,9rdmto3,8291,2014-12-05 21,,
50673557,36193827,1,,7639,2014-12-06 11,,
137110644,327710403,1,,12855,2014-12-14 01,,
83764719,175988504,1,95mqau0,5027,2014-11-25 07,,
141976720,358041987,1,951e56a,8956,2014-12-10 16,,
84892889,271306659,1,94l4agu,8253,2014-12-06 23,,
2183798,27509448,1,950spqp,5399,2014-11-20 16,,
52895098,17696386,1,,3252,2014-11-18 23,,
52895098,176842457,1,,6648,2014-12-03 11,,6648
63910679,14006723,1,,8874,2014-11-24 22,,
63910679,152601798,1,,3898,2014-12-01 19,,
111073682,214457575,3,,5232,2014-12-06 16,,
131275408,318980438,1,,13230,2014-11-21 17,,
116329106,170644271,1,95nhvc9,7549,2014-12-06 08,,
131275408,272080158,1,,10894,2014-12-14 18,,
100086267,297187603,1,,1396,2014-11-28 19,,
100086267,161460258,1,,8561,2014-11-28 15,,8561
43794910,29643871,1,95uc7lc,9179,2014-12-13 10,,
119783832,384289686,1,9r77dud,4844,2014-12-13 10,,
56045820,173213771,1,94h6ck6,7572,2014-12-14 12,,7572
132747248,395738318,1,9rlgki5,9247,2014-12-16 22,,
43794910,62846701,1,,7957,2014-11-21 00,,
116481997,242600986,1,,6513,2014-11-25 12,,
135187545,366897917,1,,12221,2014-11-26 21,,12221
134556226,261783141,1,,284,2014-11-23 12,,
74339956,14332802,1,99ct2e1,4370,2014-12-09 21,,
119133751,232452265,1,,11489,2014-12-08 08,,
120447169,271907443,1,,1843,2014-11-23 20,,
85922732,275450912,1,,10961,2014-12-10 00,,
97843947,297178352,1,95lknqa,9598,2014-12-18 17,,
61392570,79862152,1,,4747,2014-12-01 21,,
140990654,269497562,1,957u6jp,11824,2014-12-12 18,,
114931013,237563144,2,,5894,2014-11-25 21,,
117274933,402956910,1,,7767,2014-11-26 21,,
72167112,324557037,1,,1838,2014-12-12 00,,
30727820,134933209,1,,9559,2014-12-16 15,,
114845984,232432060,1,9r7lw4r,4256,2014-12-11 19,,
37554907,115892149,1,,12488,2014-11-18 13,,
122338823,278290718,4,ffjf2kh,14079,2014-11-21 19,,
40211203,201792984,1,,10392,2014-12-10 20,,
54725247,369565431,1,,12067,2014-12-09 11,,12067
126551956,116008267,1,95wlvvb,5399,2014-12-06 09,,
139891563,294123641,3,99s4elf,7876,2014-12-04 18,,7876
86568201,273963555,1,,1083,2014-11-22 00,,
131787268,377882078,1,,6513,2014-11-30 12,,
30080377,16327622,1,,13041,2014-12-05 22,,
102663288,48655251,1,,5653,2014-12-14 17,,
46133505,209574341,1,94gwr25,10716,2014-12-11 13,,
102996286,83458409,1,,13352,2014-12-04 15,,
25990178,132541361,1,95l2a5f,12090,2014-11-25 18,,12090
51341836,310881039,1,,10049,2014-12-01 11,,
45384478,175863103,1,,10392,2014-11-25 09,,
63489689,299521412,1,,6648,2014-12-03 05,,6648
51341836,19136411,1,ffev3bs,5395,2014-12-09 19,,
51341836,397574432,1,ffev3b3,5027,2014-11-29 22,,
50010860,42828831,1,,2753,2014-11-22 00,,
97479577,373806002,1,9qaq91e,2158,2014-11-23 18,,2158
51341836,22173498,1,ffev3ed,5027,2014-12-08 22,,
75712090,108417195,1,,6054,2014-12-03 11,,
94917798,355609435,1,mtob3nf,11140,2014-11-19 18,,
35849648,334135277,1,,13230,2014-11-26 22,,
121185603,237938846,1,9737vlp,446,2014-12-18 17,,
82905542,380281865,1,9rghja1,3472,2014-11-30 23,,
132048401,265509489,1,,4264,2014-11-23 19,,
91201929,387444406,1,,11623,2014-12-16 00,,
78331026,377612760,1,,5399,2014-11-21 16,,
24033530,358814756,1,,1863,2014-12-17 22,,
141840594,267392081,1,,6344,2014-12-10 01,,
48752418,290316696,1,94vkm67,1863,2014-11-23 08,,
127668936,220090537,1,,4830,2014-12-13 00,,4830
131254719,335928083,1,,3798,2014-11-29 14,,
3578206,110680161,1,96gcedf,13230,2014-12-08 12,,
129685421,292159064,1,,12636,2014-11-26 11,,
137998405,334274401,1,95f6vr6,4370,2014-12-17 22,,
59691950,294316370,1,,5894,2014-11-29 11,,
38782215,168896133,1,95qh2c1,6513,2014-12-08 17,,
140158728,134833776,1,94g0fil,11537,2014-12-07 09,,
140158728,164583792,1,,814,2014-12-03 17,,
134438519,216011142,1,,14079,2014-11-23 11,,
59076519,325907954,1,,1863,2014-12-02 13,,
66909500,188209273,1,,10894,2014-11-18 16,,
66909500,74272892,1,,5689,2014-12-05 12,,
62142957,217340569,1,,5232,2014-12-06 09,,
23326854,359990534,1,,10223,2014-11-22 01,,
54299599,230444046,1,,3472,2014-12-08 17,,
62142957,128512297,1,,1863,2014-11-28 09,,
18245913,376347341,1,,5273,2014-12-18 20,,5273
18245913,313696024,1,,11278,2014-12-18 22,,11278
15437545,36987309,1,,4747,2014-12-08 12,,
109327598,311227302,1,,6255,2014-12-03 18,,
67028419,352251339,1,96vmu9v,13230,2014-12-03 17,,
52046180,176138938,1,,5894,2014-11-18 13,,
114101799,185907472,1,,5492,2014-11-28 00,,
56498516,692151,1,95rink0,6513,2014-12-12 21,,
56498516,394857201,1,95rinld,9247,2014-12-11 22,,
125871688,19622887,1,9qkg621,12326,2014-12-16 08,,12326
95528086,403835027,1,,10894,2014-11-23 08,,
97730927,320173987,1,96k6ie3,10431,2014-12-07 13,,10431
11197151,359070832,1,,5399,2014-12-11 21,,
103728744,323072000,1,95llraj,8864,2014-12-08 20,,
96843841,356801318,1,,9247,2014-12-18 13,,
100154665,381176151,1,,11489,2014-12-18 23,,
11197151,318876284,1,,4676,2014-12-15 17,,
114211505,210199915,1,,10250,2014-12-15 05,,
83919959,349696848,1,,1483,2014-12-07 10,,1483
110561108,273982889,1,,11652,2014-11-28 14,,
125313573,88960798,1,99surbg,9279,2014-12-07 13,,
89918216,82102055,1,,6798,2014-12-07 06,,
130844739,370775133,1,,13041,2014-11-24 19,,
20849275,387841357,1,,5399,2014-12-02 22,,
111041306,10239800,1,94j6cpt,12553,2014-12-09 16,,12553
2686606,395898068,1,,1083,2014-12-14 12,,
2686606,262969351,1,,7767,2014-12-12 15,,
136327444,52295039,2,,13664,2014-11-25 00,,
138823535,241556743,1,,1863,2014-12-13 08,,
12892503,74621119,1,95riowt,8291,2014-12-04 10,,
4231989,292610047,1,,8291,2014-12-01 20,,
29301311,268199284,1,,3381,2014-11-24 00,,
65087297,262938623,1,,2334,2014-12-02 00,,2334
37923588,40446547,1,,6344,2014-11-18 00,,
82335494,203863280,1,95vjuj0,6513,2014-12-16 12,,
96838576,27894103,1,ff34tcn,5204,2014-12-10 22,,
99383284,193024613,1,9redaia,10523,2014-11-21 11,,
9138659,275395303,1,,10961,2014-12-03 20,,
74947645,18932193,1,,6315,2014-12-17 01,,
99795650,126323668,1,954amg6,1601,2014-12-15 21,,1601
25952339,323218939,1,,7440,2014-12-13 22,,
99795650,350186246,1,954al3g,6000,2014-11-26 18,,
110033398,156488494,1,,9247,2014-12-16 15,,
87836751,118108495,1,,5232,2014-11-19 21,,
22981352,20185635,1,95wl746,3979,2014-12-17 22,,
92822194,71701454,1,,13230,2014-11-28 21,,
112806422,313705601,1,,6648,2014-12-12 20,,6648
41907729,381732224,1,94fr102,11552,2014-12-18 19,,
43865641,37150108,1,,5822,2014-12-13 06,,
43865641,16260851,1,,9559,2014-11-18 16,,
125253109,204307043,1,,5271,2014-11-18 20,,
25750592,126277307,1,,10314,2014-11-20 19,,
53788912,274393356,1,,3670,2014-11-28 22,,
108829095,105474523,1,,5027,2014-12-04 21,,
15386874,259754077,1,96kaitr,3673,2014-12-02 12,,
121773253,298528522,1,96sh9sd,12147,2014-11-18 20,,
19581999,76132981,1,,12230,2014-12-03 00,,
50641447,5951584,1,,3424,2014-12-01 00,,
94209509,153362267,1,,11914,2014-12-17 20,,
119377973,44638678,1,,10392,2014-12-11 22,,
119377973,227571776,1,,10875,2014-12-03 23,,
75070176,216901503,1,,2953,2014-12-03 13,,
139145544,352599867,1,,8291,2014-12-03 23,,
80052488,31770243,1,,5503,2014-11-21 23,,
22509276,297397881,1,,11241,2014-11-18 16,,
29669124,58980910,1,,11295,2014-11-28 06,,
82299002,384420353,1,,12630,2014-12-09 21,,12630
35428862,305850616,1,,9559,2014-12-09 19,,
34305614,308838862,1,,3673,2014-12-14 06,,
109226434,89236059,1,95do72i,5271,2014-12-04 23,,
49893764,61141753,1,99uigdk,7791,2014-11-20 14,,7791
27141122,291941429,1,,5399,2014-11-28 20,,
57672659,265757035,1,,3660,2014-12-11 16,,3660
61627054,142742769,1,,14079,2014-12-02 23,,
121083008,227279748,1,95rijik,10533,2014-12-02 09,,
79057120,24960881,1,,11296,2014-11-25 20,,
44059193,150572772,1,mtrd6jj,12525,2014-11-20 15,,
134051339,297620202,1,,13230,2014-12-08 22,,
14281644,24264773,1,,14079,2014-12-04 01,,
83073587,255418520,3,,13230,2014-11-25 19,,
117659143,94376902,1,96knge2,11279,2014-11-29 22,,
50343169,10489019,1,97la6ub,2130,2014-11-19 20,,
92280073,171006868,1,,5232,2014-11-20 12,,
58134314,155085954,3,,11279,2014-11-20 11,,
65645933,129562892,1,,5894,2014-11-28 15,,
83570876,360462950,1,,363,2014-12-02 00,,
65698133,129204988,1,,3064,2014-12-18 20,,3064
138843810,390469029,1,,5399,2014-11-18 09,,
100027681,356576385,1,9h06ksh,3424,2014-12-11 08,,
133240213,387043423,1,,9179,2014-12-14 19,,
122579585,217039923,1,,12067,2014-12-14 21,,12067
133240213,35473045,1,,5894,2014-12-15 01,,
65645933,373594591,2,9t4qqbc,2953,2014-11-26 22,,
85822276,280535597,1,,2511,2014-11-22 12,,
97876581,63356870,1,,6000,2014-11-19 06,,
107954360,87178051,1,95ll5cf,9397,2014-12-08 08,,
65645933,123612379,2,,10258,2014-11-28 16,,
42461054,102376841,1,,4230,2014-11-23 01,,4230
75500533,10445546,1,,8291,2014-11-25 09,,
2588780,42971606,1,946j7ci,12090,2014-11-21 20,,12090
63080911,401294799,1,9rgv5qw,8656,2014-12-17 21,,
46288368,301774621,1,,10507,2014-11-19 11,,
34662425,189302558,1,96fnnnq,10314,2014-12-13 13,,
66274733,60939476,1,,1121,2014-12-03 01,,
71126415,68393691,1,95orh7o,8626,2014-12-15 21,,
95118455,207898263,1,9qv9e3q,6513,2014-11-27 13,,
71126415,144652193,1,95orh6f,8099,2014-11-19 16,,8099
61134251,278371129,1,956lt2u,232,2014-11-22 22,,
92174499,326018330,1,950fc6a,3424,2014-12-08 19,,
22369795,371783564,1,,13230,2014-12-08 15,,
102244291,244294480,1,,1524,2014-12-01 21,,
65465729,367821237,1,99su2uw,4540,2014-11-24 22,,
104635996,293529715,3,,12189,2014-12-12 14,,
108266017,257271077,1,,9517,2014-12-16 13,,
90033831,294014482,1,,1838,2014-12-12 13,,
44710562,44387860,1,95wqbte,5749,2014-12-17 23,,
3731463,356160362,1,954aabn,5894,2014-11-24 15,,
3731463,205701263,1,954aagp,5232,2014-11-29 22,,
119470128,354249540,1,,10894,2014-12-05 10,,
72306639,170771100,1,9rgccdk,8934,2014-12-15 08,,
84566857,243114208,1,,5503,2014-11-24 11,,
139592313,35340478,1,,8951,2014-11-25 18,,
56790163,200233772,1,mtdmmmw,13050,2014-11-18 13,,
128066004,403763634,1,,292,2014-12-03 22,,
138337202,5143664,1,9te05g5,215,2014-12-08 14,,
22182160,301652207,1,,11270,2014-12-06 23,,
22182160,34424778,1,96plahc,1863,2014-12-17 20,,
19282406,291028657,1,94dstwg,8182,2014-12-07 21,,
21035609,303891633,1,49u2r39,5503,2014-12-13 10,,
26957136,369076396,1,,6456,2014-12-04 13,,6456
17720083,240134621,1,,6000,2014-11-18 20,,
19282406,125471897,1,94dsti4,13152,2014-12-18 22,,
64355869,231936132,1,95s3fvr,8512,2014-12-09 20,,
1160607,202429300,1,,10533,2014-12-10 14,,
96789054,50219327,1,,3544,2014-11-22 22,,
72632718,246075414,1,,1863,2014-12-05 21,,
56296919,357308595,2,99bknqo,6255,2014-12-10 11,,
85236155,76560955,1,,5894,2014-11-18 08,,
71969934,233568458,1,,2513,2014-12-10 22,,
11313328,177687445,1,,4269,2014-12-16 10,,
62458338,77656191,1,,5201,2014-12-13 11,,
18216712,241955660,1,95w9rmh,10242,2014-12-10 11,,
103673316,60926044,1,99csd4d,10242,2014-11-20 15,,
9092898,163402870,1,,9559,2014-12-04 10,,
108755598,302947878,1,,2610,2014-11-27 22,,
8213864,276881133,1,,1121,2014-12-08 11,,
118330286,104338013,1,,11824,2014-11-27 08,,
107726623,257641831,1,,12905,2014-11-20 15,,
107726623,6772363,1,,5894,2014-11-30 16,,
118330286,325826852,1,94kkvo3,1385,2014-12-10 08,,
17785864,221641806,1,9q075um,989,2014-12-03 17,,
120852545,248146593,1,,6327,2014-12-18 01,,
82389748,313195512,1,,4076,2014-11-26 13,,
133876177,288218056,1,955kt7k,5271,2014-12-15 09,,
32535404,312312935,1,95u7lp6,13712,2014-11-24 14,,
138712753,31841619,1,,10392,2014-12-10 20,,
33463484,393786245,3,955mv1v,6513,2014-11-25 21,,
136795659,211858869,1,,1863,2014-12-11 00,,
17907443,286085769,1,9h49d2d,2739,2014-11-19 16,,
43631068,216621175,1,,3381,2014-12-06 20,,
19146119,377384242,1,,9720,2014-12-04 09,,
104221274,373874419,1,,5232,2014-12-17 08,,
51169540,130783597,1,,12630,2014-11-18 18,,12630
67898761,291972958,1,,5399,2014-12-11 00,,
64675604,300243128,1,95q6424,9807,2014-12-15 22,,
70745586,360843792,1,,6226,2014-11-27 21,,
61692878,229373595,1,,5930,2014-12-17 09,,5930
89153511,103729092,1,,6576,2014-12-18 22,,
64708133,336094579,1,ffe6b2j,9559,2014-12-13 09,,
76887456,355434012,1,9p06wcu,887,2014-12-01 17,,887
86804290,43208621,1,95quarw,3060,2014-12-11 23,,
100737108,100481482,1,96ka11s,1863,2014-11-28 23,,
104735935,133911045,1,,1863,2014-12-02 22,,
79557421,89667960,1,,1733,2014-12-03 10,,
126086100,370757635,1,,10012,2014-11-25 19,,10012
16755897,215246481,1,,6344,2014-12-04 18,,
97951451,17469943,1,,6513,2014-11-19 20,,
107952284,74949392,1,,732,2014-12-17 19,,732
123062624,395440008,1,,6588,2014-12-01 17,,6588
61459598,397865589,1,,6344,2014-12-18 23,,
79269988,191472160,3,,5881,2014-12-02 23,,
73632654,92533385,1,,5399,2014-12-12 15,,
121314594,400788580,1,,1863,2014-11-26 18,,
83813302,13163561,1,95ov3c6,11279,2014-11-25 11,,
8439431,345462865,1,,3475,2014-12-09 14,,
138137472,317137584,1,,5438,2014-12-18 11,,
138749285,60788356,1,9rf9j75,13943,2014-11-21 11,,
16141923,306047860,1,,8182,2014-11-24 20,,
4913,44957435,4,95lkaqw,9127,2014-12-07 22,,
28373415,184270174,1,,437,2014-11-25 10,,
57636921,5209540,1,,9261,2014-12-02 18,,
92341465,103157048,1,9rgsoqq,6000,2014-11-29 18,,
62989173,31023867,1,96tkdg5,14033,2014-12-02 22,,
127584816,199023932,1,,6209,2014-11-29 17,,
63256758,148816375,1,,5503,2014-12-08 13,,
40979555,73543792,1,9qspnd7,2950,2014-11-18 13,,
32506286,372721139,1,94d50u6,12621,2014-11-23 21,,
37357777,88183687,1,,9540,2014-12-01 13,,
102014015,326329853,1,955lhq0,6513,2014-11-25 09,,
136616127,2022271,1,,5232,2014-12-10 19,,
79112468,284424026,1,,12421,2014-12-08 17,,
76786143,293794027,1,,6344,2014-12-12 23,,
141788152,52893468,1,,5653,2014-12-14 10,,
141788152,228550319,4,94ebcr0,11721,2014-11-19 14,,
106469828,221625866,1,,316,2014-11-19 18,,
26562102,68004453,1,,2284,2014-11-18 19,,2284
34566759,164676963,1,,5232,2014-12-15 17,,
117961451,268928599,1,94atrpj,13230,2014-11-22 20,,
107209058,81059994,1,,9179,2014-11-18 06,,
119149297,228486968,1,,11279,2014-11-26 07,,
48920955,346102055,1,,13230,2014-11-25 20,,
20509405,304238039,1,96tit1f,5399,2014-12-15 22,,
75916920,297633380,1,,10593,2014-11-21 20,,
109280382,305203309,1,,9753,2014-12-11 22,,
78704357,52931683,1,,5894,2014-11-25 10,,
24636415,141505055,1,,2254,2014-12-09 14,,
109568364,42645225,1,,2931,2014-12-02 16,,
29699014,213006856,1,94lkb2f,4676,2014-11-25 09,,
75874204,84099478,1,,7393,2014-11-25 23,,7393
123227202,222165028,1,,12189,2014-12-08 20,,
139214877,365496794,1,,3687,2014-12-17 21,,
74163297,119714797,1,,5388,2014-12-08 19,,
35919625,371691827,1,,11763,2014-11-25 14,,
138793462,55060378,1,9422qiu,4718,2014-12-09 15,,
32181249,213918860,1,,2284,2014-11-23 20,,2284
49068752,255049644,1,,10344,2014-12-12 00,,
40174741,318066678,1,946j41o,11406,2014-11-24 16,,11406
121034306,244170630,1,,11657,2014-12-03 14,,
83269367,133055103,1,9hq4at3,9086,2014-12-18 23,,9086
34495668,85597997,1,943tpuk,11623,2014-12-11 09,,
60296951,8708330,1,,11279,2014-12-12 13,,
62571710,283032599,1,,865,2014-12-16 05,,
53080199,47014869,1,943ongv,3330,2014-12-01 14,,
53080199,366509453,1,,13230,2014-11-19 00,,
141600808,89029449,1,,9541,2014-12-02 17,,
100701928,93301781,3,,5271,2014-11-26 12,,
141600808,48919957,1,,4296,2014-12-15 09,,
141600808,59025158,1,,11824,2014-11-20 11,,
54949966,146829619,1,,11406,2014-12-18 09,,11406
142181816,166441976,1,9r7kvwd,3015,2014-12-15 10,,
3878869,283294963,3,,9280,2014-11-20 23,,
142181816,318408050,1,9r7kv2u,13230,2014-12-08 20,,
57105532,270360869,1,,1863,2014-11-29 22,,
113367173,144889284,1,9rgpb50,10412,2014-11-27 18,,10412
16832057,391478688,1,956o9o3,814,2014-11-19 19,,
75251738,243261322,3,94jrlqn,3940,2014-12-10 10,,
57105532,169858061,1,,6648,2014-11-23 23,,6648
52559406,327075984,1,,11279,2014-11-18 18,,
75251738,387314480,1,94jrl4a,12922,2014-12-18 19,,
76003936,131364343,1,,3064,2014-12-15 08,,3064
29611751,257530823,1,,2513,2014-11-20 00,,
33984927,258802632,1,,6513,2014-12-12 16,,
56560718,180964468,1,,6531,2014-12-12 08,,
56560718,386068766,1,,8171,2014-12-12 10,,
68225403,176615664,1,,5689,2014-11-23 22,,
75821100,255103751,1,9rfv7hc,4830,2014-11-28 20,,4830
10980798,276631516,2,94cp19s,3942,2014-12-11 11,,3942
39066078,171731307,1,,1843,2014-12-11 19,,
116187349,102871028,3,,11256,2014-11-24 00,,
8686191,252080367,1,,9397,2014-11-26 22,,
88945335,2146955,2,94nsrkh,1863,2014-11-18 22,,
88945335,164591078,1,,10037,2014-12-02 22,,
138635225,251684448,4,9pfgtv3,5867,2014-12-12 20,,
140780237,124163207,1,94del1p,5894,2014-11-24 14,,
95885873,177036719,1,,4269,2014-11-20 00,,
27625049,380770599,1,,6977,2014-11-20 21,,
96504901,245383464,1,,2825,2014-11-30 18,,
56161120,375450296,1,99b4q99,6456,2014-12-01 12,,6456
65327272,239209265,1,,13926,2014-12-03 09,,
432337,212547903,1,,1421,2014-12-06 09,,
55060722,311683651,1,,2883,2014-12-17 20,,
57047656,306820036,1,95b9gsv,3064,2014-12-10 18,,3064
74952849,30688990,1,99cjhoa,5503,2014-12-03 11,,
52534043,353961964,1,,3381,2014-12-05 12,,
105310641,365153022,1,941safa,9516,2014-12-08 20,,
3864501,85447287,1,,8951,2014-12-18 23,,
46313814,299517413,1,94gdvgs,11376,2014-12-16 07,,11376
93441452,155278051,1,9t4611d,3798,2014-12-09 09,,
108100952,169155060,1,mti0bkl,1126,2014-12-05 08,,
76352172,48945062,1,,3064,2014-11-23 20,,3064
36525698,123593987,1,,11824,2014-12-12 20,,
136001495,287042158,1,993qpk0,1863,2014-12-05 19,,
136001495,398385855,3,9931w9v,5894,2014-12-02 16,,
116223148,248169076,1,95u2r95,10544,2014-12-14 18,95qrdqb,10544
116223148,109956851,1,95u1vfj,11406,2014-12-15 22,,11406
81500257,249975536,1,,849,2014-11-18 21,,
36574688,144528917,1,,10533,2014-12-12 22,,
17216075,97943126,1,,1838,2014-12-12 23,,
413178,107488482,1,,9820,2014-11-20 19,,
30839253,264154552,1,,4370,2014-11-29 21,,
42012969,391716866,1,,7613,2014-11-18 16,,
123867870,156842239,1,95q4mf9,4830,2014-11-23 22,,4830
50443823,15531616,3,97lb0w0,4778,2014-12-12 21,,4778
61811087,162059670,1,9r2tpsw,7428,2014-12-09 18,,
126862652,126850936,1,,6344,2014-11-19 12,,
32755257,289217491,1,,10894,2014-12-11 21,,
16446142,78652945,1,96rdt6e,5027,2014-12-11 11,,
5950556,303089867,1,95wqgvt,13230,2014-11-27 14,,
73422588,281030100,1,,12612,2014-11-23 20,,
64187025,176189339,1,95q4odi,5894,2014-12-15 21,,
17458663,44641749,2,,1963,2014-11-29 15,,1963
77965060,304803467,1,,12142,2014-11-28 21,,
93007379,49116536,1,9623cd7,7995,2014-12-10 18,,7995
65519398,368844268,1,94mkmpl,4510,2014-12-07 21,,4510
8915107,320379988,1,9qv9dit,6000,2014-11-28 22,,
96042414,64178293,1,,4954,2014-12-03 20,,
55832398,296187997,1,99sc9il,1169,2014-11-23 14,,1169
58207246,102695833,1,946mjud,13230,2014-12-06 22,,
69697214,24295410,1,,11834,2014-11-29 00,,
73574022,16853469,1,9rg3h31,11623,2014-11-18 12,,
141906479,60801254,1,,332,2014-11-30 13,,332
87980818,359065955,1,,8662,2014-12-12 11,,8662
78324634,111993663,1,9rgbkju,1863,2014-12-09 21,,
10706095,26968940,1,,10037,2014-11-30 20,,
123848007,204210296,1,956k2j2,8415,2014-11-24 20,,
18728199,348801066,1,,4370,2014-12-04 22,,
123848007,142786792,1,956k1fd,5308,2014-11-25 12,,
129191119,151752945,1,,5232,2014-12-11 16,,
123848007,257370988,1,956k2jl,9516,2014-12-06 15,,
23357120,171610031,1,,3783,2014-12-13 21,,
49848032,13306849,1,94nuuar,9516,2014-12-11 09,,
25477392,193753479,1,ff3lm9l,6697,2014-12-16 18,,
30511762,352825690,1,,1863,2014-12-02 21,,
33685148,346524000,1,9rf9lqt,9559,2014-12-16 19,,
32099325,19261046,1,9rfpk0v,12819,2014-11-20 09,,
68187441,214132470,2,,5264,2014-11-18 00,,
40873042,351033119,1,,5271,2014-11-22 11,,
54658244,314797535,1,956m4c1,5027,2014-11-24 23,,
49189791,274838571,1,95wlpro,10360,2014-11-29 21,,
56646633,143129920,1,94vg654,11406,2014-11-25 14,,11406
100742887,381566329,1,,6936,2014-12-09 06,,
13851650,394070322,1,95qvjql,10894,2014-11-18 15,,
134621791,154877894,1,,1863,2014-12-09 00,,
112747648,126410281,1,,4370,2014-12-11 23,,
33245877,400556060,1,,2683,2014-12-18 16,,2683
124614349,266688189,1,,10901,2014-12-05 14,,
2952532,224533144,1,,5027,2014-12-13 18,,
120321894,270739375,1,,13538,2014-12-10 06,,
51492142,104648188,3,95ip6wh,14079,2014-12-15 10,,
59318036,373314961,1,,7381,2014-12-09 12,,
136425962,395535869,1,,13152,2014-11-22 21,,
139756567,340194899,1,949g5kk,2396,2014-11-25 10,,
77587823,96015200,1,,10135,2014-12-15 22,,
17465649,205791838,1,99bdjh0,5399,2014-12-07 19,,
84307337,355759444,1,,1863,2014-11-18 16,,
110954163,204900802,1,,9311,2014-12-12 03,,
81245680,16119491,1,99bacwf,8990,2014-12-16 14,,8990
39017588,261050390,1,95wl6uc,9363,2014-12-18 23,,
68157578,401283244,1,9qwrmlf,7299,2014-12-13 14,,
11552428,241552809,1,,3544,2014-11-24 06,,
5137598,134834602,1,,5454,2014-12-08 06,,
12522187,319935944,1,95ejl6q,11623,2014-11-23 12,,
12522187,392769462,1,95ejlra,11241,2014-11-23 12,,
84465849,105617964,1,mtj0ueo,1083,2014-12-18 13,,
56462249,199716036,1,9rnnf4f,11756,2014-12-10 18,,
56462249,32089896,1,,3798,2014-12-12 18,,
23958465,255925749,1,,10242,2014-12-17 15,,
73065478,372989608,1,,5503,2014-11-22 16,,
58207544,402013927,1,9q402r3,2730,2014-12-12 08,,
73065478,340423206,1,,2825,2014-12-08 13,,
31557701,283766195,1,ffadr4t,1303,2014-12-11 20,,
31557701,221801464,1,ffadr4s,3783,2014-11-20 21,,
8886191,223346985,1,9506uto,5084,2014-12-17 23,,
104135842,269534791,1,,2825,2014-12-08 10,,
81635499,333687736,1,,508,2014-12-04 20,,
107323711,22758486,1,,13730,2014-11-20 22,,
48470191,305132963,1,,8877,2014-11-18 13,,
86723232,358193794,1,,10392,2014-12-02 19,,
497764,198769896,1,96nsmbf,12294,2014-12-08 10,,
108995680,220812487,1,9hq4lje,3015,2014-12-07 17,,
77443046,105633278,1,,12760,2014-12-18 10,,12760
82448685,319129779,1,955j22b,7549,2014-12-04 19,,
87365875,61058097,1,,5271,2014-12-07 09,,
77443046,372500819,2,,4370,2014-12-03 21,,
118152898,14548953,1,9rf5n11,11339,2014-12-13 09,,
14282886,186310575,1,,13515,2014-12-05 21,,
59915320,95663352,1,,10894,2014-11-20 19,,
22153508,160940273,1,94bblu1,5689,2014-11-25 22,,
6504113,133425208,3,,5894,2014-11-19 23,,
22153508,15519256,1,94bbl0m,9516,2014-12-01 20,,
85296442,222163847,1,,13023,2014-11-26 20,,
23916542,140521222,1,,9541,2014-12-05 21,,
106457937,261619221,1,9qvq951,552,2014-11-28 19,,
37780288,217288009,1,,5027,2014-11-23 09,,
68412184,141198088,1,9p0n4um,10049,2014-11-22 19,,
87119704,241848781,1,,12630,2014-12-14 00,,12630
52505405,187375513,1,99vs7uw,7957,2014-11-29 12,,
52505405,400795495,1,99vsh93,11279,2014-12-11 15,,
30817416,227503948,1,,11552,2014-12-05 00,,
36964346,213489661,1,,13500,2014-12-12 15,,13500
16911051,391059198,1,,8771,2014-12-02 13,,
106498387,53649131,1,,9559,2014-12-14 06,,
82320644,119372670,1,,9516,2014-12-03 14,,
82320644,48766413,1,,9363,2014-12-13 16,,
3318666,357205497,1,,436,2014-11-24 01,,
17114423,68926658,1,,292,2014-11-22 21,,
17114423,346292654,1,,6255,2014-12-15 21,,
29601369,131787079,1,,4213,2014-12-07 22,,
8325510,311124149,1,,2633,2014-11-28 14,,2633
41079190,100576893,1,9902b5g,5027,2014-11-30 17,,
33298619,199966936,1,,12982,2014-12-16 21,,
68264472,225984044,1,,4605,2014-11-29 14,,
131534140,60594925,1,,2513,2014-11-19 09,,
43472060,268693063,1,,14079,2014-12-05 23,,
95237027,7778849,1,,4830,2014-11-22 21,,4830
95237027,147226915,1,955j1fp,1838,2014-12-08 18,,
59779793,367982770,1,,8605,2014-12-16 15,,8605
80481913,325447917,1,951in9s,5271,2014-12-07 11,,
25544044,102359095,1,,2513,2014-12-08 19,,
28235067,136081434,3,,8332,2014-12-14 22,,
109597580,7592177,1,ffv0tsm,10961,2014-12-17 20,,
88290400,192074764,1,,10431,2014-12-14 14,,10431
38588481,321027262,1,,10314,2014-11-26 13,,
97126088,200282360,1,94ebub7,10079,2014-12-11 21,,
119191477,194346103,1,,12345,2014-12-12 11,,
52842050,132340104,1,,9856,2014-12-12 11,,
117026591,118533287,1,,4830,2014-11-23 01,,4830
34798858,36850382,1,9r7dcgf,281,2014-11-20 19,,
7881635,50012264,1,9qj2b9n,3328,2014-11-20 11,,
20264430,109158790,1,,1863,2014-11-29 08,,
83584379,214366959,1,94vu9p1,10392,2014-12-15 12,,
57607228,367044935,2,,8259,2014-12-03 09,,
69459679,70135684,1,9rf9r74,10223,2014-11-25 19,,
38839327,2606945,1,94mnrpr,14079,2014-11-30 17,,
75301293,121020258,1,,14079,2014-11-30 23,,
70913065,63593549,1,,3760,2014-11-19 08,,
2913602,345168872,1,,5894,2014-11-20 06,,
2913602,327169320,1,,3099,2014-11-24 10,,
4225412,286577071,3,,5232,2014-12-02 10,,
82008226,64903833,1,,231,2014-12-10 06,,
4225412,401770572,1,,989,2014-11-30 20,,
82473850,173176578,1,,4370,2014-11-30 21,,
33797179,162072442,1,,7767,2014-11-30 15,,
90707560,101716866,1,,4778,2014-11-18 11,,4778
49189810,234540365,1,95bpq7n,9517,2014-12-01 12,,
36561036,198211598,1,,4676,2014-11-24 01,,
49189810,32257359,1,,2825,2014-12-12 00,,
54668253,132205846,1,9rdmfv4,7767,2014-12-06 11,,
106573767,188578312,1,,3000,2014-12-18 21,,3000
9868602,363523379,1,94cp2w2,4296,2014-11-30 09,,
75321867,17808072,1,99ct2mr,12328,2014-11-25 14,,
78898649,320035156,1,9rgu5sj,11552,2014-12-11 14,,
82914173,52983791,1,97mh75p,1863,2014-12-13 10,,
101010836,222386454,1,96ulf6t,3673,2014-12-15 08,,
77150532,119480735,1,955m35s,2610,2014-11-29 20,,
106976106,297183666,1,,281,2014-11-18 00,,
24314619,236729662,1,94i937k,9835,2014-12-10 21,,
24314619,186240359,1,,8877,2014-12-05 21,,
12472346,212350174,1,,8877,2014-12-04 13,,
142430177,270767090,1,,4247,2014-12-07 14,,
142430177,2408227,1,,9752,2014-11-30 12,,
17628487,368553203,1,,5589,2014-12-08 20,,
32738038,170111452,1,,9516,2014-11-27 14,,
19447970,378661201,1,,7415,2014-12-09 00,,
103090935,238666211,1,,11552,2014-11-20 21,,
4361577,67465449,1,,9820,2014-12-12 00,,
88930,388739835,1,94hknst,11279,2014-12-02 13,,
21978171,123626970,1,,10894,2014-11-19 17,,
3512329,208029580,1,,10533,2014-11-19 21,,
73414621,234193827,1,9rg25wp,5468,2014-12-02 23,,
68265275,163170622,1,,3424,2014-12-18 13,,
137175187,168223651,1,,874,2014-11-21 13,,
68265275,255714744,1,,3628,2014-12-11 20,,
6247427,147697791,1,,5894,2014-11-23 14,,
124615807,114150268,1,,3636,2014-12-11 13,,
100415080,157201206,1,956a5jq,11537,2014-11-21 11,,
137175187,131266741,1,94dejbo,4370,2014-11-20 11,,
137175187,63648233,1,,5399,2014-12-03 01,,
120329032,157793153,1,,10533,2014-12-15 09,,
131573117,13188915,1,,9247,2014-12-03 09,,
36886776,55096244,1,942uemq,1863,2014-12-12 22,,
37652869,225512337,1,,4370,2014-11-19 17,,
37652869,341481875,1,,5894,2014-11-18 20,,
68597206,220078598,1,,3783,2014-12-01 11,,
72256073,281088434,1,,6000,2014-12-01 07,,
46010057,87198478,1,94kwhrq,13152,2014-12-05 15,,
58902373,352620822,1,,2798,2014-12-12 23,,
51455170,109567207,1,95vjulq,4422,2014-12-03 20,,
38387226,390904379,1,99beqef,5395,2014-12-12 12,,
70118357,215115243,1,99c1o9e,9061,2014-12-03 20,,
51763538,236440924,1,946i1jq,1838,2014-12-03 20,,
119653720,51982645,1,,5399,2014-12-11 14,,
55101915,33333496,1,,11279,2014-12-16 18,,
66145288,233881080,1,,10556,2014-12-16 20,,
66293783,160535254,1,,989,2014-11-27 23,,
10825402,166393590,1,9q1rvgc,4676,2014-12-11 13,,
121939330,151503342,1,,6643,2014-12-18 20,,6643
55530513,95416639,1,944kcu0,6307,2014-12-12 07,,
66150030,281846350,1,9rghotc,11952,2014-12-06 16,,11952
105069110,312926385,1,9rdjea4,9412,2014-11-29 08,,
130806899,160733300,1,mtj192q,13288,2014-11-20 23,,
94654581,332183209,1,,7312,2014-11-22 21,,
75441631,289643137,1,,10795,2014-12-14 09,,
96242076,289105782,1,955i429,3662,2014-12-14 11,,
22422703,96420351,1,,9638,2014-11-20 21,,
37671999,118397144,1,95qurjd,11552,2014-11-25 08,,
37671999,259412004,1,95qu797,14079,2014-11-25 09,,
107301929,27782044,1,,3673,2014-12-03 10,,
112539954,130686707,1,ff3atrh,675,2014-11-26 22,,
73424303,381545463,1,,6513,2014-12-05 21,,
105485068,293699643,1,9q1it25,5271,2014-11-30 22,,
87658501,98348299,1,95ov33j,5027,2014-12-10 08,,
87658501,183191995,1,95ovc5q,4296,2014-11-29 23,,
135080969,258455137,1,,14079,2014-12-14 16,,
129922025,64482964,1,,13230,2014-11-24 09,,
87658501,195753343,1,95ovc50,5027,2014-11-30 21,,
13745443,115007943,1,,5894,2014-12-18 21,,
3063448,4841451,1,95q42wl,3381,2014-11-21 19,,
25515014,76687511,1,94idr0m,13547,2014-11-30 15,,13547
37766845,198215755,1,,2395,2014-12-09 21,,
85178050,194538090,1,,6255,2014-11-29 20,,
60366651,185507548,1,974sv4i,384,2014-12-10 13,,
56124730,142808159,1,,483,2014-12-17 16,,
109662797,74519594,1,,6513,2014-11-29 23,,
109662797,328314141,1,,12855,2014-11-26 21,,
72515822,142099925,1,,3628,2014-12-09 23,,
4146900,237885113,1,,6255,2014-11-28 23,,
77757645,101339679,1,,9363,2014-11-29 00,,
115275150,274740446,4,95q4cea,1863,2014-12-07 23,,
78668192,173541572,1,,13691,2014-12-16 20,,
97130073,135722616,1,,7140,2014-12-02 08,95quei4,7140
61596634,176340108,1,,13664,2014-11-24 13,,
105788199,264319037,1,954a2wd,4721,2014-11-19 18,,
107868172,15674355,1,,4370,2014-12-10 00,,
125110045,362554875,1,,14079,2014-11-19 05,,
107868172,26140307,1,,5894,2014-11-18 15,,
107868172,61885519,1,,10894,2014-12-11 12,,
117829483,393301758,4,,5232,2014-12-02 16,,
119616442,333341916,1,,13230,2014-12-16 15,,
59511789,79586805,1,,10533,2014-11-25 23,,
121814113,286414710,1,95qq06e,733,2014-12-05 13,,
122129755,347534744,1,,10364,2014-11-18 16,,10364
77339861,287430135,1,,5653,2014-11-18 03,,
127311111,360158796,1,9q4l9rr,11623,2014-12-01 09,,
59511789,234826625,1,,9516,2014-12-02 16,,
17979588,319228239,1,,8930,2014-11-22 23,,
36703106,108464698,1,,5894,2014-12-05 23,,
85188992,393512776,3,95ll45q,2901,2014-12-16 19,,
90180023,104031663,1,957qj0j,3662,2014-12-08 16,,
78477282,168561275,1,9qpl76a,6977,2014-12-07 22,,
55257797,175591214,1,,5894,2014-12-12 10,,
55257797,96417998,1,,2953,2014-11-27 19,,
103962421,106409396,1,95u2gmq,13230,2014-11-27 13,,
122388121,319366107,1,,13230,2014-11-24 04,,
108789051,210902396,1,,4560,2014-11-23 21,,
91496013,48035942,1,,9412,2014-12-11 01,,
66232679,136526510,1,,6054,2014-12-13 00,,
9860181,226941580,1,,7995,2014-11-22 20,,7995
73232978,340610276,1,94gdvar,1892,2014-12-05 14,,1892
128050388,45559972,1,,3381,2014-11-22 08,,
131201465,10642749,1,,9693,2014-12-14 23,,
131472598,187986476,1,,4370,2014-11-25 06,,
67840643,188922105,1,,6513,2014-12-10 12,,
135402088,351756833,1,,4333,2014-12-15 00,,
135402088,72778528,1,,2825,2014-12-05 20,,
127429787,102679985,1,,12790,2014-12-02 10,,
131595891,192008534,1,,5951,2014-11-29 02,,5951
7799018,79549752,1,,9205,2014-11-21 14,,9205
91552951,277889442,1,,7195,2014-12-18 13,,
27850931,118846862,1,,3660,2014-12-01 11,,3660
123250328,334190838,1,,5027,2014-11-24 20,,
126327630,82250281,1,,11273,2014-12-02 15,,
475826,141845663,1,,12569,2014-11-18 20,,
133425852,15835307,1,,1674,2014-12-14 15,,
59705015,62161648,1,9p27sn7,9579,2014-12-11 15,,
71105413,39871097,1,,12921,2014-12-02 06,,
129809988,342433882,1,,11834,2014-12-06 02,,
28806122,348998101,1,,6255,2014-12-12 06,,
118814309,283786701,1,,5689,2014-12-10 22,,
87229516,82865702,1,,874,2014-11-18 16,,
119879079,63060672,1,,6513,2014-12-17 23,,
139019375,365601374,1,,12230,2014-11-18 20,,
49003690,375101294,1,,8159,2014-11-26 23,,
87165474,123749297,1,,4269,2014-11-23 16,,
36953591,20791175,1,94j3bdc,10392,2014-11-27 09,,
51326262,304226196,1,,1811,2014-12-05 15,,
16676403,196429180,1,94dgp4v,11296,2014-12-12 20,,
40364499,306191144,1,,12569,2014-12-15 19,,
611920,313398574,1,,14079,2014-11-28 23,,
67743134,183063966,1,941ga51,4245,2014-11-22 16,,4245
5358079,211637998,1,,5894,2014-11-27 15,,
5358079,197968368,1,,3960,2014-11-26 07,,3960
97729365,402243965,1,,9297,2014-11-25 18,,
99503510,188593624,1,,5894,2014-12-14 22,,
42986678,274129166,1,,11552,2014-11-26 20,,
9500401,267286842,1,,2883,2014-12-03 09,,
10211498,341578181,1,99s4g6w,9920,2014-12-09 21,,
137280366,15514406,1,9rgtqio,782,2014-12-15 18,,
108070698,53002076,1,954lmsd,4264,2014-12-04 13,,
100929958,277594143,1,,8099,2014-11-28 20,,8099
114054067,121572318,1,,5232,2014-12-05 19,,
52957351,322626724,1,94del19,3502,2014-12-12 07,,
60890401,64092810,1,,1083,2014-11-21 11,,
11361547,312101575,1,,10894,2014-12-13 00,,
118888496,269233595,1,9r7lnje,10290,2014-12-11 20,,10290
142450275,61657508,1,,2825,2014-11-22 22,,
24805953,375871179,1,95fkrvg,508,2014-11-24 20,,
63759289,53167923,1,,7834,2014-12-16 13,,
11361547,293598097,1,,1421,2014-12-08 15,,
78947364,399904464,1,,940,2014-11-22 10,,
116867259,29806025,1,,10984,2014-12-08 07,,
102011432,337639451,1,ffad615,14079,2014-12-12 08,,
7397337,388330939,1,,7568,2014-12-11 18,,
9225110,336993442,1,,7140,2014-12-14 13,,7140
11993970,30849093,1,99u47dr,2825,2014-11-24 13,,
33829137,381892509,1,,2825,2014-11-24 16,,
139462332,291485792,1,,1441,2014-11-21 22,,
11993970,176319599,1,99u47eg,5894,2014-12-05 07,,
69521301,391644910,1,,12788,2014-12-04 20,,
21790996,349225940,1,,4181,2014-12-14 19,,
84308150,226763585,1,9rnct2w,8489,2014-11-25 09,,
28462928,70493115,1,95faq1q,10392,2014-12-12 15,,
114413180,4591073,1,94wsrr5,3760,2014-12-01 08,,
116936810,89592656,1,,4296,2014-11-24 11,,
132252054,215502942,1,,12117,2014-11-29 14,,
61925056,28139144,1,955jrul,5399,2014-12-11 11,,
67822184,391078681,1,,5894,2014-11-29 16,,
135157689,372902419,1,,5503,2014-12-06 00,,
42599112,34468249,1,,5027,2014-11-19 22,,
135157689,328752179,1,,5027,2014-11-25 00,,
29524082,91987583,1,996oeen,11279,2014-11-24 11,,
29524082,395295202,1,,437,2014-12-12 21,,
29524082,1063848,1,,11279,2014-11-24 07,,
128039265,266381819,1,,7103,2014-11-19 19,,
21233965,380042365,1,94rlqga,7831,2014-12-08 22,,
62334433,127611569,1,,8021,2014-12-12 02,,
37950224,294821894,1,,1385,2014-12-15 01,,
83851924,206867349,1,,4370,2014-11-29 11,,
31663890,404514311,1,95b9oj1,1488,2014-12-05 20,,
57041703,27589268,1,94h0lud,446,2014-12-14 20,,
82438723,193640276,1,mtjdhcm,8854,2014-11-30 16,,
103254376,206007375,1,99ch0w6,1488,2014-12-12 14,,
82438723,109609,1,mtjdhb7,11824,2014-12-12 17,,
86273519,362084458,1,,8291,2014-11-24 22,,
17816597,230078637,1,,5232,2014-12-06 06,,
56653402,98893141,1,9r6u9gr,2042,2014-12-06 20,,
104792616,200248076,2,,5027,2014-11-29 18,,
18785289,260502113,1,,7141,2014-12-11 23,,
28720302,151656532,1,,5503,2014-12-13 08,,
111173414,139723766,1,,7602,2014-12-12 12,,
131538712,91191914,1,,9363,2014-11-26 22,,
66686285,166080425,1,,4269,2014-12-15 03,,
131538712,291208051,1,,7957,2014-12-11 19,,
116851361,326698477,1,,6255,2014-12-15 17,,
138753048,403912503,1,95lkd7p,11311,2014-11-24 08,,
16916141,313423784,1,,5395,2014-11-23 21,,
17924218,166405156,1,,13230,2014-12-06 18,,
25701566,132911642,1,,5399,2014-12-12 18,,
88691490,322861702,1,,7103,2014-12-05 22,,
40831109,347122989,1,96k9eqb,9528,2014-12-01 21,,
101435898,308220901,1,9qkgmit,3879,2014-12-09 20,,
117347969,147161632,1,,2907,2014-11-22 06,,
56278193,124842807,1,,10894,2014-11-24 20,,
1183504,203512120,1,,6513,2014-11-29 12,,
1183504,282553365,1,,9082,2014-12-10 21,,
111768420,190189432,1,,6209,2014-11-29 19,,
136342745,352241770,1,942houj,3660,2014-12-16 21,,3660
68362875,394285055,3,,6344,2014-12-06 16,,
126665202,233012184,1,95ub5fh,3090,2014-12-18 22,,
73455580,220744862,1,,3798,2014-12-10 21,,
78309060,258364580,1,,12067,2014-11-21 21,,12067
79243483,30629012,1,,7354,2014-12-16 17,,
10705215,40586909,1,,2825,2014-12-12 18,,
80254452,254020763,1,,11611,2014-11-26 17,,
50904788,352643178,2,,5395,2014-12-16 12,,
104683710,318208248,1,99drkmi,4370,2014-12-10 20,,
123952685,368237743,1,,3033,2014-12-17 19,,
133152667,399093779,1,,10637,2014-12-11 06,,10637
133152667,69993752,1,,6648,2014-11-27 14,,6648
86239261,266988737,1,,1385,2014-11-28 13,,
122378590,190888399,1,,5454,2014-12-07 20,,
19911284,390652833,1,955bb02,512,2014-11-20 18,,
49546726,225626354,1,,5894,2014-12-17 16,,
2079867,130949595,1,mtj00ot,5395,2014-12-11 16,,
83976914,13436286,1,,11095,2014-11-27 18,,
69869187,227386620,1,,6513,2014-11-22 21,,
110883373,378395347,1,,2667,2014-12-05 13,,
99796192,390394765,1,9su07g6,508,2014-11-30 20,,
59781337,304387061,1,,1392,2014-11-24 22,,
2675166,185039365,1,,4296,2014-11-24 22,,
2675166,122678803,1,,10481,2014-12-05 17,,
59781337,84524890,1,,1392,2014-12-01 11,,
113283932,5986180,1,,5271,2014-11-30 16,,
90532631,137572810,1,9553p9r,13003,2014-12-15 19,,
133680584,167830227,1,95b9o2b,11652,2014-12-17 23,,
133680584,316736079,1,,451,2014-11-20 23,,
59323197,371731999,1,9rg2qtu,5258,2014-12-15 17,,
131193444,89074755,1,,6648,2014-12-17 19,,6648
23165095,126096072,1,,12288,2014-12-01 20,,
23165095,159223801,1,,2825,2014-11-21 21,,
130766413,113819345,1,95gb1oo,1083,2014-12-12 10,,
128521783,9125491,1,,13230,2014-11-27 23,,
92706593,190359324,1,,2825,2014-12-12 06,,
23165095,376086312,1,,10894,2014-11-20 21,,
44908934,142854229,1,,451,2014-12-11 21,,
113445602,367968701,1,,9017,2014-12-03 23,,9017
26855463,177248451,1,,3074,2014-11-20 05,,
113445602,307344362,1,,6648,2014-12-04 20,,6648
116695180,355439124,1,,10049,2014-12-17 22,,
92243806,180357608,1,,8966,2014-11-30 19,,
69687230,168014881,4,94v6mwt,13807,2014-12-12 23,,
114351223,327669828,1,9pts0el,12621,2014-12-15 20,,
7234861,5894450,1,9rgqt2e,8802,2014-11-29 16,,
29405414,315402994,1,,6000,2014-11-27 21,,
7234861,104311824,1,,13515,2014-11-22 04,,
130134707,116891706,1,,2029,2014-11-23 23,,2029
120154530,351422157,1,,6576,2014-11-18 23,,
123842164,82608079,1,9q0ltnf,6977,2014-12-02 17,,
64557626,338380319,1,95q7jv5,10894,2014-11-30 16,,
129489291,357757768,1,,4320,2014-12-05 19,,
22600224,319408846,1,,232,2014-11-19 18,,
97357434,13203731,1,,13230,2014-12-12 19,,
106783624,119527108,1,,2797,2014-12-17 20,,
22600224,395920433,1,,12569,2014-11-27 01,,
35967863,349880413,1,,9337,2014-12-17 10,,
56868935,346077363,1,,9517,2014-12-02 15,,
69410546,318951525,1,,4370,2014-12-14 22,,
38357931,140880229,1,,11502,2014-12-06 21,,
8977686,25129711,1,,11824,2014-12-10 19,,
89946731,61620810,1,,6247,2014-12-13 00,,6247
4561993,336853975,1,,14024,2014-12-06 20,,
89727305,185601582,1,,12090,2014-12-07 00,,12090
53150140,271643997,1,,5232,2014-11-24 14,,
106896403,400694878,1,9rdm7d5,6804,2014-11-22 17,,
106025785,80225661,1,,13500,2014-12-08 15,,13500
814199,356671051,4,,10392,2014-12-13 20,,
100816273,190428405,1,,2153,2014-12-16 12,,
99418963,210531801,1,95wig4j,6945,2014-12-05 20,,
57447913,190418716,1,,10894,2014-12-02 17,,
130547450,278300373,1,,6860,2014-12-04 18,,
116049086,137661637,1,,11599,2014-12-09 15,,
132379480,16663141,1,,2513,2014-12-16 17,,
136482907,63375842,1,96sjo71,4333,2014-12-01 23,,
12129371,254757711,1,,7572,2014-11-30 16,,7572
72510586,86524752,1,9rnw7m4,13339,2014-12-16 21,,
141856245,234134570,1,,2953,2014-11-27 18,,
26063061,245860599,3,,13041,2014-11-27 00,,
104164603,285915757,1,94m2an3,10582,2014-11-30 20,,10582
128675125,15943554,1,,9835,2014-12-01 07,,
36166284,366966550,1,mtobnfm,9517,2014-11-20 22,,
136547699,71688726,1,95694d7,5399,2014-11-19 12,,
93262868,310542940,1,,5533,2014-12-10 22,,5533
9528671,343517352,1,953p5kp,5027,2014-12-17 09,,
2622091,251944645,1,95b2ckg,10740,2014-12-06 07,,
64783805,130217244,1,,5027,2014-12-06 21,,
69599332,322719111,1,,10314,2014-12-18 18,,
50914255,373299131,1,,6226,2014-11-26 15,,
23248133,115736312,1,,2825,2014-12-01 16,,
103600156,223264255,1,,12855,2014-11-22 04,,
76784040,178623494,1,9te05n6,12973,2014-11-29 11,,
5740730,151137721,1,,3381,2014-12-13 06,,
88090767,279746992,1,,13230,2014-12-08 12,,
101456770,338189056,1,95qcs1m,6255,2014-12-18 13,,
93795297,97608120,1,,13230,2014-11-21 11,,
99480990,263452094,1,,5894,2014-11-29 16,,
108728269,212999629,1,,4549,2014-12-02 17,,
138590516,289154971,1,954f03j,1083,2014-12-14 16,,
26920547,175455816,1,,5399,2014-12-02 15,,
139435539,386990683,1,,14079,2014-12-11 21,,
123562447,362770952,1,,6513,2014-12-01 06,,
60734132,151167691,3,991j5c6,552,2014-11-28 22,,
139435539,157326807,1,95qcqbr,6513,2014-12-17 21,,
60734132,124401598,1,,13230,2014-12-15 12,,
62781637,253084170,1,,7955,2014-12-10 19,,
20909974,124205547,1,9rds6qs,13230,2014-12-05 12,,
4364079,125415412,1,94e9e2e,3111,2014-12-10 17,,
71721640,134298053,1,9qsacef,5232,2014-11-20 14,,
6345483,82236118,1,,10762,2014-11-26 21,,
72749623,400382116,1,95rhckr,14033,2014-11-28 14,,
43592945,27356469,1,9rhheoa,6576,2014-12-18 17,,
17757886,126308442,1,94f5we3,11062,2014-12-03 23,,
6345483,199499072,1,,8860,2014-11-20 22,,
87104389,199470430,1,,2261,2014-11-24 22,,
35324602,110409152,1,97esfh5,11279,2014-12-15 15,,
95112222,169462459,1,,242,2014-11-23 02,,
102418389,49525668,1,,10894,2014-11-27 21,,
55685159,375333834,1,,10464,2014-11-23 18,,10464
114737900,95315205,1,,4264,2014-12-14 06,,
53517495,63818354,1,,198,2014-11-24 20,,198
105805037,92732143,1,,9205,2014-11-18 03,,9205
43626933,360731877,1,,11552,2014-11-18 22,,
112570004,291376967,1,,1863,2014-12-12 15,,
121000384,187137700,1,,2878,2014-12-16 00,,
39222343,286554778,1,,12570,2014-12-17 11,,12570
36542583,268344635,1,,3570,2014-12-12 16,,
38010001,221320484,1,95rijwh,13846,2014-12-13 13,,
59244307,72420817,1,,6327,2014-12-17 22,,
38373526,28507,1,95qqr16,7344,2014-12-13 23,,
6452476,59280615,1,946l6pl,436,2014-12-08 23,,
94096435,349675863,1,,10015,2014-12-02 06,,10015
107113176,211538791,1,,9569,2014-11-23 08,,9569
115374204,96097979,1,99ck92w,11991,2014-12-18 16,,11991
134806923,344387372,1,,9276,2014-11-23 11,,
140730073,182065113,1,99nfnmt,12158,2014-12-15 08,,12158
140730073,396510612,1,99nfnm5,11623,2014-12-14 11,,
96646002,217782530,1,996m9q7,9881,2014-11-24 19,,
102923008,59321385,1,,11552,2014-12-11 17,,
109859583,277933787,1,,1863,2014-12-06 11,,
80458696,239644817,1,,1324,2014-11-30 18,,
134473908,164721693,2,,8990,2014-12-16 17,,8990
85057275,311997404,1,,9720,2014-12-09 07,,
28930771,337971185,1,,675,2014-12-15 17,,
35272739,323082564,1,,10533,2014-11-24 18,,
60575815,113843965,1,,5399,2014-12-16 12,,
84993562,249389350,1,,6015,2014-11-23 16,,
88079688,333987846,1,,6513,2014-12-11 18,,
108535249,28788610,1,9rgtiao,13922,2014-12-17 08,,
109939909,196336818,1,9qv9ntc,1396,2014-11-19 16,,
112711623,215185238,1,94h7iun,907,2014-12-17 12,,
121000384,309966378,1,9r66ool,9541,2014-12-18 11,,
16332862,387652127,1,,1863,2014-12-14 08,,
120450577,117370103,1,ffe1d7e,6677,2014-12-07 22,,
3282021,68879745,1,,3544,2014-12-17 10,,
34403746,199843779,1,95q5med,3321,2014-12-07 22,,3321
50673557,394586234,1,,5027,2014-12-01 12,,
71446393,370953621,1,,12328,2014-12-15 16,,
71929773,111683957,1,,6248,2014-11-26 00,,
71929773,143894620,1,9r5f69o,5271,2014-12-13 23,,
98578505,155481204,1,99dmcps,5399,2014-11-18 14,,
44193672,241818840,1,,5689,2014-11-24 13,,
95112222,204621628,1,,5689,2014-12-12 23,,
10026124,161893334,1,95hqsa9,12147,2014-12-10 09,,
66232679,190904935,1,95wjjg0,10392,2014-12-06 11,,
100159569,387136294,1,99csrah,6936,2014-12-04 15,,
100159569,404531658,1,99cs9a7,5388,2014-12-09 10,,
66819420,56377991,1,95q4e9s,7103,2014-11-21 12,,
75209170,319714393,1,,11120,2014-12-04 11,,
95407138,40312637,1,,10686,2014-11-25 20,,
105190158,382513156,3,,446,2014-12-09 04,,
67822184,78177916,1,,7841,2014-11-18 16,,
113847593,36783786,1,,6344,2014-11-28 11,,
28743854,215595912,1,,7791,2014-11-25 11,,7791
1156843,57123433,1,,6513,2014-11-29 15,,
110483148,69980982,1,95lij5e,6304,2014-12-06 12,,6304
11683492,303041673,1,,11552,2014-12-10 20,,
3694961,49577841,4,,12711,2014-11-22 11,,
132711863,397373544,2,,3064,2014-12-16 15,,3064
97019627,307260837,1,,9693,2014-11-18 22,,
19447970,161604656,1,,5894,2014-11-24 13,,
93428377,255041989,1,,10875,2014-11-20 20,,
45865960,144987925,1,99ch7vn,6513,2014-11-19 23,,
3694961,298668332,1,9rdmvmc,10155,2014-11-29 22,,
87983348,259087609,1,99c1av6,3628,2014-12-04 15,,
130317446,34584125,3,,6648,2014-11-30 23,,6648
26438512,361091859,1,,7831,2014-12-14 13,,
41938273,305316590,1,9h0t0ik,5689,2014-12-08 13,,
12746210,101950494,2,,4676,2014-12-06 20,,
18785289,21958864,1,,7141,2014-12-11 23,,
119160278,142782229,1,,3673,2014-12-09 00,,
41745786,214249526,1,,732,2014-12-10 21,,732
101122114,389996233,1,,12067,2014-12-11 23,,12067
74314315,154424628,1,,1519,2014-12-15 20,,
62090894,44259436,1,,13230,2014-12-06 11,,
74314315,34280941,1,,13486,2014-11-27 04,,
115847256,351575902,1,95ip6ho,552,2014-12-08 19,,
55192915,150472929,1,94ebv4l,14079,2014-11-22 21,,
40711894,100794510,1,,107,2014-12-05 23,,
88916048,158342746,1,,8095,2014-11-29 11,,
53406644,255770460,1,94j793j,198,2014-11-24 14,,198
76292653,91181316,2,95wjd0n,7103,2014-12-16 20,,
114256023,244572985,1,,9247,2014-12-02 03,,
82643414,46542251,1,96k4wwp,552,2014-12-06 23,,
43660726,155905878,3,,9516,2014-12-01 23,,
127524049,140133840,1,94eb36c,2828,2014-12-14 08,,
30933630,60533337,1,,437,2014-12-16 16,,
80254452,389048673,1,9rn6hw2,10314,2014-12-05 21,,
80254452,304273501,1,,10507,2014-12-06 12,,
110734521,68710185,2,,1863,2014-11-25 00,,
134051339,269743449,1,,10894,2014-12-03 12,,
20912759,207520707,1,956me4o,10079,2014-11-27 16,,
23439550,170482136,1,,2993,2014-12-05 15,,
10297132,376625010,1,,9517,2014-12-12 05,,
12567456,53233647,1,,10507,2014-12-04 23,,
89428650,177545868,1,,1863,2014-11-29 14,,
10297132,282192967,1,,5027,2014-12-03 20,,
19831033,401203028,1,96kamih,3064,2014-12-18 18,,3064
52589143,371442458,1,,11279,2014-12-07 17,,
113960,140977376,1,,13338,2014-12-02 20,,
56892801,112205539,1,,13500,2014-12-07 01,,13500
26277198,113531627,1,,7767,2014-11-21 03,,
46288368,241366698,1,94a4w2w,6194,2014-11-27 07,,
100027681,144866332,1,9h06id1,11225,2014-12-13 18,,
84445336,121709727,1,,3561,2014-11-24 17,,
46468716,307552236,1,,13186,2014-11-26 18,,
11758356,68579275,1,956mou4,10304,2014-12-12 22,,
71126415,245577904,1,,2568,2014-12-11 21,,2568
73196588,186719507,1,,5894,2014-12-11 22,,
139493879,360371374,1,,12685,2014-12-16 21,,
71964200,124424683,1,,1863,2014-11-30 10,,
70978759,249016618,1,,3064,2014-11-24 14,,3064
102350790,167821773,1,97j6ojv,3381,2014-12-16 19,,
87365875,49590053,1,9r7l6v9,11721,2014-12-01 19,,
34662425,102069947,1,96fnn2b,2883,2014-12-13 13,,
127779869,296336755,1,mtobfwh,13555,2014-12-02 15,,
73196588,231475192,1,,9517,2014-11-27 23,,
62560245,242224943,1,,12488,2014-12-05 23,,
37305183,62629074,1,95rwnmv,9397,2014-11-22 23,,
37305183,328402739,1,,3099,2014-12-12 22,,
83158116,373488377,1,,9614,2014-12-11 07,,9614
85745014,188900150,1,,1863,2014-12-12 06,,
142244794,91993937,1,,8126,2014-11-27 11,,
88945335,294179820,1,94nsrhj,12189,2014-11-27 14,,
19368976,135982475,1,,6344,2014-12-05 05,,
84307337,8120744,1,94alrb9,11379,2014-12-12 12,,
84307337,152260732,1,94akot5,895,2014-12-06 19,,
93600553,78435203,1,,9614,2014-12-15 11,,9614
76930958,262753563,1,,6648,2014-12-03 20,,6648
83313393,140462595,1,,9614,2014-11-19 20,,9614
52534043,7302508,1,,7182,2014-12-12 00,,
117659143,380388975,3,,3368,2014-11-24 22,,3368
56649801,204704699,1,94delpb,6000,2014-12-10 19,,
69195802,36168011,1,,4510,2014-12-16 20,,4510
58992390,58054649,1,,2610,2014-12-05 19,,
58992390,181136398,1,96n3jed,10223,2014-12-06 15,,
131053983,23270026,4,949b3mc,5869,2014-12-12 22,,
102974755,365250933,1,,8771,2014-11-19 13,,
103133076,50772246,1,9p30gq6,5653,2014-11-30 15,,
15511710,372816707,1,9623iss,7712,2014-12-14 09,,
70828129,238021877,1,,4296,2014-11-25 22,,
123450171,275922897,1,,5027,2014-11-28 08,,
23668132,59335822,1,,9559,2014-12-04 10,,
52797666,114931466,1,9551ure,12996,2014-11-21 20,,12996
21875488,175195208,2,99vs7qq,11279,2014-11-19 07,,
127896334,132444951,1,,10732,2014-12-04 21,,10732
18375113,162010546,1,,5399,2014-12-06 16,,
52772551,143924976,1,,2950,2014-12-01 21,,
32198657,137875433,1,,3381,2014-12-09 23,,
97384092,180051677,3,,10271,2014-12-10 16,,
48270094,365502757,3,95562v6,5894,2014-12-13 07,,
100326985,223965853,1,,7383,2014-11-20 23,,
82853795,156575308,1,,11241,2014-12-03 13,,
43855246,199730079,1,,5894,2014-11-20 22,,
33371922,350331686,1,,12982,2014-12-11 11,,
37552619,281709103,1,,13300,2014-11-25 08,,
105346865,360300851,1,,13230,2014-12-17 09,,
42930798,52232498,1,,1308,2014-12-05 12,,
126070926,10505495,1,94hb5p9,5894,2014-12-12 16,,
120378933,148222074,1,,13230,2014-12-17 10,,
87348753,14868168,1,,6648,2014-12-15 22,,6648
140780237,190827143,1,,14079,2014-12-08 18,,
18997016,280827318,1,,1080,2014-11-23 23,,
39675115,212144966,1,,4370,2014-11-23 22,,
39675115,301648639,1,,1863,2014-12-11 15,,
97795315,403789093,1,,6977,2014-11-22 12,,
16905986,176387233,1,,5689,2014-12-05 19,,
19708378,403305308,1,946hof1,10894,2014-12-10 10,,
19708378,198365178,1,946hoeg,3975,2014-11-29 16,,
94755503,36839443,1,,5399,2014-11-24 20,,
34424883,361214828,1,,5894,2014-12-03 01,,
39526193,203328223,1,946wu41,6253,2014-12-05 12,,
39526193,73664201,1,946i40m,6253,2014-11-29 14,,
27129711,322056557,1,95usm2j,6513,2014-11-27 20,,
119652192,41970046,1,,9942,2014-12-12 00,,
119652192,266562907,1,,11103,2014-11-26 19,,
49546726,249055281,1,,2825,2014-12-08 15,,
49546726,233861253,1,,5894,2014-12-06 17,,
36247519,302301593,1,9rnnann,6344,2014-12-14 20,,
54660744,141337270,1,,3099,2014-12-04 23,,
56541900,140329065,1,,13381,2014-11-27 14,,
63329418,24505056,1,,1863,2014-11-28 16,,
17757886,266073206,1,94f5wa1,4269,2014-12-06 11,,
9194303,252816890,1,mtoba96,8624,2014-11-24 20,,
35739934,70481090,1,95f764i,9363,2014-12-02 14,,
35739934,335020100,1,,8409,2014-12-08 01,,
22717072,338713101,1,954bv7d,5908,2014-12-03 19,,
102833698,93436404,1,,11470,2014-11-23 20,,
112907277,1457252,2,94neppt,8990,2014-11-19 21,,8990
47272457,221098463,3,,1121,2014-12-09 10,,
118781454,350344480,1,,6000,2014-11-28 13,,
63929694,40456624,1,,725,2014-11-23 17,,
121756245,269332778,1,,4370,2014-12-04 09,,
122948572,285743500,1,,6054,2014-12-17 23,,
55050954,364876074,1,94lpski,9205,2014-11-29 22,,9205
128213972,104114339,1,,3381,2014-12-12 01,,
112142417,254752759,1,,6717,2014-12-02 03,,
97974838,19344453,1,,9517,2014-11-30 14,,
112142417,200784147,1,,4778,2014-12-07 00,,4778
132731360,332036002,1,,6513,2014-12-09 11,,
20174399,271897815,1,950t7cf,6697,2014-11-27 23,,
77306409,74721163,1,,7440,2014-12-01 20,,
23260181,309337444,2,,4254,2014-11-23 10,,
23260181,199352571,1,,8099,2014-12-07 11,,8099
55141244,7131396,1,,1863,2014-12-02 23,,
54388253,238049979,1,,4747,2014-11-29 10,,
24062806,352704569,1,9qv9ddk,5894,2014-12-09 22,,
24062806,357901468,1,9qv9ddl,13230,2014-11-20 15,,
96720314,377501024,1,,2261,2014-11-28 00,,
24062806,346535581,1,,5894,2014-12-12 04,,
46247152,5951477,3,,6828,2014-11-27 23,,
62142957,142005523,1,,5399,2014-12-08 10,,
84865876,613004,1,,6344,2014-11-27 22,,
8240912,369236577,1,,6327,2014-12-12 00,,
45649071,235581495,1,,1121,2014-12-01 11,,
89210176,44384572,1,95st2m9,6632,2014-12-10 20,,6632
45649071,29681321,1,,10753,2014-11-27 23,,
45649071,326513056,1,,7195,2014-11-18 22,,
125411948,101407609,1,,10242,2014-11-30 23,,
45649071,76973334,1,ffbu61b,5928,2014-12-10 22,,
82926069,69983094,1,,4721,2014-12-15 12,,
45649071,178457883,1,ffbu60d,9397,2014-12-07 10,,
35338207,171541087,1,,3103,2014-12-05 11,,
85336332,120956497,1,95qs0h0,5894,2014-12-02 20,,
35338207,141881294,1,,1863,2014-11-30 09,,
130400029,219951523,1,9rg2h3q,7103,2014-12-12 15,,
124561281,290208980,1,,1260,2014-12-02 20,,
44908934,305968524,1,,13080,2014-11-26 19,,
68285359,156528431,1,,12569,2014-12-14 09,,
95528086,380744099,1,,5395,2014-11-27 22,,
72442904,195986004,1,9rnam36,3424,2014-12-16 19,,
95348615,348318452,1,942mj3e,5027,2014-12-13 18,,
105069110,240193903,1,9rdjeki,6344,2014-11-22 19,,
45073084,337254941,1,fff7lgm,5027,2014-11-23 11,,
59781040,81043001,1,,1169,2014-11-24 20,,1169
19282406,39425444,1,94dstwb,674,2014-11-19 19,,
34305614,350234170,1,,13035,2014-12-06 17,,
89249164,245461913,1,,1863,2014-11-25 13,,
107351947,314516543,1,,2953,2014-11-24 23,,
122036580,260769616,1,,4582,2014-12-04 02,,4582
48677702,143224599,1,94gnqe5,13050,2014-12-06 16,,
126399162,63039354,1,,8077,2014-12-11 11,,
99346682,2589053,1,,13230,2014-11-20 15,,
99346682,365148469,1,,1863,2014-12-16 13,,
31663890,154687311,1,,8095,2014-11-30 12,,
89118490,50192146,1,96a3jeo,13926,2014-12-18 21,,
37208119,111883603,1,,5027,2014-12-15 14,,
108755598,391626932,3,,12919,2014-12-11 23,,12919
124804034,5375583,1,tmu79g9,3064,2014-12-02 17,,3064
117659423,144451167,1,,9232,2014-11-29 23,,9232
35465890,114827700,1,,7428,2014-12-16 19,,
114529391,171178069,1,,10523,2014-12-08 23,,
2751701,262616517,1,,9363,2014-12-15 22,,
52749694,203816284,1,,8561,2014-12-03 22,,8561
15381495,386200250,1,99uir5q,7572,2014-12-17 20,,7572
54922233,56104879,1,95lk6d6,8877,2014-12-08 23,,
60535085,314897101,1,95qqu35,13230,2014-12-08 15,,
33303512,3272316,1,,10049,2014-11-27 22,,
78044909,79624667,1,99ajt57,675,2014-12-10 08,,
94616165,276106774,1,966vcbc,5271,2014-11-27 13,,
41286340,320266454,1,,6054,2014-12-15 13,,
30701625,299583825,1,9r5f4tq,8291,2014-12-16 23,,
43264060,209186879,1,94isb45,508,2014-12-01 21,,
35272739,269565709,1,,14079,2014-12-16 18,,
35272739,396361357,1,,5894,2014-12-04 16,,
35272739,175133243,1,,5894,2014-11-30 14,,
101664376,161979115,1,,2513,2014-12-07 15,,
65236950,111849336,1,,5503,2014-11-27 11,,
122388121,225587710,1,95kf119,470,2014-12-11 18,,
11792254,281911227,1,,3662,2014-11-28 16,,
77055538,382201783,1,,3381,2014-12-12 03,,
129011195,368575678,1,,10431,2014-12-15 19,,10431
138243943,306591071,1,,13500,2014-12-15 10,,13500
77139316,350445330,1,,6796,2014-11-29 07,,
127429787,329624631,1,94gujg0,4561,2014-12-05 19,,4561
135402088,252727287,3,,6226,2014-11-28 00,,
129046432,229119678,1,,6936,2014-12-13 20,,
7234861,166149583,1,,8291,2014-11-26 02,,
135402088,216171585,1,,7995,2014-11-24 00,,7995
16676403,282294289,1,94dg9ja,5271,2014-12-04 15,,
136249926,39358163,1,,5232,2014-11-21 17,,
135402088,72778528,1,,2825,2014-12-09 22,,
20264430,222972362,1,,1863,2014-12-09 06,,
30740491,327139824,1,9471lqs,7995,2014-12-11 12,,7995
81541985,205791806,1,,3424,2014-12-16 00,,
4579794,218608064,1,,13230,2014-12-14 00,,
111886693,255300034,1,,11376,2014-12-12 02,,11376
30955749,85825994,1,,11279,2014-12-01 17,,
38839327,128776440,1,,10533,2014-11-29 16,,
40607709,243658493,1,,5232,2014-12-12 18,,
110522016,108385699,1,95w1rcg,5399,2014-12-17 19,,
19769406,156095190,1,9r5f4bp,8512,2014-12-07 21,,
56830095,309018583,1,,9933,2014-12-04 07,,9933
111768420,146594026,1,9q1ma4r,6513,2014-12-12 19,,
112941292,28715121,1,,2825,2014-11-23 07,,
142306250,359156794,1,,6825,2014-11-20 20,,
62764698,27032912,1,,1838,2014-12-03 18,,
16112876,221180905,1,,3662,2014-11-18 21,,
6478780,396490144,1,,13230,2014-11-23 05,,
110007607,146790720,1,,10242,2014-12-02 19,,
17825629,175335726,3,,7831,2014-12-12 07,,
82914173,1425660,1,97mh6vq,11824,2014-11-29 21,,
87942719,242589978,1,ffad4l5,13338,2014-12-04 23,,
28389417,374228287,1,99f2g3e,1083,2014-12-16 15,,
100605176,272938861,1,,4869,2014-12-01 16,,4869
104800287,399858977,1,,5027,2014-12-13 07,,
28389417,99352481,1,,2226,2014-11-19 20,,
52660721,99820872,1,9ptpphf,10984,2014-11-22 14,,
109928088,224193320,1,,10392,2014-12-12 11,,
109928088,274063577,1,,1863,2014-12-10 08,,
86239261,214372934,1,,8605,2014-11-26 22,,8605
58207544,114339417,1,9q4013d,11412,2014-11-27 10,,
110058496,49697983,1,,3979,2014-12-02 00,,
121752508,123490224,1,,9753,2014-11-27 10,,
58207544,42581409,1,9q402rh,12753,2014-12-12 15,,
121752508,208979295,1,,5894,2014-12-11 22,,
105744471,48971863,1,,6000,2014-11-28 21,,
24033530,266285275,1,,5503,2014-11-29 15,,
135539714,7260081,1,ffaac7e,14061,2014-11-29 07,,
135539714,174003495,1,ffaac7c,5388,2014-11-21 23,,
24033530,29703359,1,9rnbnuv,10533,2014-11-29 22,,
1137672,158003019,1,,5388,2014-12-08 12,,
126192461,277515558,1,9qplww9,3064,2014-11-19 16,,3064
126192461,72583482,1,9qplrco,7767,2014-12-09 14,,
126192461,383307063,1,,675,2014-11-28 15,,
7585996,319753301,1,,13230,2014-12-09 22,,
57080557,160746715,1,,3673,2014-12-08 19,,
141016162,203726227,1,,7957,2014-11-30 16,,
80977557,302681335,1,,3673,2014-12-16 12,,
139725346,170838484,1,99ac7h9,5027,2014-11-22 12,,
23014965,157185410,1,,4269,2014-12-08 15,,
142048623,188584303,1,,3381,2014-12-08 05,,
23014965,297320552,3,95quawd,6513,2014-12-12 18,,
55441310,270225580,1,95llhui,9693,2014-11-26 10,,
65037187,22483158,1,942dtgq,11824,2014-11-23 15,,
38699008,49421343,1,,10894,2014-12-04 12,,
109698871,256473874,1,,508,2014-11-25 22,,
51013339,85665384,1,,3690,2014-12-12 00,,3690
131283302,79347092,1,,10894,2014-12-13 13,,
26957136,112336857,1,,11623,2014-12-04 22,,
121306092,327132594,1,,552,2014-11-18 15,,
49847741,295623231,1,,8161,2014-12-08 15,,
141226151,127301831,1,,1838,2014-11-23 20,,
65013453,104188759,1,,2254,2014-12-03 19,,
136795659,70746854,1,97tmqpj,989,2014-12-06 22,,
65013453,167822537,1,,8083,2014-12-18 09,,
17907443,245790384,1,,13599,2014-11-20 01,,
28638001,222728729,1,94cp6ld,4365,2014-12-05 18,,
12990018,133330138,1,969undb,3156,2014-12-14 13,,
98392652,227384784,1,,7393,2014-12-07 13,,7393
137905112,221978086,1,,1810,2014-12-10 22,,
32831611,246325036,1,965poog,6255,2014-11-21 11,,
5315279,210212566,1,,10894,2014-12-11 00,,
64557626,177427997,1,,5399,2014-12-17 18,,
29699014,263860151,1,,11564,2014-11-30 18,,
21787418,201988909,1,tmu4lbh,6648,2014-12-02 08,,6648
96545886,184153956,1,,3783,2014-12-02 15,,
23223121,27892039,1,,13280,2014-11-23 20,,
28808272,157625950,1,96241w5,11279,2014-12-08 20,,
43857558,43446937,1,97vvac7,1863,2014-11-19 07,,
60625397,3455316,1,,7549,2014-11-22 11,,
65327449,181408223,1,,3673,2014-12-08 19,,
60625397,17132250,1,,2825,2014-12-08 14,,
59394022,84744829,1,,1744,2014-11-25 22,,
79990361,295395978,1,,1488,2014-12-04 17,,
65300962,149655321,1,,11537,2014-12-12 19,,
134097431,23127009,1,95rwo6k,12304,2014-12-12 19,,12304
121034306,34887409,1,,12294,2014-11-19 21,,
94290427,93536154,1,,1843,2014-12-06 15,,
12222620,48792861,1,ffev7ig,1838,2014-12-08 21,,
140735769,383329757,1,94a5cpc,552,2014-12-16 07,,
141600808,297288746,1,,1361,2014-11-28 09,,
102930156,323983882,1,,2513,2014-12-01 23,,
102930156,184321544,1,,5689,2014-12-11 22,,
136788174,61955114,1,,10533,2014-12-01 20,,
13843429,285466759,1,,11460,2014-12-14 21,,
73462715,97648909,1,,6513,2014-12-16 09,,
139059745,144056166,1,95quweu,4582,2014-12-09 14,,4582
141600808,59025158,1,,11824,2014-11-20 16,,
73462715,401394602,1,,5930,2014-11-22 09,,5930
120433755,141704611,1,,8291,2014-12-07 01,,
37780288,282930878,1,,13066,2014-11-25 17,,
128476994,135001535,1,,6513,2014-12-06 22,,
22779974,164714902,1,94vjjur,4830,2014-11-30 21,,4830
75251738,207872275,1,94jrlpc,5395,2014-12-16 21,,
116434661,344414831,1,,1337,2014-12-10 05,,
76003936,366117906,1,,2667,2014-12-03 20,,
51666038,361299332,1,,10894,2014-12-17 07,,
131231135,297403175,1,,5027,2014-12-09 21,,
37708452,105084753,1,,10894,2014-12-13 21,,
64708133,81868178,2,ffe6b1l,3381,2014-12-06 21,,
142120051,365363712,1,9q92dns,8771,2014-11-30 21,,
6861624,217722036,3,,10961,2014-11-19 16,,
79253885,76376936,1,,6890,2014-11-19 04,9rg25fn,6890
79253885,276990007,1,,1080,2014-12-12 01,,
34426955,87805074,1,,9933,2014-12-02 23,,9933
8370322,108936258,1,,11,2014-11-27 17,,
127825359,73396714,1,,2010,2014-11-29 20,,
41907729,395528283,1,94fr110,3381,2014-11-20 22,,
128500027,358683176,1,9623i1s,4676,2014-12-12 09,,
128500027,353643630,1,,5894,2014-11-29 17,,
94106376,289265836,1,946pv2g,13230,2014-12-16 12,,
43865641,260558052,1,94ithc6,10314,2014-12-11 21,,
21358985,394459889,1,,7995,2014-12-01 09,,7995
101734993,137129960,1,,1083,2014-12-10 22,,
88447964,327839820,1,,12328,2014-12-01 19,,
52110227,201422298,1,9rf9wl6,8877,2014-12-13 11,,
91222505,182478611,1,956m1e7,13230,2014-11-20 21,,
91222505,247212680,1,9519nsi,11279,2014-11-28 21,,
91222505,145870073,1,956m1ew,5271,2014-12-13 20,,
72651215,185528726,1,9rgu1ka,5533,2014-12-12 20,,5533
47428428,216168416,1,,9179,2014-12-01 20,,
97951451,250320031,1,,13230,2014-11-29 13,,
66141533,368913792,1,99b419j,12553,2014-12-10 19,,12553
110976685,86895579,3,,5623,2014-11-20 12,,
95237027,340502404,1,,5027,2014-12-12 03,,
95088933,291859866,1,,11279,2014-12-11 18,,
96504901,85466254,1,,9847,2014-11-23 13,,
95088933,218804562,3,,11279,2014-12-11 18,,
117903708,165663397,1,,1005,2014-11-23 15,,
115557934,67700604,1,96kai1q,4830,2014-12-04 21,,4830
108039936,208751758,1,,3381,2014-12-10 22,,
118193939,2217535,1,,6000,2014-12-03 22,,
114377254,141426657,1,,8484,2014-12-12 23,,
138323461,238026039,1,96kculc,12658,2014-11-24 20,,
115557934,260897005,1,,9205,2014-12-03 23,,9205
11966763,342702132,1,,12753,2014-12-17 08,,
122150914,387952778,1,94n06sn,5395,2014-12-11 14,,
47874120,236793149,1,,7549,2014-12-13 23,,
126551956,251079367,1,95wlvv7,7297,2014-12-07 11,,
51926941,267458974,1,,9517,2014-12-09 06,,
70517996,336102135,1,9qvprou,12551,2014-11-24 22,,
14759968,108646113,1,,8986,2014-12-03 17,,
15484510,224861726,1,,3064,2014-11-22 10,,3064
25438815,262498416,3,,16,2014-12-11 23,,
80263315,172402540,1,,2708,2014-12-08 09,,
86530795,292557470,1,94e4lgp,6489,2014-11-25 22,,
67684356,202596272,1,946oqta,12441,2014-12-08 23,,
21115351,401113510,1,,9444,2014-12-16 04,,
7470488,296787390,1,,1488,2014-12-03 18,,
7470488,306531110,1,97v0hmt,10544,2014-12-13 16,,10544
37844114,7524737,1,,10894,2014-11-19 20,,
90194475,244487691,1,96titas,6401,2014-11-29 13,,
76732078,74977850,1,,3381,2014-12-01 22,,
113990647,92445519,1,,1863,2014-12-09 16,,
82905542,303581743,1,,5399,2014-12-13 20,,
82905542,134369087,1,,5894,2014-12-18 20,,
116520218,233131302,1,,3636,2014-12-06 13,,
111850848,274614261,1,,451,2014-12-11 07,,
55192254,400821731,1,,10894,2014-11-28 00,,
120321894,109956562,1,,1488,2014-12-15 08,,
8440456,330872173,1,,13041,2014-12-14 10,,
141187200,163409631,1,,3368,2014-12-17 09,,3368
15957740,133718785,1,96knbae,5027,2014-12-09 09,,
120873,37271193,1,,3064,2014-12-14 20,,3064
130576689,370843294,1,9qpbqev,8874,2014-12-01 15,,
85867746,371262704,1,,2284,2014-12-04 12,,2284
26857141,366920234,1,99222un,5894,2014-12-13 22,,
93232888,354619935,1,,14033,2014-11-27 18,,
91729153,363814943,1,,10431,2014-12-05 00,,10431
139756567,345020533,1,949g56d,6549,2014-12-03 20,,
141284597,376606606,1,,9638,2014-12-16 08,,
126046148,121081404,1,,10360,2014-11-22 22,,
103585097,343149880,4,,3975,2014-12-05 15,,
110561108,78825336,1,,11279,2014-11-28 14,,
12118297,303337518,1,9rg2hqa,13441,2014-12-15 14,,
89384841,162235223,1,,13846,2014-11-25 05,,
82649107,152614678,1,95o3wj2,3687,2014-12-13 10,,
82649107,146410826,1,95o3hjg,3687,2014-12-16 09,,
17635361,277879542,1,951iglm,5576,2014-12-10 07,,
82649107,363951111,1,95o3wmr,5894,2014-11-28 19,,
83570876,345279101,1,,508,2014-12-14 01,,
90047532,281026213,3,,9618,2014-11-25 12,,9618
21550476,133604729,4,94rliwl,12762,2014-12-12 23,,
90690816,104568702,1,,1083,2014-12-03 00,,
105288851,14305599,1,,3381,2014-11-24 19,,
54666554,46749567,1,94ebcjg,10507,2014-11-20 22,,
37671999,179492830,1,95qurjn,1863,2014-12-04 12,,
9090200,45667573,1,tm52ssu,11623,2014-12-12 12,,
9090200,366837553,1,,2513,2014-12-11 23,,
98133460,300240606,1,,5395,2014-12-16 21,,
34553782,146164278,1,mti1hub,12753,2014-12-05 12,,
56186882,8298259,4,,5271,2014-12-13 15,,
37671999,302093542,1,,7103,2014-11-18 10,,
4146900,243705678,1,,5395,2014-11-27 19,,
78595880,170793004,1,,11279,2014-12-12 22,,
59511789,357379916,1,,10733,2014-12-17 21,,
24805953,194633055,1,95fkr2m,12189,2014-12-03 20,,
133849127,277118570,1,,6000,2014-11-20 19,,
63625417,53629171,1,,4520,2014-11-21 16,,
80057325,228167011,1,,280,2014-11-21 20,,280
63625417,319980004,1,94mnrsc,1863,2014-12-18 13,,
72928045,382088579,1,94hknr9,6397,2014-12-04 16,,
73798342,166631296,1,,5399,2014-12-08 14,,
77258315,242509035,1,,13332,2014-12-10 09,,
110948075,293687065,1,,5395,2014-12-18 14,,
87351790,4097418,1,,10740,2014-12-09 13,,
59511789,293333990,1,,5894,2014-11-27 21,,
139104982,217456414,1,,1863,2014-12-12 21,,
126669454,103536108,1,,4264,2014-12-12 23,,
78477282,113723325,1,9qpl77t,10894,2014-12-03 22,,
21743048,90984246,1,,9942,2014-12-07 00,,
74947645,184699870,1,,10567,2014-12-10 22,,
116049086,206994184,1,94vgqkn,14079,2014-12-14 21,,
28975138,276875080,1,,11933,2014-11-24 01,,
28975138,297879742,1,,10038,2014-11-26 00,,
104816721,32221917,2,,7572,2014-12-14 00,,7572
39763083,261254478,1,97kw1os,9412,2014-12-01 12,,
91496013,55463562,1,,13230,2014-11-26 19,,
40211203,339245970,1,,7957,2014-12-11 13,,
34578527,116658497,1,,10894,2014-12-18 10,,
105887770,61197932,1,,12796,2014-11-25 19,,
42526349,140269020,1,96enk7l,8990,2014-12-13 13,,8990
9710339,190827265,1,9rdmcja,9559,2014-11-27 19,,
77150532,165083106,1,955mvvm,12961,2014-12-11 19,,
104139699,159146112,1,,5503,2014-11-27 11,,
47065671,106414346,1,,13599,2014-12-04 23,,
77522552,95060668,1,,7549,2014-12-12 00,,
117026591,163724041,1,,5232,2014-11-25 20,,
55501034,338761496,1,946ivam,12584,2014-12-15 22,,
55501034,99702009,1,,2883,2014-11-28 01,,
22082857,145780485,1,,5388,2014-12-09 21,,
85160711,114239603,1,,7737,2014-11-28 22,,7737
2950136,332381477,1,,6402,2014-12-10 07,,
2742560,346178401,1,,1137,2014-12-06 02,,
81613966,280054537,1,,5468,2014-12-12 16,,
86770260,102884484,1,,5894,2014-12-02 11,,
36593288,209513060,1,,2825,2014-12-02 12,,
75301293,117540834,1,,2993,2014-12-15 22,,
9556056,73060440,1,,1863,2014-12-12 02,,
81608134,196143412,1,,4076,2014-12-02 13,,
111518720,344172635,1,,5388,2014-12-03 06,,
67168345,193923035,1,94dthjh,5271,2014-12-08 14,,
81608134,99534823,1,,2513,2014-11-23 07,,
104792616,250132051,1,,5027,2014-11-21 10,,
130547450,72648336,2,mthvet6,4333,2014-12-09 20,,
70876649,372439209,1,,4370,2014-11-21 21,,
70876649,97494075,1,,3817,2014-11-18 20,,
94580090,252270087,1,94jrml3,13755,2014-12-14 11,,
70876649,133363235,1,,9516,2014-12-18 14,,
70876649,142767675,1,,9516,2014-12-18 19,,
99480990,115133534,1,,4370,2014-12-13 16,,
70876649,50973690,1,,13230,2014-12-18 21,,
99480990,28531643,1,,5894,2014-12-06 14,,
80112220,215824219,1,,8956,2014-12-14 09,,
3442818,47693494,1,,7299,2014-12-10 22,,
141856245,348804135,1,,5399,2014-12-07 00,,
19561223,321694023,3,,4303,2014-11-24 15,,
126014360,368753880,1,,11219,2014-12-08 23,,
104849552,345233259,3,,6526,2014-12-01 18,,6526
25558345,377368772,1,9rdm70t,11406,2014-11-21 20,,11406
134358011,10969099,1,,6513,2014-11-21 17,,
21447166,127480581,1,,5065,2014-11-30 22,,5065
60686963,197758262,1,,9540,2014-12-14 00,,
100012968,178823466,1,,340,2014-11-29 19,,
9639120,228834530,1,94epwrh,600,2014-12-10 19,,
9639120,30689433,1,94epwim,894,2014-12-10 21,,
81995769,358627682,1,,10431,2014-11-28 11,,10431
82572658,132648038,1,,11241,2014-12-05 00,,
61459598,66668698,1,,11687,2014-12-01 22,,
44806939,360519658,1,,5395,2014-12-06 03,,
88271974,124432,1,,11757,2014-12-16 07,,
60330578,163756677,1,,6648,2014-12-05 14,,6648
83688949,242096821,3,95rjkr4,292,2014-12-02 09,,
87086124,76349764,1,,1863,2014-11-30 22,,
37426111,241962182,1,,4370,2014-12-09 23,,
37426111,155742613,1,,6513,2014-12-14 00,,
37426111,99637850,1,,5027,2014-12-04 21,,
73455580,188829287,1,,8132,2014-12-06 17,,
73455580,290104636,1,,6997,2014-12-06 16,,
122822446,269201760,1,,5894,2014-12-01 22,,
96631076,35780705,1,,10275,2014-11-22 09,,
9835014,102906236,1,,1843,2014-11-19 22,,
13553694,92692869,1,92pqcbp,11991,2014-11-20 15,,11991
123562447,246145356,1,,767,2014-12-08 09,,
133425852,202376913,1,,733,2014-12-03 09,,
53253442,152331675,1,,4296,2014-12-15 20,,
119990802,186167411,1,,12221,2014-12-07 10,,12221
55252215,373191009,1,,11552,2014-12-08 05,,
74873040,355401074,1,,6513,2014-11-29 21,,
16066732,167977940,1,95qqqtq,3381,2014-12-11 07,,
56161120,194965202,1,95b9f76,4753,2014-12-11 15,,
8915107,214103556,1,,6575,2014-12-12 10,,
70212546,2364947,1,,13230,2014-11-24 08,,
95518676,163482680,1,,5689,2014-12-13 16,,
14444168,279143589,1,,11687,2014-11-27 14,,
79807626,385166547,1,,3625,2014-12-09 02,,
87165474,327212586,1,,2513,2014-11-23 16,,
43399261,50284700,1,,11552,2014-11-27 07,,
100530696,172315376,1,,5468,2014-11-18 20,,
95647655,68829861,1,,10155,2014-12-04 11,,
62740391,94402282,1,,7876,2014-11-23 14,,7876
100917596,238973707,1,95q4ab9,3660,2014-12-09 10,,3660
56690952,103051154,1,,5027,2014-12-05 06,,
100968525,291072482,1,95uggmd,1303,2014-12-10 20,,
56690952,146945820,1,99ct3sa,5689,2014-12-06 15,,
114995751,12564223,1,,198,2014-12-04 06,,198
101256818,3450616,1,,11,2014-11-26 00,,
56690952,186849407,1,99ct3si,5987,2014-12-12 19,,
115378138,39618846,1,99d5l36,5027,2014-12-09 09,,
142128951,335999221,1,,4336,2014-11-27 12,,
25665414,18730664,1,,12553,2014-12-16 15,,12553
36339188,357479112,1,ffadq7i,9247,2014-12-09 22,,
86723232,312302907,1,,3064,2014-11-28 10,,3064
36339188,352968381,1,,12488,2014-11-30 08,,
37648682,354737598,1,,12067,2014-12-03 10,,12067
27565397,306982822,1,94epwhh,9450,2014-12-02 18,,9450
103812524,373777823,1,,11623,2014-11-22 10,,
67725088,382003034,1,9rdmcmg,8132,2014-12-02 10,,
7197108,241476514,1,96skuk9,3381,2014-12-14 23,,
36166284,401667802,1,,10063,2014-12-16 23,,10063
29429701,93647608,3,95wl9kp,10894,2014-12-08 20,,
3519280,306533681,1,9r5f5hw,9541,2014-12-04 16,,
71631705,88005212,1,,3424,2014-11-22 16,,
116324656,179155931,3,956jr91,2825,2014-12-05 21,,
10191206,15070488,1,94aoabc,10912,2014-12-14 15,,
36574688,330017107,1,,1863,2014-11-26 21,,
36574688,230607645,1,,8771,2014-12-08 19,,
102033461,278151066,1,,7880,2014-12-11 09,,
102033461,8210344,1,,552,2014-11-24 11,,
67849399,295819809,1,,10894,2014-11-23 20,,
27636346,274995745,1,950k3rn,7440,2014-12-18 19,,
31052402,270023154,1,,5388,2014-12-14 07,,
12214179,172447670,1,95rinob,2923,2014-12-12 19,,
103595250,318800756,1,9r5fh6h,7195,2014-12-06 21,,
73024133,100775239,1,,4282,2014-11-24 20,,4282
19338057,43174512,1,,4040,2014-12-12 12,,
63767620,320365404,1,,8210,2014-12-17 14,,8210
71149953,55767877,1,,150,2014-11-20 21,,150
93842000,179787958,1,,7299,2014-12-08 22,,
71149953,171251401,1,,7103,2014-11-25 21,,
102042828,160265214,1,,9712,2014-12-06 13,,
103781365,287329818,1,969670n,9856,2014-12-08 13,,
10706095,128731009,1,,12304,2014-11-30 11,,12304
12570225,401620869,1,95lkmdm,11270,2014-11-27 13,,
12570225,315851343,1,,8877,2014-12-12 13,,
68513171,248152080,1,,2825,2014-11-24 16,,
133744457,73985973,1,95uckni,12304,2014-12-07 16,,12304
49189791,318643056,1,,2953,2014-12-11 21,,
21978171,284578731,2,,10392,2014-12-05 22,,
130024029,346078500,1,,14079,2014-11-18 22,,
47060411,381637203,1,vdu9c6v,940,2014-11-20 22,,
43488815,395487095,1,9623wak,13230,2014-11-21 13,,
135665686,359146980,1,,9397,2014-12-05 23,,
74752035,48397610,1,95kgm96,11824,2014-12-16 19,,
104775475,9877447,1,9qhj1vh,2153,2014-12-17 17,,
47534581,333806530,1,95q1p07,12470,2014-11-30 22,,
82960193,36741968,1,,1863,2014-12-05 21,,
82960193,50070751,1,,8515,2014-11-29 19,,
5950556,30325925,1,95wqg32,13230,2014-12-13 07,,
595598,401728492,1,,3099,2014-12-01 02,,
110374516,66858102,2,,5894,2014-12-14 01,,
115159934,371593709,1,,2825,2014-12-09 00,,
68068629,398038842,1,9h030kh,6000,2014-12-12 22,,
135756066,362517865,4,9qs9mk2,6512,2014-12-12 17,,
71671024,277209264,3,,12189,2014-11-24 20,,
30080377,390327276,1,,6460,2014-12-12 20,,
78324634,231713163,1,,6513,2014-11-25 20,,
23419403,277692410,1,,5395,2014-12-11 07,,
102157365,389610504,1,,4210,2014-12-13 10,,
4060646,133429457,1,99s26b9,5399,2014-11-20 19,,
84949737,187163670,1,94vgq3b,9576,2014-11-30 23,,
120668928,163191359,1,,3064,2014-12-10 16,,3064
83764719,178374477,1,95mqat3,5027,2014-11-24 17,,
17216075,274212630,1,,4006,2014-12-18 13,,
50010860,313297694,1,,10661,2014-12-06 08,,
99730920,190313759,1,,2993,2014-12-18 18,,
50198894,90894968,1,,3628,2014-12-06 19,,
22153508,96262936,1,94bbl1m,7601,2014-12-11 17,,
104084848,87083711,1,95q2ljj,11241,2014-11-24 13,,
27399563,390406861,1,9pt26es,6344,2014-12-06 14,,
88715260,133548545,1,,5027,2014-12-07 20,,
37209969,2419103,1,95qpgon,7582,2014-11-28 22,,
54423533,205484863,1,,7957,2014-11-29 20,,
35967863,111725015,1,,7622,2014-12-16 15,,
108287275,142000992,1,,508,2014-11-29 09,,
78331026,111323089,1,94covo9,5399,2014-11-21 18,,
55749305,9165926,1,9rfiujh,3252,2014-12-11 12,,
77524894,266617811,1,,1863,2014-12-14 16,,
77965060,400589846,1,,7195,2014-12-09 23,,
84414222,173225554,1,,9081,2014-11-20 15,,
69255232,373486394,1,,10520,2014-12-15 19,,
137850156,380353809,1,,3381,2014-12-04 09,,
93471096,201937971,1,,7516,2014-11-29 23,,
93479181,248604788,1,,11623,2014-11-26 13,,
22107261,321125939,1,97lnvso,1121,2014-11-23 22,,
105919960,78695718,1,,4264,2014-11-23 08,,
2097413,5184316,1,ffbph6n,11499,2014-12-14 20,,
63339028,348971083,1,,3064,2014-12-01 18,,3064
105788199,336583481,1,954a2k7,12170,2014-11-23 20,,12170
23958465,31895446,1,94jro9b,2415,2014-12-06 11,,
23958465,164850114,1,,5894,2014-11-18 23,,
134556226,59097950,1,,6513,2014-12-03 20,,
18375619,77671025,1,,436,2014-12-16 19,,
104611414,223599873,1,,9517,2014-11-20 09,,
106783624,171712059,1,,6717,2014-12-17 22,,
33424560,217291036,1,,1083,2014-12-05 18,,
127311111,252809234,1,,2993,2014-11-24 13,,
36233277,279348739,1,94ek6e4,5399,2014-12-03 22,,
70486234,10695899,3,,6724,2014-11-24 20,,
76181117,377018223,1,mtjqfb3,3424,2014-12-15 22,,
77443046,372928553,2,97uhsra,11552,2014-11-23 23,,
79134636,206524952,2,,14079,2014-12-09 13,,
113692463,181267558,1,,1838,2014-12-12 20,,
36233277,255831747,1,94ek6l7,14079,2014-12-08 23,,
39420666,379094855,1,94i2dhb,5027,2014-12-14 21,,
90720609,357905648,1,,2670,2014-11-22 12,,
36233277,110079290,1,94ek6l4,4370,2014-12-08 14,,
36233277,194650412,1,,8721,2014-12-02 00,,
98952869,252107737,1,,1863,2014-11-30 23,,
55605483,339261097,1,95qudfg,9517,2014-12-18 16,,
63458915,255289988,1,,4111,2014-12-01 21,,
141143284,160319839,1,95qvpkc,14079,2014-11-27 23,,
56558948,403957144,3,,437,2014-12-10 22,,
55381200,89919363,1,,1863,2014-12-10 09,,
29878513,149521890,1,,10894,2014-12-02 09,,
10864414,378985385,1,,11279,2014-11-20 21,,
72419143,210043183,1,94132aq,1488,2014-12-01 20,,
85031011,236099428,1,97uv52m,5689,2014-12-01 17,,
142128942,313062149,1,,6020,2014-12-08 16,,
83389532,199937748,1,,7582,2014-12-01 06,,
99418963,171059946,1,95wig9o,8661,2014-12-01 12,,8661
88815441,398949963,1,96bp4b5,4364,2014-12-02 13,,
11361547,316300393,1,94j70am,1083,2014-11-29 10,,
87751423,1542463,1,ffev7ko,7312,2014-12-10 19,,
109400391,227398999,1,,5201,2014-11-23 14,,
101456770,136185813,1,95qcsut,1863,2014-12-10 23,,
67268928,238383016,1,,6054,2014-12-16 19,,
134904941,360328678,2,,11335,2014-12-14 07,,
81295365,7994506,1,,10049,2014-11-23 09,,
123036637,184029310,1,,6513,2014-12-14 20,,
39951811,211276380,1,,12261,2014-11-26 17,,
139435539,169613334,1,,3489,2014-12-10 12,,
50759397,60348124,1,99ctrbv,7929,2014-11-20 22,,
139435539,325273552,1,,2953,2014-12-05 23,,
67743134,318961114,1,943po1j,8099,2014-11-22 23,,8099
54144399,291369715,1,,10635,2014-11-28 23,,
61228049,39640205,1,9rre20u,3786,2014-12-03 21,,
66395027,21542263,1,,5399,2014-11-29 17,,
67898761,166100617,1,,12261,2014-11-19 13,,
23165095,29040328,1,tf3p5at,5399,2014-11-20 22,,
117006290,2418083,3,,12479,2014-12-16 12,,
23165095,24873126,1,,9179,2014-12-02 23,,
75874204,376908109,1,,11447,2014-12-08 05,,
78574430,333906413,1,,1843,2014-11-28 13,,
122786384,256889035,1,,8664,2014-12-12 15,,
80422373,195895922,1,,3660,2014-11-25 11,,3660
43042442,312509987,1,,13480,2014-11-25 07,,
135321413,100157018,1,,8077,2014-11-27 15,,
45659906,249709392,1,,2202,2014-12-10 15,,
17628487,259264612,1,,6235,2014-12-10 01,,
71611159,184017532,1,,8161,2014-12-11 22,,
103377341,52944069,1,,1863,2014-12-04 20,,
69687230,59681795,1,,6267,2014-12-03 10,,
29689901,98466116,1,96pnmu3,12189,2014-12-08 12,,
122129618,3617914,1,,3252,2014-11-19 21,,
95118455,203976289,1,,1863,2014-12-02 02,,
118525064,276438148,1,,5751,2014-12-06 23,,
18781926,143896173,1,96s5bth,10460,2014-12-12 22,,10460
13385262,279909619,1,9h45asv,2029,2014-11-28 09,,2029
18781926,381163443,1,96s5afv,5232,2014-12-13 20,,
96169296,364915978,1,,2883,2014-12-17 23,,
99651145,398752587,1,,5027,2014-12-06 23,,
103498808,81789092,1,,5027,2014-11-18 13,,
21562611,344667235,1,,13041,2014-11-22 22,,
50904788,135157127,1,,9835,2014-11-29 20,,
52763242,393327758,1,96vjto3,895,2014-11-27 09,,
140643525,67834973,1,993qtli,6000,2014-12-16 16,,
51503232,13771246,1,9q40c4u,9205,2014-12-06 22,,9205
23367131,236157005,1,,9450,2014-12-07 22,,9450
22600903,231812966,1,,5689,2014-12-11 15,,
41442365,368854871,1,,10271,2014-12-02 21,,
60159990,17310541,2,9rfr9fa,2463,2014-12-06 17,,
43250746,177822362,1,,9205,2014-11-29 17,,9205
137513013,343127378,4,,9933,2014-12-10 14,,9933
60159990,133908136,1,9rfr9fa,552,2014-12-15 23,,
15924838,199585272,1,9rgcngo,3783,2014-11-26 21,,
93687523,362964983,1,94evfsg,1385,2014-11-21 14,,
64056262,3142296,1,,6456,2014-11-21 12,,6456
80458696,160309780,3,,3067,2014-12-15 15,,3067
104683710,403707244,1,99d5o57,4582,2014-12-12 19,,4582
83976914,238278500,1,,9516,2014-12-01 09,,
86523709,247042990,1,950a2m9,6307,2014-11-27 21,,
35758737,165722694,1,,6000,2014-11-30 09,,
35758737,257354420,1,9rgpqqb,10120,2014-12-02 12,,10120
101508404,256092548,1,mtopwue,5689,2014-12-11 19,,
23740258,8708114,1,,4676,2014-11-23 09,,
49683822,77042725,1,,2667,2014-12-17 21,,
19375389,146697774,1,,6255,2014-12-04 12,,
31309091,90602090,1,94frs27,874,2014-12-05 13,,
86017186,177549384,1,,10984,2014-12-03 19,,
90078744,325323382,1,,11621,2014-12-11 05,,
35465102,66102893,1,94rgt7c,10344,2014-11-30 21,,
41919803,229097790,1,,1599,2014-12-05 21,,1599
90078744,61777606,1,94vjs7p,3662,2014-11-30 12,,
44389792,360816048,1,99s4b2k,13727,2014-11-23 17,,
44909131,313115632,1,95r2u42,10984,2014-11-30 21,,
93111704,197917749,1,,5027,2014-11-18 20,,
61644490,104664092,1,,13230,2014-12-18 06,,
125891448,321655714,1,,10520,2014-12-05 14,,
92892459,369110495,1,,3472,2014-12-11 11,,
135187545,206573925,1,,11981,2014-12-11 17,,
138690511,314241212,1,95lkvm0,2883,2014-11-23 23,,
2896763,35787048,1,,5879,2014-12-06 21,,5879
45563112,170742482,1,97larta,1441,2014-12-18 19,,
107874169,131920647,1,9rdmuc1,11279,2014-11-23 20,,
66274733,243038082,1,,4213,2014-12-09 00,,
129894791,370355651,1,955m3nm,13670,2014-12-10 18,,
4225412,34135104,3,,7639,2014-12-13 09,,
96583102,322415427,1,95rf1gt,12721,2014-11-29 21,,
49362840,365704854,1,94red4o,12375,2014-12-11 20,,12375
56978241,76619500,1,,5894,2014-11-28 20,,
136668031,54066450,1,,2811,2014-12-02 13,,
131303989,273934461,1,99dm136,13230,2014-11-26 22,,
68150938,219661324,1,,5027,2014-11-20 07,,
68150938,255009551,1,,889,2014-11-30 10,,
119401585,185821609,1,,10894,2014-12-17 12,,
39427521,250159859,1,9rm17gf,8874,2014-12-06 21,,
116277143,10457086,1,,13985,2014-12-12 18,,13985
43953561,188359963,1,,5084,2014-11-21 22,,
132692996,185390512,1,95wl2jr,10431,2014-11-21 11,,10431
4977592,147638642,1,94cp106,5340,2014-12-02 15,,
3731463,195229139,1,,5399,2014-11-22 13,,
5478302,166239673,1,,2825,2014-12-04 23,,
56790163,274766363,1,mtdmmjj,1968,2014-12-16 15,,
6071666,294559766,1,,11763,2014-12-18 23,,
74028981,228506832,1,9h546ja,13230,2014-12-05 08,,
46274658,362708025,1,,5399,2014-12-04 22,,
46274658,200762846,3,,9517,2014-12-02 23,,
106926411,320323966,1,,5027,2014-12-12 06,,
57408837,351715277,1,94lps2t,10661,2014-12-15 11,,
112499569,239113716,1,,3502,2014-12-07 15,,
116218729,397776091,1,94eb3eu,12090,2014-12-12 10,,12090
13161427,300927850,1,,6513,2014-12-14 22,,
124560028,379860845,1,,9215,2014-11-24 21,,
26384257,174613212,1,94d2306,5399,2014-12-16 19,,
136487187,225793903,1,,5468,2014-12-12 18,,
127089112,203408381,1,,5689,2014-11-27 20,,
100692079,304700787,1,,107,2014-12-06 17,,
116473435,280031860,1,,3535,2014-11-24 02,,
130314976,110900085,1,,5027,2014-11-26 16,,
50553250,327855395,1,,11599,2014-11-26 12,,
141323792,343652487,1,95f74cq,8161,2014-12-16 13,,
43916471,168514913,1,95vju3b,10242,2014-12-06 18,,
57454165,100981615,1,,13038,2014-12-09 22,,
85308332,123936592,1,,6000,2014-12-06 17,,
3840121,172795494,1,,508,2014-12-16 09,,
80954170,361171512,1,99ctj9s,4965,2014-11-29 13,,
65180528,180078669,1,9rdo3g4,6054,2014-11-21 13,,
56709846,263461721,1,9623int,13114,2014-11-24 21,,
94943213,304870081,1,95rijeb,1173,2014-11-27 15,,
79359253,15258987,1,,1863,2014-12-12 19,,
59422637,74694039,1,94drwse,12855,2014-12-01 19,,
29246035,349323046,1,955n6wb,8184,2014-11-22 20,,
29246035,40837165,1,,508,2014-12-01 08,,
49646570,393121183,1,95u2she,10392,2014-12-16 21,,
98440358,265977588,1,,9820,2014-11-29 01,,
120329032,184241883,3,94droge,8161,2014-11-26 09,,
126862652,122220747,1,,6344,2014-12-16 15,,
62918630,162911923,1,,4008,2014-12-14 21,,4008
137725903,368404126,1,,13230,2014-11-28 13,,
62944161,75254994,1,,198,2014-12-18 13,,198
79112468,266331400,1,,4264,2014-11-18 11,,
79112468,381309316,1,,5468,2014-11-21 13,,
40586226,197555638,1,9504cbn,3660,2014-12-12 19,,3660
87579407,245148995,4,946jq6b,8854,2014-12-14 19,,
105397406,238396792,1,,4264,2014-12-17 23,,
91351115,229621386,1,,10392,2014-12-02 13,,
38387226,198932821,1,99beqfs,13230,2014-12-14 09,,
51763538,257229588,1,,492,2014-11-29 05,,
134658,147859471,1,,10379,2014-12-06 04,,
119377973,9418882,1,,10258,2014-12-03 22,,
119377973,398228293,1,,6541,2014-11-19 21,,
138387712,126297499,1,,6513,2014-11-18 15,,
88865653,279134137,1,,3252,2014-11-28 21,,
88865653,179094709,1,9h99wr5,13230,2014-12-12 13,,
100929958,376572670,1,94eaf62,9552,2014-11-27 22,,
101570549,373999196,1,,9229,2014-12-02 14,,
17020394,66700543,1,,12221,2014-11-28 22,,12221
101570549,119671385,1,,13230,2014-12-16 11,,
34399720,24793522,1,,3628,2014-11-22 21,,
118888496,201389796,1,,5397,2014-11-30 09,,
140662618,138201821,1,,4322,2014-11-28 15,,
73065478,176188485,1,,5503,2014-11-27 18,,
43052420,182629749,2,,10223,2014-12-14 14,,
101437780,193746304,1,,13230,2014-12-07 12,,
57301300,73324472,3,,782,2014-12-04 13,,
48951212,317014199,1,,13230,2014-12-03 14,,
69410546,276174051,1,,2284,2014-12-07 20,,2284
83262957,364522641,1,,9516,2014-12-13 21,,
132057506,338979240,1,,3381,2014-12-09 21,,
95278276,267679097,1,94wgdw3,12615,2014-12-16 20,,
33463484,202277671,3,955m32w,11270,2014-12-10 12,,
141754029,61217140,1,,5399,2014-12-14 17,,
38048555,219458602,1,99ch3we,1843,2014-11-21 07,,
14282886,165307254,1,,6513,2014-11-20 21,,
41986655,136589443,1,,6255,2014-12-10 22,,
107323711,271527006,1,,5271,2014-11-29 22,,
92096438,166185674,1,,13500,2014-11-18 22,,13500
137998405,338838405,1,,5027,2014-12-02 17,,
10068052,84468533,1,,4296,2014-11-19 12,,
140739491,132924811,1,,3662,2014-11-19 22,,
5938241,95753134,1,mtoaqv3,10392,2014-12-02 15,,
13213333,172437568,1,9rdmtmf,436,2014-11-23 23,,
23326854,67255001,1,,1110,2014-12-14 08,,
1160607,17253572,1,,2825,2014-12-13 23,,
54330314,257169216,1,,1863,2014-11-24 08,,
1160607,94660741,1,,2825,2014-12-13 13,,
74952849,287924349,1,99cjnsp,2825,2014-12-05 12,,
20347929,330142125,1,95m475l,13230,2014-12-18 16,,
67583520,37783886,1,,2825,2014-12-01 12,,
24288984,310917444,1,9rnek6w,2903,2014-12-01 07,,
99052668,255078327,1,,9516,2014-12-10 17,,
123848513,155288488,1,,8583,2014-12-17 10,,
86010915,134205580,1,,5002,2014-11-22 09,,5002
100690180,295917353,1,,11914,2014-12-14 22,,
17757827,17597449,1,,5533,2014-11-29 06,,5533
126205303,105498610,1,,8930,2014-12-07 15,,
21824858,157450989,1,,8956,2014-12-06 14,,
78566320,121224493,1,9422uoo,8373,2014-11-23 07,,
130528059,31224137,1,,5623,2014-12-12 12,,
24000198,346589672,1,99dm7dt,7712,2014-12-15 19,,
88209434,352986985,1,,8646,2014-11-26 15,,8646
26052997,122416089,1,96s6c44,5894,2014-11-28 23,,
41831177,51843912,2,,6689,2014-12-09 23,,
30692164,326285869,1,95uggl9,6010,2014-12-14 21,,
27839004,340193817,1,94mn6eq,7450,2014-12-06 22,,
99117769,109098434,1,,5271,2014-12-04 10,,
4364079,135612216,1,,7428,2014-11-25 19,,
4364079,182621355,1,94e9e1l,7995,2014-11-18 22,,7995
4338344,246480387,1,,13230,2014-12-14 20,,
41440011,269498930,1,,9598,2014-11-26 21,,
56539722,165478835,1,,4706,2014-11-25 08,,
69152893,104836553,1,,5894,2014-12-10 19,,
54725247,87654132,1,,10533,2014-11-29 15,,
64502137,171592567,1,95bp6po,6000,2014-12-04 12,,
109647745,148172386,1,,1863,2014-12-01 15,,
102456563,371833065,1,ff1ev5q,10275,2014-12-01 14,,
74067634,116098612,1,,11895,2014-11-25 02,,
99103824,159938407,1,ffkvwjp,5232,2014-12-17 10,,
33797179,323034046,1,,9517,2014-11-28 13,,
123188632,208600040,1,,7995,2014-12-17 04,,7995
15791958,35313613,1,94eb22a,2513,2014-12-01 11,,
29245673,51405874,1,,1863,2014-11-27 23,,
134502976,132525298,1,,5951,2014-11-19 22,,5951
128066004,326182201,1,9r75sem,9179,2014-12-09 23,,
69003368,395355506,1,9qq36kq,11279,2014-12-03 22,,
28160359,357854436,1,,2901,2014-12-01 09,,
76143991,43216899,1,,9102,2014-12-06 21,,
21035609,38056408,1,49u2r27,1083,2014-12-09 21,,
79269988,170058023,1,,10063,2014-12-07 13,,10063
125482009,302394186,1,,6344,2014-12-14 06,,
68412184,329984825,1,,574,2014-11-25 21,,
70380387,320838636,1,,4676,2014-11-25 15,,
130041655,102976888,2,,437,2014-12-15 11,,
88901750,219873536,1,952j32n,13852,2014-12-12 16,,
10815578,183192361,1,,5399,2014-12-17 10,,
32845489,54161241,1,ffaelmr,6648,2014-12-16 18,,6648
9890683,402430663,1,,4584,2014-12-12 06,,
7295557,255390032,1,,5027,2014-12-09 16,,
7295557,156751951,1,,8088,2014-12-02 00,,
142337230,263591484,1,,11307,2014-12-12 12,,
16096940,360114979,1,,10431,2014-12-15 09,,10431
17362237,334323939,1,,1797,2014-12-07 20,,
21202467,134604489,1,,9179,2014-12-17 18,,
70116015,83731341,1,,10533,2014-11-20 15,,
90035027,176622083,3,,1230,2014-12-08 22,,
106863941,330425461,1,95a5akt,5399,2014-12-14 19,,
108266017,315809611,1,,1370,2014-12-02 20,,
41705089,264716920,1,,4781,2014-12-10 03,,
91950454,118909623,1,954ja64,4676,2014-11-27 19,,
72295163,181351365,1,99ggri4,1564,2014-11-28 20,,
102663288,212961975,1,,10983,2014-12-12 09,,
79558429,220564502,1,,6226,2014-12-12 06,,
86388311,388543750,1,,9017,2014-12-15 16,,9017
140732064,90398404,1,,6054,2014-11-19 22,,
108049747,340394990,1,,7876,2014-11-27 01,,7876
134959857,323399165,1,,11406,2014-12-07 00,,11406
137484826,328639654,2,,10567,2014-12-12 23,,
51492142,160948229,1,95ip6r1,12479,2014-12-18 16,,
30838173,220086375,1,,10894,2014-11-24 08,,
51492142,11799668,1,95ip6r1,5027,2014-12-04 10,,
51233471,107838040,1,,10703,2014-12-18 18,,
52577851,368507845,1,,13254,2014-12-01 16,,
54476739,174828973,1,,6121,2014-11-30 21,,
59864388,265689000,1,,12189,2014-11-25 20,,
68597206,335911287,1,,12245,2014-11-25 15,,
52577851,20309125,1,,6255,2014-11-20 22,,
121777817,175791298,1,,5894,2014-12-04 22,,
66909500,9366032,1,,2825,2014-11-26 13,,
115239516,367702606,1,,1863,2014-12-11 01,,
112125475,280415763,1,,1863,2014-11-19 18,,
135347247,124450302,1,,5399,2014-12-17 15,,
47439748,364169907,1,,3673,2014-12-11 00,,
135347247,267914368,1,,10740,2014-12-10 14,,
78794958,134635938,1,,11385,2014-11-30 12,,
129685421,165920481,1,,3381,2014-12-12 12,,
97092878,388504493,1,,9752,2014-11-19 19,,
19145056,108726524,1,,1863,2014-12-12 15,,
89183161,342323595,1,,4370,2014-11-18 17,,
1985644,224849303,1,,2605,2014-12-09 21,,
71406451,98871005,3,,13727,2014-12-12 16,,
106645011,173960549,1,,9517,2014-12-18 21,,
100637858,66399540,1,9rfrqk6,1838,2014-12-04 22,,
100637858,139195591,1,ff7jpv4,5894,2014-12-05 08,,
68381564,123079181,1,9qawous,10213,2014-11-27 12,,
70240139,53105695,1,99s4auu,11643,2014-12-01 12,,
75288002,128699800,1,,13230,2014-12-04 03,,
70240139,322758223,1,99s4kgk,7606,2014-12-17 14,,
70240139,339969219,1,99s4aun,292,2014-12-02 20,,
129489291,142926647,1,,5689,2014-12-05 20,,
7788241,159846565,1,,11406,2014-12-18 13,,11406
47328088,398956429,1,,9179,2014-12-04 15,,
103439105,114624630,1,,5894,2014-11-28 19,,
58581609,15464727,1,,12387,2014-12-18 20,,
98607707,372042180,1,,8561,2014-11-25 02,,8561
92706593,1752440,1,9q6q39f,1121,2014-12-06 16,,
12285453,374294345,3,,11621,2014-11-18 23,,
55948598,98384120,1,,13852,2014-11-23 11,,
73870155,58140521,1,,3687,2014-12-02 21,,
91339068,66183909,1,95lkvr7,6054,2014-11-25 13,,
12369583,155635519,1,,10392,2014-11-21 08,,
131565054,40605970,1,,4245,2014-12-18 22,,4245
96187787,284599423,1,9qidbwt,5232,2014-12-11 07,,
97389266,307247443,1,,198,2014-11-18 10,,198
59567091,324145178,1,950tocj,4830,2014-11-20 16,,4830
59567091,104186803,1,950tob2,13028,2014-11-28 12,,
62394339,9109962,1,,4230,2014-12-07 13,,4230
10027039,381980466,1,,6513,2014-12-01 23,,
22188362,228389496,1,,11914,2014-11-27 20,,
22188362,246980134,1,,13230,2014-11-18 14,,
100288957,387733001,1,,281,2014-12-12 00,,
119432472,352905819,1,993r33a,11552,2014-12-08 21,,
94428036,247438338,1,,6977,2014-12-03 13,,
13684026,61645733,1,,9518,2014-11-26 00,,
50343169,250989540,1,97la74v,6000,2014-11-22 18,,
133152667,253983010,1,9410b6v,10242,2014-12-01 23,,
133152667,295901395,1,9410b6q,5894,2014-12-01 22,,
58134314,217205825,1,,7516,2014-11-21 18,,
19911284,100862688,1,,13230,2014-11-19 00,,
72288359,38000270,1,,13230,2014-11-21 18,,
47241390,376303395,1,94d231f,8860,2014-11-23 13,,
22125304,341691152,1,,492,2014-11-25 19,,
85822276,114394499,1,,5027,2014-12-08 16,,
99628321,315977861,1,,5399,2014-12-01 20,,
85862488,367255783,4,9ra47nm,10431,2014-12-15 22,,10431
93221058,347818975,1,96knf72,1863,2014-11-26 22,,
1041761,65757110,1,,10894,2014-11-29 18,,
100027681,83348876,1,9h06ie3,12913,2014-11-25 16,,
131504487,309618994,1,,9899,2014-11-26 20,,
137314781,118820807,1,94e4pgt,10875,2014-12-08 21,,
123006863,270420138,1,,13547,2014-11-22 19,,13547
15777503,341795337,1,,14079,2014-12-03 00,,
139423598,177311081,1,,6513,2014-12-15 19,,
15777503,341935048,1,,3397,2014-12-12 21,,3397
142048623,279575734,1,,14079,2014-12-12 04,,
4364079,375016643,1,,11241,2014-12-01 19,,
4364079,390966137,1,,5065,2014-12-07 21,,5065
61342536,377006037,1,99dm25q,13230,2014-12-18 16,,
31942750,379365302,1,,9847,2014-11-19 19,,
34187941,33771970,1,94vcg9e,3628,2014-12-09 20,,
16066732,116187998,1,,6327,2014-11-26 11,,
70517996,278057551,1,9qvp79o,6513,2014-11-24 21,,
69146917,24847431,1,,2993,2014-11-27 22,,
5057199,319848036,1,,12299,2014-12-18 21,,
95290487,162911923,1,,4008,2014-11-22 18,,4008
85497599,263094430,1,9qnlfpp,388,2014-12-07 13,,
96317471,242287461,1,,8664,2014-12-10 09,,
75032548,152795417,1,,11499,2014-12-02 11,,
97369087,211253368,2,9rkm4fe,2883,2014-12-10 22,,
56690952,358317314,1,99cttu4,9179,2014-12-13 21,,
128397777,219266771,1,9rndjvq,9261,2014-12-12 21,,
92241160,362289346,1,99b46af,11220,2014-11-20 20,,
102930156,12311829,1,,7195,2014-12-16 22,,
134118557,52973041,1,,5894,2014-12-11 20,,
111527414,70015842,1,mtoqo56,12090,2014-11-22 10,,12090
78324634,21189177,1,,3940,2014-12-05 20,,
121498660,166293096,1,,12090,2014-11-23 09,,12090
112342350,205049968,1,,8877,2014-11-21 20,,
127524049,206198811,1,,2825,2014-12-05 07,,
22378126,362006804,1,,362,2014-11-27 00,,362
41268198,69537807,1,,8291,2014-12-17 09,,
138737144,36384642,1,,1838,2014-12-05 02,,
60032762,31664479,1,9rgu1hg,2420,2014-11-30 17,,
96074973,11900155,1,9q292po,4245,2014-11-22 07,,4245
133240213,300385303,1,,9397,2014-12-12 00,,
105278727,65628799,1,,9317,2014-12-03 11,,
136652360,16977086,1,,6697,2014-11-20 21,,
136652360,271263590,1,9rf9ro6,2443,2014-11-28 18,,2443
7197108,317724320,1,96skuh6,13230,2014-12-11 23,,
108748058,250104600,1,9r79j7i,11520,2014-12-08 23,,
20799662,68322753,1,,12090,2014-12-02 04,,12090
46483165,53944228,1,,9517,2014-12-14 23,,
102663288,46717223,1,,10392,2014-12-17 17,,
64847438,227703076,1,,11623,2014-12-12 20,,
54707710,109042230,1,,1863,2014-12-08 09,,
32445953,399853938,1,,5894,2014-12-11 09,,
47237907,133783403,1,,3328,2014-12-02 23,,
105105740,350619362,1,,4625,2014-12-03 22,,
131240843,21855412,1,,8877,2014-12-17 17,,
3304327,378166868,1,,10431,2014-11-30 07,,10431
35758737,91181949,1,9rgpq0s,5354,2014-11-29 21,,
95520482,147370010,1,mtoc6sr,9412,2014-12-13 15,,
121777817,357501393,1,,10894,2014-12-03 22,,
40798219,200424885,1,9ro7r57,3046,2014-12-14 19,,
10026124,62611433,1,95hqse7,5048,2014-12-07 20,,
104003037,3752760,1,956i13o,13230,2014-12-09 11,,
35849648,100297144,1,,11279,2014-12-10 18,,
86017186,205542603,1,,4269,2014-11-22 10,,
11966763,179640830,1,,7753,2014-12-13 21,,
104003037,290150587,1,,6513,2014-11-30 17,,
135196347,288298851,1,95u22v3,5027,2014-11-22 21,,
127795742,255130745,1,,13230,2014-11-29 11,,
52577851,285410869,1,,5894,2014-12-03 23,,
141290489,38070327,1,9623kog,5727,2014-11-22 22,,
111492650,21380550,1,,5041,2014-12-12 15,,
125577545,247630998,1,,4582,2014-12-11 17,,4582
119725932,93209663,1,94wgl6a,5027,2014-12-07 20,,
53687535,367971261,1,,5027,2014-12-17 20,,
4524349,269223832,1,,12490,2014-12-05 19,,
137344822,266965063,1,,2334,2014-12-11 23,,2334
71406451,13804681,1,9h546eu,10155,2014-11-25 17,,
71406451,225555120,1,,13727,2014-11-24 15,,
25438815,267149034,1,,4333,2014-12-11 23,,
72512616,133334753,1,,10431,2014-12-12 23,,10431
102281568,29649863,1,,2825,2014-11-27 15,,
66699196,342132410,1,94lojd6,13041,2014-11-27 09,,
45865960,150592401,1,99ch7vd,5027,2014-12-01 23,,
81049962,262522435,1,9p30gsv,4245,2014-11-20 20,,4245
111486485,24159299,1,,8077,2014-11-21 21,,
65982317,222639068,4,,6717,2014-11-18 12,,
65982317,179446088,1,,6574,2014-12-17 21,,
131097518,89723175,1,,3472,2014-12-04 21,,
78794958,238651711,1,,1863,2014-12-13 23,,
90943326,290923685,1,,56,2014-12-12 22,,56
114351223,376363286,1,,12230,2014-11-26 10,,
66275550,97368783,1,,8966,2014-12-09 14,,
107683230,154448880,1,,3892,2014-11-24 07,,
66275550,372895320,1,,7995,2014-12-16 18,,7995
34424883,271237625,1,,12326,2014-11-28 23,,12326
2686606,163180696,1,,5204,2014-12-08 19,,
138387712,2442591,1,96awabo,5894,2014-12-11 23,,
119653720,196560696,1,,5027,2014-12-11 10,,
15171548,132276145,1,9rnnfb7,1863,2014-11-26 20,,
105313845,95826692,3,,1674,2014-12-15 15,,
138891580,150279261,1,943aric,895,2014-12-10 18,,
18597404,372470601,1,9r2sh7n,10533,2014-12-06 10,,
103336492,193904421,1,94auogv,5894,2014-12-03 18,,
17230300,275834051,1,95qukm7,10544,2014-12-04 12,,10544
37008188,333889251,1,,7876,2014-12-07 04,,7876
20517525,84853867,1,,2825,2014-12-11 19,,
59076389,168718896,1,95rr3vm,4296,2014-12-12 09,,
82926163,104621235,1,9qv9n4r,11824,2014-12-10 19,,
43051852,158626782,1,9qv6rb0,5822,2014-11-21 18,,
106926411,207978319,1,,7767,2014-11-25 09,,
127958351,218831577,1,,12863,2014-12-16 14,,
77503143,39756557,1,,7606,2014-12-01 21,,
59781337,9046947,1,,8126,2014-11-27 22,,
51945411,323369068,1,,8161,2014-11-21 00,,
135889836,144892492,1,,13230,2014-12-13 23,,
139891563,39094911,1,,12553,2014-11-24 22,,12553
128576282,303579291,1,95421b3,6255,2014-11-18 19,,
139891563,189910594,1,,5273,2014-12-02 19,,5273
14506759,294734399,1,,9298,2014-11-20 19,,
139891563,315479888,1,,7876,2014-11-23 15,,7876
39066078,320674507,1,,3381,2014-12-08 20,,
54330314,257472097,1,,8095,2014-12-18 07,,
39066078,286686179,1,,11140,2014-12-08 20,,
39066078,110530804,1,,3472,2014-12-16 20,,
110106082,365953737,1,,10661,2014-12-15 22,,
119257966,146219781,1,,6228,2014-11-25 21,,
59915320,277481786,1,,6054,2014-11-21 17,,
59915320,328931223,1,,1863,2014-12-10 20,,
30080377,228698878,1,mtj0td6,9412,2014-12-05 22,,
6504113,287856157,1,,13230,2014-12-06 12,,
67166709,295390175,1,,3381,2014-11-25 23,,
128180595,213555552,1,,3673,2014-12-15 21,,
131254719,72538367,1,,5399,2014-12-06 15,,
37402030,289855175,1,,3747,2014-12-12 17,,
131254719,12731403,1,,12067,2014-12-03 18,,12067
86442990,403582616,1,9517v43,1863,2014-12-12 19,,
116217792,61531303,1,,3424,2014-11-18 14,,
103336492,136924395,1,,1396,2014-12-06 19,,
38181340,243947878,1,95w9j1s,3960,2014-12-18 16,,3960
127691807,33108288,1,,6344,2014-11-29 20,,
140780237,128951019,1,,12741,2014-12-14 13,,
140780237,308537420,1,94delui,9412,2014-11-23 09,,
123842164,246700861,1,9q0ltej,13500,2014-12-10 12,,13500
77150532,316909128,1,955m3r5,1810,2014-12-13 20,,
131851410,117031359,1,,8771,2014-11-29 14,,
64614030,133399389,1,96a3jl5,1396,2014-12-08 15,,
77522552,320162861,1,,9396,2014-12-07 07,,
57047656,357945456,3,95b9dj9,3628,2014-12-12 22,,
39526193,354893225,1,,16,2014-11-28 02,,
37652869,74919586,1,,7957,2014-12-17 05,,
125135169,223536363,3,953s65g,5027,2014-12-15 18,,
110229753,203581090,1,,3252,2014-11-22 12,,
67422920,230255142,1,,4269,2014-12-03 19,,
46313814,305672666,1,94gdvbi,4008,2014-12-12 20,,4008
60729896,256891852,3,,3921,2014-11-30 20,,
54007195,238344115,1,,3940,2014-12-04 15,,
16641115,175016144,1,,3252,2014-11-27 12,,
56541900,100045554,1,,9179,2014-12-03 08,,
65645933,13989215,1,9t4qqbh,5894,2014-11-25 16,,
113484173,19528286,1,,9552,2014-11-24 00,,
119191477,356394501,1,,2825,2014-12-18 21,,
31110873,381863087,1,,5894,2014-12-09 21,,
31110873,219696051,1,,11834,2014-12-04 00,,
81500257,140995936,2,,11279,2014-11-26 22,,
141976720,11037637,1,951e57a,9261,2014-12-10 16,,
136091846,390574859,1,94n7vq5,1911,2014-11-30 15,,
92251217,252602064,1,,4370,2014-11-27 14,,
65645933,222783351,1,9t4q6w2,5027,2014-11-25 08,,
46611643,396716733,1,,3673,2014-11-23 16,,
65645933,108992095,1,,9518,2014-11-19 15,,
53150140,321246669,1,,13515,2014-11-22 11,,
121085565,174596096,1,,5232,2014-12-16 09,,
53150140,100863525,2,,12406,2014-12-04 10,,
44140222,237376675,1,94g0f3s,2261,2014-11-24 21,,
30740491,295288147,1,,2313,2014-11-19 10,,
7366396,263889638,1,9refgs4,1838,2014-12-07 19,,
69242953,18395308,1,,903,2014-12-16 09,,
69242953,67008164,1,94dbgfe,13041,2014-11-27 22,,
73196588,13222269,1,,3200,2014-12-07 18,,
9032548,114175151,1,,5232,2014-11-30 19,,
38839327,259761344,1,,1863,2014-11-18 14,,
38839327,133677453,1,94mnr9o,2825,2014-12-01 16,,
2227874,91128455,1,99nfaqb,6344,2014-12-13 17,,
73196588,26530440,1,,1863,2014-11-18 16,,
73196588,182222630,1,,6513,2014-11-30 20,,
38839327,86989002,1,,10392,2014-12-09 20,,
45660059,363193258,1,,5027,2014-11-21 13,,
17924218,145572193,1,,3673,2014-12-11 20,,
73196588,245999927,1,,11537,2014-11-19 01,,
43288343,246671649,1,,5550,2014-12-06 22,,
4903043,290692064,1,97rc0r4,5176,2014-12-18 09,,
73196588,272970803,1,,13998,2014-12-13 10,,
18649051,339980256,1,,1518,2014-11-22 15,,
19704074,70790887,1,,836,2014-12-16 16,,836
104775475,206058910,1,,4437,2014-11-24 23,,
62355811,181167493,1,956943f,492,2014-11-23 11,,
72820368,375482832,1,,1337,2014-12-17 20,,
85101585,344805681,1,9902dc9,8874,2014-11-30 17,,
4744483,364180217,1,,4721,2014-12-16 17,,
46023224,56839409,1,,8874,2014-11-29 11,,
99364125,335024147,1,,9559,2014-12-05 22,,
68002440,124814227,1,9476awl,5027,2014-11-24 08,,
50673557,79730775,1,,11757,2014-11-24 07,,
121632160,217334867,1,94mniep,8633,2014-12-02 23,,
29853992,176207771,1,,5399,2014-12-11 22,,
213655,258525768,1,9te05de,5141,2014-12-07 09,,5141
120986091,395785518,1,,2551,2014-12-02 13,,
137175187,230853018,1,,11895,2014-11-26 04,,
138793462,327974438,1,,5027,2014-12-11 21,,
43084101,366110716,1,,6512,2014-12-02 10,,
137362349,12655777,1,94f72v6,11824,2014-12-17 22,,
137996255,170877080,1,99chu19,10741,2014-11-27 20,,
39367110,359306291,2,,10460,2014-12-16 02,,10460
48292690,155418798,1,955mh9p,5271,2014-12-11 21,,
138008976,401562510,1,,4085,2014-11-18 01,,
45743550,66167812,1,99chvnm,3093,2014-12-14 11,,
16911051,6310784,1,956o0o0,9516,2014-12-13 22,,
142036510,195091809,2,,5468,2014-11-30 20,,
70015965,238351211,1,95rownc,5399,2014-12-15 14,,
45743550,34040238,1,,5395,2014-12-08 20,,
26562102,380906281,1,ffoliar,5399,2014-11-18 20,,
52610344,355313638,1,9q9jpml,5699,2014-12-09 12,,
35205411,318237267,1,99ctdkv,10431,2014-12-18 16,,10431
37701876,61786980,1,99ct7fg,13915,2014-12-11 15,,
3318666,235208560,1,9q07oa6,7103,2014-12-04 14,,
68513171,355918190,1,,1083,2014-11-27 04,,
66293783,309172103,1,96kcpru,9516,2014-12-09 22,,
90924422,350383598,1,95rihbv,9807,2014-11-27 22,,
46066007,96785489,1,,5894,2014-12-14 22,,
104191148,324696580,1,,10431,2014-12-01 00,,10431
101508404,97577606,1,mtopir9,6513,2014-12-13 19,,
85506999,55754068,1,,6648,2014-11-30 21,,6648
138118243,379503364,1,94vcola,12147,2014-12-07 07,,
15412753,134170146,1,,279,2014-11-19 08,,279
29710830,139915950,1,,9179,2014-12-15 20,,
104569658,26743694,1,99chhom,3381,2014-12-09 23,,
101777748,331393362,2,,3424,2014-11-24 00,,
70876649,30529158,1,,2551,2014-12-04 11,,
111073682,129544095,1,,12067,2014-11-24 23,,12067
134806923,44831946,1,,5399,2014-12-14 21,,
2639819,179066899,1,,11623,2014-12-05 12,,
30578112,215342344,1,,11895,2014-11-23 15,,
55381200,95077247,1,,7440,2014-11-21 10,,
110883373,182540235,1,,6977,2014-12-05 13,,
54003632,317859862,1,,1863,2014-12-02 22,,
59737169,107900511,1,,10894,2014-12-07 16,,
3423779,368725062,1,,4256,2014-12-09 15,,
85308332,179471048,1,,13326,2014-12-11 15,,
7267531,104087250,1,,6648,2014-11-27 12,,6648
140305505,232056825,1,96kabl0,11536,2014-11-20 22,,
23165095,238009794,1,tf2mgjf,3783,2014-12-09 12,,
4053567,301064898,1,94dg9ob,9503,2014-12-02 14,,
4053567,369251976,1,94dg9lf,12328,2014-11-20 17,,
23923497,110344231,1,,3081,2014-12-04 21,,
11758356,227606504,1,956mot0,6957,2014-11-20 22,,
48776635,49705623,1,,12837,2014-12-11 13,,
139030112,17060999,1,,10402,2014-12-07 21,,
23276219,30170176,1,,3628,2014-12-06 22,,
764564,64986458,1,,1863,2014-12-09 21,,
82738686,195364499,1,95q4dum,5232,2014-11-22 22,,
93791092,81780034,1,,3509,2014-11-30 23,,
62024754,45649710,1,,5027,2014-12-02 18,,
98259829,252720623,1,,895,2014-12-08 22,,
92706593,307322202,1,9q6q397,12221,2014-12-12 08,,12221
21358985,19578059,1,,12184,2014-12-03 09,,
15541192,297447363,1,,13859,2014-12-08 09,,
113693068,59226912,1,92pqc75,12807,2014-12-14 23,,
120416898,320909567,1,946chtr,8291,2014-11-19 14,,
100817523,6817436,1,95qon0d,5399,2014-12-03 15,,
83158116,256462605,1,,3381,2014-12-07 00,,
124982206,54544215,1,,2631,2014-11-30 20,,
116114060,41941729,1,,5271,2014-12-05 17,,
116114060,404309058,1,,4778,2014-11-18 22,,4778
138856687,65593257,1,9r7ha5l,5399,2014-12-12 17,,
74577535,322796521,1,,5894,2014-11-25 22,,
113250631,300325263,1,956qj7g,1863,2014-12-14 19,,
113250631,393052208,1,956qja1,9720,2014-12-07 11,,
131573117,192258130,1,,12855,2014-12-11 14,,
20293501,67281762,1,,1797,2014-12-05 13,,
12628544,7216452,1,,5399,2014-12-15 15,,
26831040,267874990,1,99cifkw,5558,2014-11-25 20,,
93795297,120301929,4,94b0a45,3747,2014-12-03 21,,
16137242,302711365,1,,5027,2014-12-17 08,,
52580712,92427852,4,,10832,2014-12-09 00,,
37648682,387609300,1,,1838,2014-12-07 18,,
134580497,386057864,1,9hqcpiu,3156,2014-11-18 21,,
37648682,26485025,1,,9558,2014-11-30 16,,
18927299,45554268,1,9rgu1d0,508,2014-12-10 10,,
70664874,56046469,1,99ck05v,9053,2014-11-28 17,,
44154986,323382376,1,,10049,2014-12-08 12,,
119652192,319869374,2,,7450,2014-11-26 19,,
75225256,391132719,1,,492,2014-11-25 07,,
116331874,333064735,1,,4640,2014-12-13 12,,
32495375,96146169,1,95ribqp,14079,2014-11-22 22,,
94428036,149677754,1,,4295,2014-11-30 20,,
34305614,290897428,1,,1198,2014-11-18 04,,
59763374,187138830,1,,3960,2014-12-02 03,,3960
101122114,352806561,1,,10984,2014-12-15 22,,
34305614,171725352,1,956m4uh,11279,2014-11-24 18,,
25678919,98781277,1,,7195,2014-12-11 21,,
77524894,7757924,1,,11824,2014-11-28 14,,
24625581,165304291,1,95ucthj,13230,2014-12-07 19,,
122823587,6815430,1,94oido7,9517,2014-11-18 15,,
61627054,287918925,1,,2825,2014-11-25 18,,
33660702,296128766,1,,8749,2014-12-02 15,,
44138845,367763064,1,,3381,2014-12-14 00,,
125935855,381228536,1,,13500,2014-12-17 12,,13500
11412443,305614311,1,,1863,2014-12-06 21,,
13869219,183918793,1,9p270vl,9942,2014-12-06 20,,
131449826,204212059,1,,2362,2014-12-04 19,,
136506198,92632268,1,96bq1fd,6648,2014-12-08 10,,6648
47038183,242112008,1,mtkrswq,13230,2014-11-22 19,,
50312283,346906677,1,,1954,2014-11-30 21,,1954
28826774,87825402,1,,6000,2014-12-11 00,,
9886065,282232285,1,,2883,2014-11-20 05,,
5698511,334441824,1,9puj29u,5271,2014-12-15 07,,
41034768,118953407,1,,4019,2014-12-11 00,,
81419674,277863972,1,,1303,2014-12-02 18,,
117902605,243473111,1,,512,2014-11-19 22,,
105825066,174465841,1,94lrmhe,12441,2014-11-23 14,,
95518676,71364126,1,,1121,2014-12-01 09,,
3840121,293633715,1,,6513,2014-11-25 15,,
52534043,272911787,1,,4640,2014-11-21 21,,
96343297,218546452,1,9541djc,10392,2014-11-20 19,,
87944152,115432633,3,,12221,2014-11-20 12,,12221
102036262,34929314,1,,3472,2014-12-16 22,,
135687750,315637839,1,,9517,2014-12-06 12,,
118562608,25527952,1,,11279,2014-12-08 22,,
135687750,174816699,1,,6054,2014-12-01 22,,
10309048,85921230,1,,5894,2014-12-03 22,,
44849978,227819797,1,,12658,2014-11-19 19,,
44189601,18001753,1,,5894,2014-11-27 12,,
142181816,36721483,1,,470,2014-12-03 13,,
114968456,343779762,1,94lo7qm,10661,2014-12-12 22,,
140990654,361681874,1,,3528,2014-11-20 23,,
78704357,134195023,1,949g02s,5503,2014-11-22 13,,
81444684,291770048,1,95rijp4,5894,2014-11-27 09,,
130132447,231148403,1,99chsb5,9471,2014-11-20 12,,
10773940,377439574,1,946jatn,7957,2014-11-19 20,,
32738038,395572932,1,,1194,2014-12-10 20,,
130132447,355647661,1,,4688,2014-12-01 17,,
137129651,136019763,1,,11406,2014-11-25 17,,11406
37206341,180404996,1,,1863,2014-11-25 20,,
11683492,300525584,1,,5395,2014-12-12 16,,
55207467,74645059,1,99ujihu,10661,2014-12-03 18,,
64502137,86777250,1,95bprc7,11623,2014-11-23 22,,
30839253,402259634,3,,13408,2014-12-01 19,,
77310910,307024520,1,mtogb5s,3472,2014-11-29 09,,
71422331,223005048,2,,552,2014-12-12 12,,
3512329,183187637,1,95qpvpr,10894,2014-12-04 13,,
124563826,230788948,1,,5399,2014-11-30 09,,
91373045,393204063,1,,3156,2014-12-05 05,,
125042644,369765239,1,,11406,2014-11-23 22,,11406
87401754,162811913,1,,9261,2014-12-10 01,,
95607772,123787411,1,,3783,2014-12-08 14,,
95885873,163506492,1,9qq36jh,9559,2014-12-17 23,,
137385958,98018613,1,,12982,2014-12-04 20,,
125411948,168004252,3,,9516,2014-11-19 00,,
18301670,34828468,1,,3074,2014-11-27 16,,
95885873,345183047,1,9qq36ji,1838,2014-12-15 18,,
97045271,203221552,1,,2801,2014-12-12 18,,
56878355,98985797,2,,5027,2014-11-29 23,,
36090137,365876616,1,,11178,2014-12-12 03,,
23065322,2454897,1,,2993,2014-12-18 22,,
113594399,80290021,1,,1797,2014-12-05 23,,
132653097,155796113,1,,7146,2014-11-30 12,,
33824579,389004177,1,,7995,2014-11-24 13,,7995
132653097,267396231,1,,6054,2014-12-18 23,,
35653683,295175042,1,,3662,2014-11-24 00,,
132653097,3271019,1,,12388,2014-12-14 14,,
497764,335400567,3,,11279,2014-11-27 00,,
38373526,168799586,3,95qqtqi,13763,2014-12-06 13,,
38373526,363245839,1,95qqvp9,7344,2014-12-11 09,,
82448685,197026257,1,955j2se,5232,2014-11-21 16,,
118781454,368196224,1,,6000,2014-12-11 13,,
126317702,32180994,1,,4721,2014-12-18 10,,
87365875,90776302,1,,1863,2014-12-17 21,,
106025785,44691802,1,99uifwc,8291,2014-12-12 15,,
76271403,125715757,1,94mfcs7,436,2014-12-08 08,,
49546726,247528117,1,,5894,2014-12-17 16,,
54660744,90217128,1,,1741,2014-12-02 14,,
80283819,296564485,1,,5503,2014-11-27 22,,
56279008,105442561,1,945juj2,5249,2014-12-18 11,,
117684032,77933566,2,95q7m1r,7223,2014-12-03 18,,
89249164,161489334,1,,5027,2014-11-27 10,,
123899957,196642562,1,95wl6t2,1377,2014-12-07 22,,
91877964,53872527,1,,9247,2014-12-07 13,,
63329418,377129568,1,,6000,2014-11-25 19,,
108212684,81588026,1,,9559,2014-11-26 04,,
96646002,135235042,1,996m94g,12142,2014-12-10 12,,
108212684,339176198,1,,3783,2014-12-15 22,,
113848288,3575579,1,95lke4c,10961,2014-12-18 21,,
100539,394439500,1,,4676,2014-12-09 23,,
137905112,332597565,1,99ct7cd,10894,2014-12-16 21,,
130068403,14734860,1,ffoefa3,10396,2014-11-22 08,,
72510586,198092149,1,,444,2014-12-12 11,,
141302835,357134180,1,,11103,2014-12-07 16,,
26401619,391312389,1,,5591,2014-12-01 16,,
76212088,29140026,1,,4102,2014-11-21 11,,
24636415,359563381,1,,11797,2014-12-10 06,,
26401619,46807892,1,,10816,2014-12-02 21,,
138635225,101094208,1,9pfgtun,4520,2014-11-24 15,,
110976685,201876089,4,,6344,2014-11-20 12,,
110976685,27269183,4,,6243,2014-11-20 14,,
140906142,157598115,1,95cjf63,215,2014-12-04 09,,
65667723,99704382,1,,3960,2014-11-18 20,,3960
57857118,148178843,1,,4296,2014-12-09 09,,
77339861,243449852,1,956sew3,13230,2014-11-24 23,,
61743492,297017411,1,94fuibd,4676,2014-11-30 09,,
66831202,394083661,1,99s91lu,8250,2014-11-24 11,,
66831202,143717627,1,,254,2014-11-24 01,,
77339861,259042547,1,,893,2014-11-24 00,,
40459733,143766839,1,,10864,2014-11-19 16,,
49068752,315587390,1,,12569,2014-11-18 16,,
88503688,76697632,1,,1396,2014-11-19 09,,
17840949,147642898,1,99ckjds,5395,2014-12-12 16,,
84556930,179457226,1,,3877,2014-11-19 20,,
19911284,397747131,1,955bbpf,3064,2014-12-07 22,,3064
101120745,313645638,1,970u5f2,5027,2014-12-02 15,,
95348615,387401847,1,,5689,2014-12-12 17,,
130031214,121864153,1,,10533,2014-11-24 16,,
65544144,170479777,1,,1863,2014-12-11 18,,
27423844,154585845,1,,5395,2014-11-24 14,,
19803129,99504011,1,,758,2014-12-04 17,,
139413160,82938058,1,,8537,2014-12-04 20,,
130739831,247475460,1,9rna3tp,4584,2014-12-12 23,,
116049086,280710747,3,94vgqat,11279,2014-11-18 09,,
24313362,73583722,1,,13334,2014-12-13 21,,
24313362,179206382,2,,5407,2014-12-12 22,,
116049086,256313116,1,,5689,2014-11-22 12,,
90689083,366173810,1,,12855,2014-12-11 21,,
131785898,67770141,1,,4245,2014-11-30 19,,4245
141142627,341791712,1,,2252,2014-12-10 10,,2252
75500533,134712350,1,9rfpput,12805,2014-11-25 22,,
78571658,597862,1,,5027,2014-12-10 17,,
102417042,265587265,1,,13230,2014-12-13 18,,
15437545,100288709,1,,3628,2014-12-03 21,,
78571658,297801676,1,,13230,2014-11-30 16,,
47289191,314004226,1,,3628,2014-12-15 10,,
132617033,192203093,1,95b9mom,3015,2014-12-13 21,,
110948075,400070496,1,,437,2014-12-09 14,,
14157293,375721079,1,,10661,2014-11-23 15,,
116481997,198484389,1,,1083,2014-12-12 10,,
43864355,114087322,1,,5894,2014-12-04 06,,
81506172,186773911,1,95a9lc4,2953,2014-12-18 07,,
67743134,101877381,1,,8662,2014-11-22 15,,8662
93232203,93204679,1,,4588,2014-11-26 19,,4588
112317649,349867326,1,951hs51,9516,2014-12-05 10,,
112317649,28635285,1,951hs5i,6513,2014-12-02 21,,
49421729,318275792,3,96rdtwj,12406,2014-12-05 22,,
93232203,170177435,1,,9593,2014-12-16 10,,9593
125048047,134581421,1,94i3be2,8460,2014-11-29 18,95lke53,8460
99503510,249599378,1,99nfvdb,10533,2014-12-13 15,,
21386838,155377435,1,,5689,2014-11-18 20,,
120329032,221868722,1,,6513,2014-12-05 01,,
33682194,263978844,1,95wjmab,3892,2014-12-07 09,,
100112744,114114089,1,,5027,2014-12-08 09,,
120329032,32812007,1,94d7pjt,5027,2014-11-30 22,,
122721008,86319266,1,9qu6fv9,1863,2014-12-18 19,,
106498387,195990690,1,,6054,2014-12-04 10,,
123848513,375155036,2,,11824,2014-11-22 13,,
139885879,282546171,1,95f71sw,12158,2014-12-16 11,,12158
21465106,3521364,1,,10984,2014-12-09 23,,
61457956,378903452,1,,1838,2014-12-04 22,,
65949028,245201436,1,956ofs6,2114,2014-11-24 13,,
16096940,363638968,1,,4676,2014-12-01 12,,
61457956,224184731,1,,1519,2014-11-29 19,,
21202467,47183951,1,9psrme1,6344,2014-11-25 21,,
31207229,77948483,1,,9541,2014-12-12 10,,
120346962,191825290,1,,5027,2014-12-13 12,,
79253885,227352304,3,,6513,2014-12-01 03,,
79253885,213871129,1,97v0nih,4817,2014-12-02 13,,
85120673,83921958,1,,6513,2014-12-02 09,,
39430343,114612936,1,,11834,2014-11-23 12,,
85994287,245012421,1,,10135,2014-12-12 11,,
131534140,276353520,1,,4370,2014-12-03 14,,
137384149,281643000,1,,1863,2014-12-12 14,,
83813302,65995245,1,,10894,2014-12-08 18,,
83813302,212585856,1,,11279,2014-12-16 20,,
19037604,5480832,1,9411o46,508,2014-12-12 20,,
85633095,365150173,1,,6460,2014-11-18 09,,
83813302,179478598,1,,8860,2014-12-04 22,,
4338344,310537249,1,,12368,2014-11-27 12,,
17340020,159545242,1,,4776,2014-12-17 08,,
17340020,332295506,1,,8887,2014-11-25 17,,
110509780,325577797,1,,7939,2014-11-21 21,,7939
73349802,102518829,1,,12111,2014-11-24 01,,
110509780,141086245,1,,13041,2014-12-08 17,,
79787742,362690588,1,,6054,2014-11-22 06,,
88336278,132247283,1,,552,2014-12-17 00,,
116720981,338816782,1,,989,2014-11-26 12,,
36673681,339445520,1,,5399,2014-12-15 11,,
116720981,310163839,1,,6344,2014-12-02 18,,
7881635,188707695,1,,5399,2014-11-25 10,,
116720981,35587780,3,,5271,2014-11-30 19,,
30701881,185702827,1,95ub4jv,10290,2014-12-13 14,,10290
114253675,344169008,1,,10920,2014-11-18 13,,10920
115121430,169336881,1,,5027,2014-12-09 19,,
133151533,225894240,1,,4097,2014-12-13 23,,
18785289,332567577,1,,8771,2014-12-18 06,,
18785289,186719139,1,mtobgnh,989,2014-11-26 18,,
123450171,395430370,1,,8877,2014-11-22 10,,
136062420,327523613,1,,7939,2014-12-14 15,,7939
50312387,126158586,1,,9559,2014-11-30 01,,
34453652,324686714,1,95l2a99,12368,2014-12-07 09,,
34453652,119039275,1,,9397,2014-11-21 23,,
21038500,350620200,2,96pl0r5,10894,2014-11-24 23,,
78044909,285614211,1,,5957,2014-11-22 23,,
29420856,302167883,1,96pkb2r,1508,2014-12-14 22,,
96843841,191140868,1,,1863,2014-12-12 12,,
103421620,103462152,1,,5944,2014-12-03 19,,
123867870,363347292,1,95q4mdd,362,2014-12-18 21,,362
139691381,125236030,1,,9569,2014-11-19 22,,9569
16676403,171885810,1,94dgp9b,11296,2014-12-12 20,,
98308778,263244669,1,,11158,2014-12-17 14,,
134358011,392598194,1,,13230,2014-11-21 23,,
46249710,265234806,1,,1083,2014-12-16 08,,
4579794,226542870,1,99ctkt2,13230,2014-12-02 14,,
69697214,345082731,1,,5894,2014-12-14 01,,
82302996,199676132,1,,13455,2014-12-03 09,,
94795739,11002234,1,,10460,2014-12-03 20,,10460
125871904,163629890,1,,13230,2014-12-01 00,,
100605176,102776056,1,,12889,2014-12-03 13,,
56830095,351351555,1,9466rdu,2788,2014-12-04 13,,
37780288,209175441,1,,9579,2014-11-30 20,,
12796196,183287356,1,,11335,2014-11-23 17,,
104790588,219325160,1,,5027,2014-11-30 16,,
88271974,114302126,1,94vpfts,3798,2014-12-13 20,,
94334641,226500974,1,,10523,2014-11-27 23,,
108168148,242501651,1,,11279,2014-12-10 18,,
129731705,102977666,1,95f740k,5399,2014-12-12 13,,
9860181,159722679,1,957qqi4,3064,2014-11-21 15,,3064
67819789,238652234,1,,1509,2014-11-28 21,,
9860181,379849334,1,957qpvm,3064,2014-11-25 12,,3064
81964332,61746339,1,,1863,2014-11-20 23,,
6861624,311726474,1,955l21m,5027,2014-12-09 14,,
101685919,206341811,1,9rbs2du,3472,2014-12-13 07,,
59691950,115204514,1,,13230,2014-12-04 22,,
54658244,58632567,1,956m43p,6748,2014-12-15 19,,
54658244,273068616,1,956m6q9,3099,2014-12-16 13,,
124875172,167064807,1,,11296,2014-12-02 22,,
142081324,316828044,1,,8771,2014-12-10 10,,
142081324,214523947,1,,3662,2014-12-17 06,,
85063972,145304282,1,,5894,2014-12-03 15,,
95237027,273141162,1,955j1f6,3064,2014-11-21 21,,3064
58134314,155085954,1,,11279,2014-11-20 12,,
10064430,7867952,1,,3798,2014-12-04 13,,
100854241,161055747,1,,3472,2014-11-24 16,,
102825286,49472338,1,,574,2014-11-24 01,,
99018543,24743222,1,,2825,2014-11-29 11,,
47109924,377793847,1,,11774,2014-11-29 15,,
99750042,368215414,1,,13926,2014-11-21 15,,
99750042,95593090,1,94ng9re,5399,2014-11-24 09,,
1030408,315094857,1,,7995,2014-11-23 09,,7995
99750042,164139750,1,94nemnc,5027,2014-11-23 22,,
105485068,182244768,1,9q1it7h,2923,2014-12-16 23,,
72288359,388998815,1,,12630,2014-11-21 19,,12630
128323172,248675375,1,95qqv59,9372,2014-11-27 20,,
128589059,329247098,1,,5689,2014-11-27 17,,
97464808,70268780,1,,5689,2014-12-10 23,,
13161427,165465428,1,,14079,2014-12-14 23,,
21696214,31142782,1,94p0hit,6058,2014-11-28 20,,
13745443,336618327,1,,2825,2014-12-15 20,,
71051585,146130397,2,,10894,2014-12-04 16,,
49844654,354619683,1,,2901,2014-12-16 20,,
34553782,72256349,1,mti1h2o,5894,2014-12-13 16,,
77945945,193185903,1,,2132,2014-11-27 12,,
63339028,116288529,1,,12388,2014-11-24 19,,
85336332,404271943,1,,552,2014-12-15 00,,
80954170,301393562,1,99ctj4t,4625,2014-11-25 19,,
80954170,353139274,1,99ctiq9,5686,2014-12-16 09,,
87234675,245801942,1,,13500,2014-11-29 13,,13500
80954170,180739846,1,99ctium,1863,2014-12-01 17,,
87942719,149653743,1,ffad4lk,3687,2014-11-30 20,,
59511789,23941866,1,,5732,2014-12-02 15,,
109687773,19018529,3,mtj035i,889,2014-11-28 16,,
120668928,323140451,1,,5027,2014-12-11 23,,
92954093,152974736,1,9qw9kd4,6513,2014-12-11 22,,
59511789,103051558,1,,2953,2014-11-21 00,,
10319860,121217040,1,,5653,2014-11-22 23,,
103673316,122805470,1,99ct2io,6000,2014-12-12 16,,
105069110,401513300,1,,6513,2014-12-06 22,,
59511789,105232571,1,,11307,2014-12-03 22,,
105069110,19844061,1,9rdjen2,5201,2014-11-29 10,,
106021995,350914002,1,9rf5caj,1361,2014-11-27 12,,
114008857,287253039,1,95lkjda,5395,2014-11-18 12,,
136374136,30591325,1,950p4kw,13338,2014-12-15 18,,
136374136,152153172,1,,2463,2014-12-09 11,,
141582467,295095795,1,95fijbb,5751,2014-12-06 23,,
78477282,206329009,1,9qpl774,12067,2014-12-14 09,,12067
62177780,301976954,1,,2631,2014-12-08 04,,
73424303,150632591,1,,12855,2014-11-30 22,,
6212208,200820747,1,9422sc0,3381,2014-12-09 22,,
15237890,355231933,1,,6417,2014-12-15 13,,6417
17907443,295068361,1,,13338,2014-11-23 00,,
135157689,257502136,1,,6513,2014-11-24 21,,
19146119,400123233,1,,4370,2014-12-11 21,,
93479181,192282729,1,,7582,2014-11-26 21,,
103664180,86157776,1,,232,2014-12-07 18,,
87658501,185112604,1,95ov3ve,13230,2014-11-26 14,,
62826060,32485749,1,,9517,2014-11-24 11,,
116936810,297917606,3,,4333,2014-12-12 00,,
10211498,262160636,1,,2883,2014-12-01 00,,
108879821,29067928,1,,5894,2014-12-02 16,,
109005178,35191254,1,955m3vg,5027,2014-12-08 21,,
132156365,375251418,3,,6255,2014-11-26 07,,
126143015,329330903,3,9r7k05p,2825,2014-12-11 23,,
121000755,311857215,1,97e9ni7,2825,2014-12-14 09,,
65143114,268111400,1,,5653,2014-12-11 21,,
136571906,176789639,1,,11552,2014-12-07 01,,
140397235,29293313,1,,176,2014-12-01 10,,
68342657,222262630,1,,11279,2014-11-19 23,,
68342657,24662926,1,,5271,2014-11-26 09,,
101437780,137190488,1,,13230,2014-11-24 19,,
139795059,271912524,1,,6700,2014-12-12 19,,6700
54187558,335148349,1,,8681,2014-12-05 18,,
49394233,400135811,1,,8212,2014-12-03 08,,
80443167,205646843,1,,6255,2014-12-18 21,,
86273519,319508488,1,,2730,2014-12-17 22,,
40137551,229804770,1,,3544,2014-12-07 12,,
40137551,62185891,1,,11552,2014-12-01 13,,
79678094,213488646,1,969uc7p,13216,2014-11-24 21,,
95064712,29649225,1,,10567,2014-12-07 20,,
104084848,269864635,1,95q2dhn,3783,2014-11-29 21,,
59214580,92871258,1,95q2lop,10392,2014-12-04 20,,
59214580,261745076,1,,6724,2014-12-06 15,,
138867561,231282936,1,,5399,2014-11-22 15,,
59214580,97137597,1,95q2lo0,6513,2014-12-16 14,,
56558948,342844993,1,,10392,2014-12-02 01,,
117694161,174738507,1,94cv7jh,6648,2014-12-01 20,,6648
136754847,355504023,1,,13230,2014-11-20 22,,
69766999,175256912,1,,4676,2014-11-23 12,,
50660286,95111371,1,99er1qs,8132,2014-12-02 14,,
71048860,344874949,1,,2993,2014-11-18 16,,
88815441,398790331,1,,10481,2014-11-19 10,,
88815441,251327529,1,96bp4ch,12189,2014-12-02 22,,
2742560,321441544,1,,5468,2014-11-22 15,,
57548588,161382542,1,,6331,2014-11-19 13,,
27090424,239702615,1,,5894,2014-11-23 14,,
6443596,319453398,1,,9517,2014-12-01 23,,
142051625,86135249,1,,3709,2014-11-27 21,,
74952849,79861853,1,99cjhd1,14079,2014-12-03 12,,
19831033,9646091,1,,11596,2014-12-17 04,,
10455102,383834388,1,,6648,2014-12-15 21,,6648
108810522,380129574,1,,332,2014-12-08 08,,332
68150938,389300846,1,,11652,2014-11-26 09,,
123062624,358922461,1,mtobarj,8990,2014-11-27 15,,8990
13213333,394785075,3,9rdmtmf,1442,2014-12-12 09,,
106634442,178791890,1,,8066,2014-11-19 06,,
20347929,253979736,1,,13230,2014-12-17 00,,
128997569,203097607,1,,1483,2014-12-03 21,,1483
24288984,208543463,1,,10643,2014-12-12 20,,
142120051,128111500,1,9q92dnu,3660,2014-12-01 22,,3660
24288984,135970955,1,9rnek70,1877,2014-12-12 15,,
16740912,348628910,1,9qp9v6m,4582,2014-11-27 19,,4582
37309352,286749412,1,,4510,2014-12-03 00,,4510
17757886,226520289,1,94f5wlf,6724,2014-12-13 09,,
131790847,200771698,2,,6513,2014-12-06 21,,
37309352,171682088,1,,6512,2014-12-12 00,,
141187200,3628360,1,,6000,2014-12-13 18,,
43794910,241622441,1,,13230,2014-12-15 00,,
25414648,145923985,1,96unoo7,11508,2014-11-23 11,,
79134636,18254676,3,,6513,2014-12-12 22,,
35324602,180415046,1,97esf7d,10894,2014-12-16 10,,
86785531,106518126,1,,9820,2014-11-21 08,,
6345483,214600714,1,,814,2014-12-02 23,,
6345483,351857715,1,,9261,2014-11-21 01,,
26857141,48706049,1,99222tw,6513,2014-11-20 14,,
75070176,345821878,1,,10392,2014-12-06 20,,
65162644,132378361,3,,10523,2014-12-10 23,,
9573620,358802809,1,,7582,2014-12-05 09,,
89931597,353674953,1,,3956,2014-12-13 19,,3956
103504610,223551187,1,,5027,2014-11-26 02,,
103504610,265299617,1,95rku6d,5689,2014-11-21 23,,
84340253,301605235,1,99aasev,2261,2014-11-26 14,,
89931825,120185043,1,,10785,2014-12-08 18,,
74086991,293148277,1,,7876,2014-12-08 12,,7876
112707614,329091589,1,,4370,2014-12-09 00,,
121083008,35153104,1,,9559,2014-11-22 19,,
126808944,156209578,1,,11821,2014-12-10 09,,
77802678,352761422,1,94g0ghb,5503,2014-11-27 23,,
60535085,74935024,1,95qqu2m,5894,2014-11-24 12,,
110522016,197810584,1,95w1rcw,5399,2014-12-16 13,,
74534491,220202818,1,99ctjrd,13515,2014-12-02 13,,
134928476,175136630,1,95riakr,7876,2014-12-13 13,,7876
139590290,268104501,1,,5399,2014-11-19 20,,
83369179,341664310,1,95q19gs,2993,2014-12-08 21,,
41705089,24028703,1,,12493,2014-12-10 21,,
64471307,310806072,1,94j9fia,5894,2014-11-23 19,,
68259655,6958877,1,,11482,2014-11-25 22,,
121000384,160670916,1,,10901,2014-12-12 23,,
83313393,283422795,1,,4210,2014-12-02 08,,
56462249,298949666,1,,5894,2014-11-22 17,,
25751195,169044565,1,,12261,2014-11-29 04,,
102649446,77278750,1,9qsf4ua,5145,2014-12-01 23,,
51013339,248236603,3,95ublwv,13374,2014-12-05 21,,13374
108129951,20938421,1,,10049,2014-11-18 17,,
5396057,51142542,1,,5689,2014-11-21 14,,
73278658,353441065,1,,5894,2014-12-18 18,,
131472598,397362652,1,,13230,2014-12-04 19,,
75819271,112541930,1,,5027,2014-11-18 09,,
93050081,225956708,1,,6512,2014-11-21 16,,
101256206,348520369,1,,9061,2014-12-06 09,,
101256206,51360903,1,,3064,2014-12-12 00,,3064
29511444,294434312,1,,6513,2014-12-05 15,,
63625417,210850326,2,,7957,2014-11-23 10,,
80563035,156819698,1,9reft17,4582,2014-11-30 22,,4582
62989173,403328219,1,96t7egq,9247,2014-11-24 16,,
96234838,197488747,1,9504eni,12170,2014-11-27 11,,12170
13872334,137660375,1,95rijjl,9130,2014-12-05 20,,
99059817,76140305,1,9557gno,7549,2014-12-17 19,,
20643274,65819637,1,94aoaql,1863,2014-11-29 14,,
27626311,143963016,1,,6344,2014-12-06 15,,
22393155,24592214,1,95q3ail,12569,2014-11-25 12,,
101305944,339540290,1,,5399,2014-11-23 20,,
22393155,327515623,1,95q3ajg,7694,2014-12-04 20,,
28373415,286993749,1,,5017,2014-11-23 09,,
73024133,86890389,1,,4264,2014-12-01 13,,
28373415,208151318,1,9r5f5pt,7811,2014-12-08 21,,
112171699,5135114,1,94h2q7k,11317,2014-11-19 08,,
112171699,99890751,1,,3958,2014-12-13 09,,
28373415,222126395,1,,10567,2014-11-19 15,,
83424956,221709948,1,ffev2ii,446,2014-11-27 21,,
61754447,361587084,1,,8586,2014-11-22 20,,
122338823,328203470,4,ffjf2ke,10533,2014-12-04 20,,
28975138,231497082,1,,12819,2014-12-01 04,,
40979555,380409455,1,,1797,2014-11-18 16,,
107765078,159040081,1,,5084,2014-12-04 11,,
109127316,250590292,3,,7957,2014-12-16 15,,
37711820,25792599,1,,5689,2014-12-01 21,,
26752434,358195534,1,956mib7,8095,2014-12-12 21,,
77139316,65228544,2,,11489,2014-11-20 07,,
28415553,371180581,1,mtobcne,9559,2014-11-21 20,,
38968501,126331703,1,,5878,2014-11-26 01,,
49646570,352526939,1,95u2skr,1863,2014-11-24 12,,
107857272,56145135,1,,3921,2014-12-15 12,,
47220515,150278475,1,,9614,2014-11-25 16,,9614
79062073,186711924,3,94fr11i,2513,2014-12-08 20,,
29383294,24516262,1,94a4ifu,6576,2014-12-13 20,,
29383294,321096279,1,94a4idi,6576,2014-12-13 20,,
109258006,126960828,1,,13230,2014-12-03 08,,
29383294,321157165,1,94a4ieo,1838,2014-12-13 21,,
54214799,173506451,1,,5399,2014-11-29 17,,
62360262,334435546,1,,436,2014-11-19 17,,
62478205,101196406,1,,11552,2014-11-25 09,,
45473276,311242107,1,956957n,1083,2014-11-18 09,,
100929958,392100169,1,94eaf6t,9820,2014-11-29 15,,
125912657,48181310,1,,3241,2014-12-14 23,,
82245480,273569519,1,9qw929q,5395,2014-12-07 14,,
89886681,20534109,1,97j6owo,13230,2014-12-17 22,,
89647768,390140058,1,95qt33a,5027,2014-12-10 20,,
135537004,402423162,1,,8291,2014-12-17 19,,
89647768,354832357,1,95qt3vg,3472,2014-11-28 18,,
11189891,383305821,1,,10894,2014-11-20 23,,
4346474,387306494,1,,9614,2014-12-12 21,,9614
6375695,71190025,1,9qv9eje,4640,2014-12-07 22,,
55257797,328916289,1,,6513,2014-12-16 19,,
55257797,349575560,1,,9247,2014-11-28 20,,
42743566,185549907,1,,5751,2014-12-15 20,,
42743566,4926138,1,,5271,2014-11-24 13,,
44683766,3450531,1,,7032,2014-11-27 20,,
65961855,177535248,1,,2513,2014-12-09 18,,
131231135,135281359,1,,7195,2014-11-22 00,,
71446393,155780990,4,,2048,2014-12-12 23,,
80345747,257657924,1,9qv9k1e,5689,2014-12-18 08,,
21217939,100783069,1,,6000,2014-12-05 01,,
112589064,137571523,1,,3687,2014-12-14 20,,
83389532,382411450,1,,1863,2014-12-16 05,,
88950524,262918689,1,94h6gsp,5689,2014-12-15 12,,
113285889,3040932,1,,14079,2014-12-08 04,,
64675604,360848762,2,,7079,2014-12-01 05,,
116223148,260441081,4,95u13ma,4869,2014-12-12 14,,4869
115802990,181642837,1,mt5fg9s,5503,2014-11-29 18,,
25142712,338392786,1,,6936,2014-12-07 09,,
117659423,132630644,1,,446,2014-12-08 22,,
16330947,337072722,1,,7957,2014-11-26 06,,
122443173,113016891,1,,5752,2014-11-21 10,,5752
83062037,389804893,1,,13189,2014-12-08 22,,
13034876,140807799,3,,2687,2014-12-05 21,,
28967361,50674732,1,,6541,2014-12-01 11,,
19277570,15383666,1,,4116,2014-12-04 12,,
132155086,292644973,1,,5993,2014-11-30 12,,5993
132155086,301591683,1,,4676,2014-12-01 19,,
86756157,350346629,1,,1488,2014-12-08 05,,
32432926,254946328,1,,6513,2014-12-03 23,,
17007569,153865521,1,,9829,2014-12-12 21,,9829
9774692,53188662,1,ffevrd4,5204,2014-12-08 14,,
92243806,401915395,1,,3879,2014-11-28 02,,
44806939,122760693,1,,1863,2014-12-17 13,,
111213707,286275692,1,,3475,2014-11-24 15,,
6303684,242610807,1,,4609,2014-11-18 20,,
75986489,88413908,1,94drwf7,12819,2014-11-20 10,,
130576689,4858107,1,9qpbqav,7957,2014-12-04 16,,
93471096,357342647,1,,11499,2014-12-02 01,,
7234861,134576321,1,,13754,2014-11-22 01,,
7234861,120463744,1,,7195,2014-12-15 12,,
139756567,333167438,2,949g5im,12388,2014-12-10 13,,
107874169,305541505,1,,13154,2014-12-11 11,,
26857882,302817156,1,,8796,2014-11-26 21,,
50721809,169159849,1,,13555,2014-12-01 18,,
64707730,358669611,1,,3947,2014-12-02 15,,
30717687,137993485,1,,5273,2014-12-16 00,,5273
66297767,282874490,1,mtob6r2,6209,2014-12-13 17,,
106342906,203694023,1,ffadqud,2774,2014-11-21 07,,
106342906,373755533,1,,12981,2014-11-30 19,,
97357434,150593843,1,94h6bea,8291,2014-11-26 16,,
36404374,179750650,1,,6054,2014-12-09 13,,
42986678,81254361,1,,9478,2014-12-05 00,,
83764719,371251117,1,95mqaue,2431,2014-12-13 10,,
71386658,198274577,1,,9516,2014-11-27 16,,
97795315,142967701,3,,5232,2014-11-30 06,,
2319819,63894659,1,,11241,2014-11-22 22,,
42208524,224724487,1,9579eqj,3747,2014-11-21 13,,
26123580,283082077,1,99chvgb,5232,2014-12-11 18,,
33852986,83993780,1,949f3u2,4753,2014-12-03 15,,
59654133,290207797,1,,13945,2014-11-26 19,,
45542148,325511059,1,,12569,2014-11-18 20,,
60330578,256523385,1,,6344,2014-12-02 14,,
46405869,136365512,1,943wqi6,4364,2014-12-15 09,,
63394949,254083957,1,,2953,2014-12-05 06,,
127698085,59879329,1,,6513,2014-12-01 20,,
127698085,399828825,1,950auwh,5894,2014-11-19 21,,
73245647,288404650,1,,5027,2014-12-12 20,,
136769457,369726545,1,,3662,2014-12-12 11,,
136769457,360612480,1,99cuqw6,9053,2014-12-15 17,,
85063376,398821719,1,,3879,2014-12-08 09,,
15957740,179304804,1,96knbct,12982,2014-12-09 11,,
88374425,166273978,1,,5689,2014-12-14 22,,
115343862,396573907,1,944lqic,5503,2014-12-15 14,,
25455279,101341277,2,,5894,2014-11-21 21,,
115078779,178196715,1,,7841,2014-11-21 05,,
52116816,167395590,1,,444,2014-12-10 01,,
11993970,340854349,1,99u47eb,4370,2014-12-05 08,,
11993970,170873902,1,,4435,2014-12-02 12,,
123848007,369889797,1,,8986,2014-11-25 19,,
24217106,177464638,1,9713q4r,11797,2014-12-14 21,,
24217106,336326294,1,9713q9e,292,2014-11-27 20,,
24217106,242674295,2,9713q74,5894,2014-12-03 10,,
130497558,287939596,1,,8040,2014-12-12 05,,
83570876,234122658,1,94fqm5e,10314,2014-12-08 16,,
35974755,349691756,1,,6697,2014-11-30 23,,
44193672,89161736,1,,11,2014-11-21 16,,
44193672,46530539,1,,5329,2014-12-08 16,,
59567091,249322189,1,9519pws,13028,2014-11-28 12,,
59567091,288631289,1,950toco,492,2014-11-30 16,,
59567091,18166613,1,950tobk,9753,2014-11-23 15,,
59567091,187560876,1,,4840,2014-12-11 22,,
63398160,209666804,2,,2825,2014-12-11 01,,
29791483,252856798,1,942dtiw,5027,2014-12-05 13,,
79243483,47687669,1,,437,2014-12-06 10,,
88811781,146920811,1,,6981,2014-11-20 12,,
90047532,34247424,1,,1483,2014-11-23 18,,1483
61925056,144179323,1,,5894,2014-12-12 12,,
117026591,25432873,1,,11508,2014-11-28 00,,
21023173,191125901,1,,11537,2014-11-26 23,,
131826831,88610386,1,,5899,2014-11-22 20,,
64309062,145465162,1,,1863,2014-12-02 09,,
25518563,305428658,1,tfvgafl,7917,2014-12-04 22,,
109647745,397908173,1,95bjt6m,11279,2014-12-17 08,,
96545886,27869598,1,,8010,2014-12-13 00,,
97175671,268611138,1,,5395,2014-11-28 14,,
75301293,120227766,1,,1810,2014-12-05 07,,
71142425,278176907,1,94j6td2,13230,2014-11-18 08,,
50960524,401251598,1,9rneeep,4844,2014-12-10 13,,
107351947,389627979,1,,9752,2014-12-07 00,,
15791958,197456873,1,94eb214,5127,2014-11-21 14,,
126690366,313867826,1,,3085,2014-12-01 19,,
72605828,115464680,1,94isb44,8874,2014-11-23 22,,
8596951,348623335,1,9h45keu,13230,2014-12-09 17,,
81901472,239493621,1,,9816,2014-12-07 09,,
29245673,393208760,1,,14079,2014-12-05 10,,
81608134,35126621,1,94ihhdo,7712,2014-12-10 22,,
117287549,136522469,1,ffe1ljf,9664,2014-11-23 21,,
37573814,6365261,1,9rgsu3v,12170,2014-11-25 23,,12170
93745270,111017441,1,,3064,2014-12-05 18,,3064
126399162,256266481,1,,3544,2014-12-12 20,,
101435898,355519518,1,9qkgjbi,13230,2014-12-09 18,,
40364499,374713615,1,,3925,2014-11-27 21,,3925
40364499,11494927,1,,7767,2014-12-07 04,,
119687214,358521583,1,,3067,2014-12-09 22,,3067
5358079,293340395,1,,9363,2014-12-06 06,,
115757977,169402360,1,97rcqw9,1863,2014-11-21 09,,
71223370,66622940,1,95qhmgp,2153,2014-11-25 16,,
79876720,205726110,1,9qsno69,4670,2014-12-04 21,,4670
87983348,67619325,1,99c1a2d,436,2014-12-17 08,,
2172795,96105205,1,95qq4ut,8129,2014-12-05 15,,
191366,246665036,1,mtkctnv,2261,2014-12-04 21,,
108266017,327514156,1,,12863,2014-11-27 21,,
124299878,205844255,1,,3660,2014-12-16 12,,3660
126157375,134681035,1,,11756,2014-11-20 08,,
86723232,14563782,1,,13230,2014-12-17 18,,
41564229,108967679,1,,3252,2014-11-21 18,,
65848846,389016728,1,,784,2014-12-04 10,,
61336461,308604747,1,,3940,2014-11-26 12,,
141604126,118491405,1,,4083,2014-12-08 13,,
16601904,223039352,1,,6648,2014-12-12 10,,6648
21185597,86108900,1,94lelg2,5894,2014-12-04 23,,
90333804,393096563,1,,10984,2014-11-21 06,,
67514411,261599183,1,9rgpq0u,7572,2014-12-03 14,,7572
130540064,23874457,1,,5027,2014-11-28 08,,
102923008,261543379,1,96abnvj,7955,2014-12-15 14,,
130540064,399601301,1,,5232,2014-11-28 13,,
67202688,230927564,1,,4116,2014-12-01 11,,
83974192,237258951,1,99nfsl2,5027,2014-11-26 21,,
30838173,341744638,1,,2825,2014-11-23 23,,
84247610,192375919,1,,5232,2014-11-21 02,,
107034437,85158215,1,954aorr,3770,2014-11-30 10,,
31190628,168745254,1,,13230,2014-12-08 23,,
47813095,142747101,1,,7618,2014-11-30 00,,
77306409,198414610,1,,3988,2014-12-02 08,,
119616442,260313287,1,,1863,2014-12-18 14,,
69953834,51560791,1,94eb03l,4370,2014-12-01 22,,
127377977,184531283,1,,3156,2014-11-23 09,,
69953834,128358603,1,94eb03r,3760,2014-11-27 20,,
69953834,213470336,1,94eb03a,3760,2014-12-16 18,,
136342745,22267861,1,942hotu,2825,2014-11-25 21,,
807106,100614025,4,,4276,2014-12-18 17,,
111768420,58511812,1,,10392,2014-11-22 13,,
111768420,45019983,1,,4116,2014-11-27 20,,
73462715,118234104,1,,10533,2014-12-16 09,,
122885474,326563988,3,,5399,2014-12-06 16,,
45796530,297997031,1,,11279,2014-11-22 12,,
134479240,177116120,3,95f6u4k,9820,2014-12-08 16,,
58812216,100498728,1,,8010,2014-12-18 17,,
86239261,172984360,1,,10567,2014-12-04 08,,
75292590,355652213,1,,1488,2014-12-06 12,,
72062153,6853775,1,,14079,2014-11-30 22,,
98664722,290475020,1,,2866,2014-11-26 14,,
113305568,48299394,1,94eb2o0,7957,2014-12-15 15,,
120088923,290962735,1,,5653,2014-11-19 08,,
108983810,257207031,1,muiol4k,12630,2014-12-13 15,,12630
134904941,9925729,1,,6054,2014-12-12 05,,
135402088,300413390,1,,5503,2014-11-25 02,,
19282406,339420526,1,94dstrd,5271,2014-12-17 21,,
126784328,77765214,1,946jq7r,889,2014-11-26 10,,
126784328,54457738,1,946jq1u,12345,2014-12-12 11,,
48677702,372723658,1,94gnqeo,6576,2014-11-27 09,,
66924694,14798598,1,9ram4qr,4245,2014-12-14 23,,4245
67898761,32547771,1,9rdjk5v,5399,2014-12-10 22,,
45487249,264728289,1,,5503,2014-11-20 16,,
52808446,183072149,1,94kkwff,3381,2014-12-09 19,,
139948662,275834051,1,,10544,2014-12-15 01,,10544
9652974,38148289,1,,6513,2014-12-11 11,,
116277143,382818552,1,9qv97og,9516,2014-12-07 20,,
125227357,299265242,1,,13500,2014-12-18 08,,13500
142060721,260824122,1,,9247,2014-12-06 01,,
3731463,132101244,1,954aage,5271,2014-11-30 18,,
5478302,67939689,1,94dddk9,3064,2014-12-07 22,,3064
82259162,389698475,1,,6513,2014-12-04 07,,
136482907,172259887,1,,5027,2014-12-17 22,,
93311801,392447157,1,,831,2014-12-09 23,,
632347,199918299,1,,7670,2014-11-27 13,,
20379505,384558610,1,,6513,2014-12-12 20,,
99795650,348969043,1,,3783,2014-12-15 04,,
104321764,329947787,1,95gtjtn,11552,2014-12-15 21,,
104321764,346743937,1,95gtjth,3381,2014-12-15 21,,
81322348,366141160,1,,2825,2014-12-06 14,,
49520808,33826485,1,,13547,2014-12-11 22,,13547
121306092,211629831,1,,9835,2014-12-18 16,,
81611585,35384661,1,97lntm2,9516,2014-11-24 09,,
121306092,57305761,2,,7957,2014-12-07 21,,
32019585,98783278,1,,11967,2014-11-22 22,,
140546553,56109999,1,,1962,2014-11-28 06,,
49512453,376841880,1,,11552,2014-11-21 10,,
28638001,267174197,1,94cp6en,9179,2014-12-09 19,,
71929773,295622935,1,,9516,2014-12-04 15,,
5315279,52833166,1,,5894,2014-12-17 16,,
5315279,197300543,3,,5232,2014-11-25 21,,
96495511,208371278,1,,10392,2014-11-28 23,,
5315279,289620851,1,,6000,2014-12-05 16,,
42851945,269183492,1,,2739,2014-11-19 14,,
70240139,273950288,1,99s4a0o,2825,2014-11-30 07,,
45921788,98619295,1,,12326,2014-12-15 10,,12326
60625397,260192332,1,,6648,2014-12-07 20,,6648
57097264,50619702,1,,6989,2014-12-05 13,,
60625397,320558976,1,,5027,2014-12-03 22,,
70240139,87152940,1,99s4kg2,6513,2014-11-24 10,,
71702944,70256320,1,,4195,2014-12-01 07,,
74856244,157070394,1,,5894,2014-12-13 04,,
76090844,17378734,1,9rawpfl,5689,2014-11-30 11,,
131538712,125554786,1,,3064,2014-11-24 23,,3064
131538712,134204997,1,9riueie,9363,2014-12-18 08,,
131538712,56914976,1,,10740,2014-12-16 18,,
124052343,125981649,1,94grow7,6512,2014-12-14 15,,
11552428,265828823,1,,14079,2014-11-24 06,,
131538712,264263315,1,,4116,2014-12-04 21,,
132308943,89830410,1,95wl9i4,1121,2014-12-12 23,,
142450275,113902143,1,9r59rhj,5503,2014-11-25 14,,
17552766,113373261,1,,1572,2014-12-03 19,,
40831109,233920140,1,967lveo,4584,2014-12-11 23,,
142450275,210776340,1,9r59rk6,5395,2014-12-12 20,,
25990178,351223544,1,95l2a63,7312,2014-11-18 21,,
49396813,222627353,1,,6513,2014-11-20 13,,
67540780,323277447,1,,10290,2014-12-06 01,,10290
64881151,339321500,1,,5232,2014-12-14 03,,
75712090,135952747,1,9623h5t,13230,2014-12-15 08,,
127429787,233675037,1,94gujen,9559,2014-12-07 18,,
131595891,373426593,1,,5376,2014-11-22 06,,
77443046,220155350,1,,10364,2014-12-09 23,,10364
77443046,331230789,1,,3798,2014-11-22 17,,
39283381,269615261,1,,5894,2014-11-20 22,,
8440456,381549666,1,,8161,2014-12-10 06,,
26145391,317393425,1,,10431,2014-11-19 00,,10431
29320594,109086931,1,9rg1m94,3252,2014-11-18 12,,
22962826,343469271,1,,6513,2014-11-18 00,,
9465624,30616607,1,,12170,2014-11-20 18,,12170
119121582,346363371,1,95qq4fw,10392,2014-12-07 21,,
122382368,400280057,1,,7329,2014-11-20 21,,
123995552,213725200,1,94j63f5,3544,2014-12-02 23,,
109714912,30594331,1,962e5sb,5232,2014-12-04 13,,
3694961,191209089,1,,4396,2014-12-17 15,,4396
37357777,392223685,1,,1863,2014-12-09 16,,
16423734,371337190,1,,7594,2014-12-18 22,,
37357777,131960957,1,,3424,2014-12-11 00,,
26764288,296389057,1,955mibu,10544,2014-12-17 14,,10544
47679514,71374006,1,,13334,2014-12-09 02,,
41938273,134597345,1,,4370,2014-12-09 12,,
62090894,210286370,1,,11914,2014-11-26 21,,
92822194,227258167,1,,5399,2014-12-02 22,,
88916048,266553166,1,,6513,2014-11-28 00,,
105732108,241863133,1,9qoj2hd,2949,2014-11-20 13,,
101256206,17014019,1,,3324,2014-11-23 17,,
120622810,186529089,1,957pgtg,11622,2014-12-16 21,,
122876959,381985340,1,ff1om1r,12067,2014-11-18 14,,12067
121456686,288055300,1,95qolvn,13230,2014-12-08 23,,
109928088,231161458,1,,9261,2014-11-19 08,,
136677136,346140270,1,,11140,2014-11-22 08,,
120983136,188867117,1,,4322,2014-11-30 18,,
125316855,287420288,1,,4370,2014-11-18 22,,
126317702,311781932,1,,2993,2014-12-09 14,,
32303347,2632743,1,,5232,2014-12-11 18,,
42819104,336964013,1,,10961,2014-11-23 10,,
19589004,195496413,1,94jrjn4,5444,2014-12-08 19,,
68187441,109825980,1,,3424,2014-11-23 01,,
130547450,6349545,1,,5699,2014-11-23 11,,
14982762,234730579,1,,1863,2014-11-30 19,,
13887814,80761452,1,,5689,2014-11-25 19,,
56539722,264438562,1,95uc1bc,6717,2014-11-23 18,,
2267344,145421016,1,,2825,2014-11-19 10,,
136482907,245926222,1,96sjoro,7606,2014-12-13 21,,
65143114,62995925,1,,8095,2014-12-01 14,,
35217215,335772855,1,,10894,2014-11-29 16,,
28373415,391317151,1,,436,2014-12-03 16,,
365699,255865080,1,9rg116v,11379,2014-12-13 23,,
82259162,147213593,1,,5894,2014-12-09 23,,
95088933,13663923,1,,5232,2014-11-23 23,,
29601369,119392495,1,,13263,2014-12-17 09,,
72749623,269719697,1,95rhckt,10392,2014-12-08 16,,
20379505,283997521,1,95ucijq,5894,2014-12-14 13,,
35699755,247677640,1,94hbq1q,10894,2014-12-04 18,,
33744583,224578127,1,,3662,2014-12-17 22,,
116730636,367431670,4,,10079,2014-12-17 11,,
82259162,289962173,1,,10392,2014-12-09 13,,
103595250,265831717,1,9r5ecq9,3798,2014-11-20 22,,
79253885,75201263,1,,2825,2014-11-24 00,,
104794506,1709572,1,95ipqbb,1863,2014-12-11 22,,
1091123,380090625,1,,3660,2014-12-06 14,,3660
68362875,247334052,1,,8479,2014-11-29 12,,
26125683,218250034,1,,2947,2014-11-28 22,,
73455580,170863924,1,,6884,2014-12-13 03,,
102930156,78787414,1,,7957,2014-12-01 23,,
89105765,138685272,1,95q70bs,11740,2014-12-06 20,,
88290400,280366192,1,,5153,2014-11-24 12,,5153
88290400,286962123,1,,10431,2014-12-12 00,,10431
93850991,316555476,1,94fwoha,8291,2014-12-03 21,,
121148690,204349606,1,94vg6kq,3472,2014-11-28 22,,
122129755,241048151,1,,9789,2014-11-18 16,,9789
103291357,119174196,1,,1843,2014-11-18 19,,
113875234,362231632,1,,10392,2014-11-22 16,,
109613455,231431405,4,,6344,2014-12-10 00,,
126054635,384768754,1,,11623,2014-12-06 17,,
140145748,331335049,1,951h0h4,2284,2014-11-19 23,,2284
132469710,173965670,1,,5689,2014-12-03 01,,
108129951,269637248,1,,5027,2014-11-23 10,,
85515812,112599020,1,943w4ws,12971,2014-11-18 20,,
16124265,69240257,1,99s917u,6513,2014-12-02 21,,
65438079,278401802,1,,11623,2014-12-02 08,,
22278371,169179530,1,,3064,2014-11-26 20,,3064
140040145,171431607,1,,5027,2014-11-22 07,,
140040145,57989188,1,99uiqdp,6717,2014-12-15 22,,
51435191,239072664,1,,2225,2014-12-13 17,,2225
140257001,8993991,1,,3687,2014-11-30 07,,
110205306,121749883,1,,9835,2014-12-02 20,,
140257001,101672377,1,,11623,2014-12-02 16,,
76568368,381896395,1,95u6cgf,10223,2014-12-09 22,,
140423268,286860244,1,,4533,2014-11-30 02,,4533
55975460,129471992,1,,11824,2014-12-06 18,,
66232679,350736328,2,,10392,2014-12-14 16,,
93080101,120917608,1,,10507,2014-11-22 22,,
69117671,30998008,1,,2825,2014-11-27 13,,
88865653,113577720,1,,3783,2014-11-23 12,,
73232978,144269878,1,,1477,2014-11-29 20,,
35773124,66010555,1,,11279,2014-11-21 22,,
123450171,231539364,1,ffa6wr1,5027,2014-12-04 10,,
75326382,143534083,1,,8179,2014-11-20 22,,8179
123450171,367647043,1,,10079,2014-11-22 19,,
75292590,355216991,1,,4269,2014-11-20 13,,
117523208,15702611,1,,5399,2014-11-22 20,,
75292590,96464592,1,,5395,2014-11-26 00,,
123450171,36832237,1,,7014,2014-11-26 14,,
74232355,282940469,1,9rgcb7q,5027,2014-11-30 15,,
121255158,28091618,1,,8043,2014-12-02 14,,
30578112,291230649,1,,363,2014-12-10 05,,
129072372,163375255,1,9rdm7bw,5201,2014-12-09 07,,
85053429,60244641,1,,1838,2014-12-01 12,,
118194231,390625061,1,,6344,2014-12-12 10,,
16446142,43617352,1,,13230,2014-12-02 22,,
61121803,268239862,2,,11279,2014-11-25 11,,
99383284,63699110,1,,13599,2014-12-15 20,,
113552018,130552254,1,,5027,2014-11-21 21,,
73135493,383998399,1,,11091,2014-12-12 02,,
113552018,74760419,1,,1863,2014-12-11 20,,
40788357,253883734,1,92siusu,2177,2014-11-20 19,,
38855741,108416031,1,,10392,2014-12-03 13,,
112186714,339966048,1,95qqt4b,4962,2014-11-24 10,,
68382361,178519668,1,,4670,2014-12-11 12,,4670
21140632,37300027,3,,3378,2014-11-28 23,,
51431196,31770816,1,,5894,2014-12-14 04,,
31446692,165526395,1,9qkgqmr,12855,2014-12-09 21,,
128519725,209009225,1,,5894,2014-11-27 23,,
128519725,236964587,1,,13230,2014-11-21 22,,
114377254,199538594,1,,10275,2014-11-20 00,,
60314888,284716366,1,,12913,2014-11-20 11,,
79134636,316676389,1,,4642,2014-12-13 19,,
124882030,121162694,1,956sg0a,5894,2014-12-08 16,,
13248817,300108667,1,,2883,2014-12-04 23,,
79134636,205502473,1,,13230,2014-12-06 03,,
79134636,148054189,1,,6513,2014-11-21 19,,
81542604,322949624,1,,414,2014-11-30 10,,
30933630,48681647,1,,9516,2014-12-01 17,,
115562846,311739747,1,96nw3dp,11279,2014-12-13 11,,
83974192,243583081,1,,9397,2014-11-20 02,,
74927354,164446304,1,94eb3p4,13326,2014-11-22 20,,
84247610,204674503,1,,9042,2014-11-24 00,,
88496472,270819746,1,,10984,2014-12-04 13,,
88496472,153761204,1,,8077,2014-12-12 17,,
39201973,323227058,1,993r72m,3500,2014-12-15 20,,
87182757,159037120,1,,6054,2014-11-26 21,,
40973276,367328946,1,,4370,2014-11-22 18,,
40759239,19036100,1,9q1javf,5399,2014-12-07 11,,
33448326,148782298,1,,11904,2014-11-22 16,,
3065306,163034481,1,9rg1t9t,10049,2014-12-17 16,,
77443046,330261356,1,97v0as7,11406,2014-12-16 17,,11406
83531230,6856228,1,,10120,2014-11-22 15,,10120
93970634,328331034,1,,6255,2014-11-20 22,,
63702010,74742407,1,,9516,2014-12-18 22,,
76732078,367102659,3,,1385,2014-12-15 21,,
34553782,253211825,2,mti1hv7,5503,2014-11-19 19,,
9648147,360119426,1,,12147,2014-12-13 13,,
4146900,246908165,1,,5894,2014-11-25 21,,
102011432,58032808,1,ffad6sb,8040,2014-11-26 07,,
28720302,166835716,1,,6513,2014-12-14 22,,
130572539,276611504,1,,8979,2014-12-11 21,,
70240139,151257156,1,99s4av4,1080,2014-11-29 07,,
141083736,303112102,1,94fqi7f,7971,2014-12-18 15,,7971
11053843,101059651,1,,6164,2014-11-27 08,,6164
70240139,266439310,1,,6513,2014-11-23 06,,
84167844,374258257,1,97q7u2w,10120,2014-11-20 07,,10120
59511789,360719210,1,,5503,2014-12-15 23,,
53406644,339571522,1,,5232,2014-12-06 19,,
57981025,204843048,1,,8877,2014-12-03 15,,
52256064,150535566,1,,1303,2014-12-15 10,,
57981025,364829258,1,,8986,2014-12-10 20,,
106416249,398540581,1,9ri91a3,12112,2014-12-03 23,,
8240912,375603680,1,,9559,2014-12-12 01,,
78477282,399089101,1,9qpl77s,3424,2014-12-16 22,,
122512765,376837154,1,,8291,2014-12-11 22,,
43991184,78517678,1,,10063,2014-11-27 16,,10063
105278727,251368588,1,,5232,2014-12-02 18,,
134233776,80943720,4,,10464,2014-12-10 11,,10464
56845243,173662971,1,,3275,2014-11-24 20,,
125293142,213235265,1,,11756,2014-12-01 12,,
67583520,34083858,1,96aotqf,5727,2014-12-06 13,,
84766191,39280010,1,,2993,2014-12-14 16,,
10535263,262867080,1,,13230,2014-12-02 11,,
13666087,90924083,1,,3472,2014-11-21 14,,
95471305,253619970,4,,10472,2014-11-23 23,,
7713477,68367295,1,99ngdma,5388,2014-12-10 15,,
48814012,193177452,1,9q1u99j,4584,2014-11-23 18,,
56892801,14112719,1,,9516,2014-12-15 01,,
84566857,230852338,1,,3628,2014-11-24 10,,
84566857,239621799,1,,11241,2014-11-19 14,,
119115304,122664936,1,,7350,2014-12-05 02,,7350
84566857,356874644,1,,2883,2014-11-30 19,,
67849399,128815609,1,,6977,2014-11-29 22,,
68210335,314141574,1,,6460,2014-11-22 18,,
75819271,345620611,1,,5027,2014-11-18 19,,
7585996,150287931,3,,3381,2014-11-26 21,,
15437545,10820216,1,,4239,2014-11-28 13,,
13861417,358507848,1,9p0kavv,3628,2014-11-19 15,,
16710779,52362532,1,94k4t9g,9444,2014-11-28 09,,
16911051,250488571,1,,11279,2014-12-11 00,,
27320888,404538384,1,,3544,2014-11-27 22,,
31207229,26318147,1,,6327,2014-12-10 22,,
44908934,271173630,1,,1990,2014-12-01 16,,
1985644,258241200,1,,4296,2014-12-04 23,,
84469189,10056014,1,,11797,2014-12-13 23,,
78571658,54662639,1,,13042,2014-11-30 14,,13042
98590273,35874879,1,,384,2014-11-19 22,,
58468151,214554070,1,,10015,2014-12-17 01,,10015
108810522,282253003,1,,9614,2014-12-08 02,,9614
85164456,64896834,1,,14079,2014-12-02 23,,
4742459,61755978,1,,13230,2014-11-28 20,,
87351790,371652585,1,,4269,2014-11-19 12,,
78309060,399581437,1,,12067,2014-11-21 21,,12067
41103398,315798223,1,,5027,2014-11-29 23,,
124291848,21799768,3,94n71fo,10533,2014-12-10 08,,
93221058,171417757,1,96knf73,13230,2014-11-22 13,,
97221179,289231895,1,,8967,2014-11-25 16,,
128197330,140052554,1,,8877,2014-11-22 01,,
66150030,187973140,1,,7033,2014-11-27 00,,7033
135803085,349746541,1,,6512,2014-12-16 10,,
72148706,356691148,1,970uhos,9179,2014-11-21 17,,
85169785,298510509,1,,10120,2014-12-11 00,,10120
124830295,221589727,1,9rf9wd2,1843,2014-12-15 17,,
34195604,308681302,3,,874,2014-12-18 18,,
131283302,201447187,1,,2825,2014-11-24 08,,
1604248,10611416,1,,1392,2014-12-10 01,,
1604248,137096203,1,,10734,2014-12-10 00,,10734
9524175,155292813,1,,3472,2014-12-09 10,,
63174613,102145045,1,,1509,2014-11-30 17,,
131283302,248994219,1,9r561qh,11279,2014-12-01 17,,
2097413,136931061,1,ffbphqv,5399,2014-12-01 20,,
117221482,299746690,1,,46,2014-11-29 12,,
52580712,321505855,1,,10351,2014-12-08 23,,
101857968,102824996,1,,8796,2014-11-30 11,,
117221482,30779919,1,,10582,2014-11-23 09,,10582
105836892,290186594,1,,5618,2014-12-05 19,,
137905112,175123260,1,99cthrt,5027,2014-12-01 16,,
44130547,228665231,1,,10544,2014-11-29 11,,10544
113025576,395059152,1,95ogca7,4584,2014-11-20 18,,
91729153,256042484,1,97rcsc3,10431,2014-12-03 18,,10431
2622091,106638252,1,,7985,2014-11-28 08,,
75225256,349003373,1,94m23gk,4605,2014-12-18 09,,
3709994,379753307,1,,13230,2014-11-25 20,,
124073716,17832492,1,,6267,2014-11-30 15,,
71422331,36444308,1,,11552,2014-12-01 12,,
113250631,288151093,1,,12964,2014-11-18 08,,
94428036,58205243,1,,5376,2014-11-30 19,,
131573117,142878053,1,,1863,2014-12-07 22,,
74086991,88139955,1,,2825,2014-11-27 00,,
129022531,310976029,1,,12375,2014-12-16 09,,12375
126665202,12300245,1,95ub5ed,1098,2014-12-15 17,,
20692433,66125160,1,,10753,2014-11-18 22,,
8197937,175240134,1,95f63dj,1969,2014-11-18 22,,
88090767,6609908,1,,9372,2014-11-26 03,,
23362360,70854222,1,9h03pns,6054,2014-11-18 10,,
70503301,45364517,1,,6512,2014-12-14 21,,
127917062,300951214,1,95st1af,10590,2014-12-12 22,,
62571710,149673901,1,,6287,2014-11-18 14,,
7612152,192631991,1,97kkf25,12147,2014-12-05 20,,
87642673,274740509,1,,14079,2014-11-27 20,,
100896290,230769807,1,,13404,2014-11-25 18,,
8443684,358333559,1,,3252,2014-12-04 00,,
96238328,249374398,1,,12406,2014-12-13 23,,
48920955,382559902,1,,6513,2014-12-18 11,,
41017872,379628889,1,,300,2014-11-26 11,,
41017872,73402300,1,,4676,2014-12-11 15,,
97390150,274590586,1,,4405,2014-12-03 08,,
130107482,385341013,1,,9614,2014-11-26 10,,9614
50759397,400456736,1,,5027,2014-12-02 22,,
90414084,16423277,1,,6000,2014-12-02 07,,
14157293,4251755,1,96kawho,1863,2014-11-21 21,,
14157293,321884951,1,,11279,2014-11-21 11,,
14157293,337669543,1,,9804,2014-11-26 10,,
28917650,368250082,1,,3321,2014-12-11 12,,3321
75874204,255073226,1,,6936,2014-12-05 22,,
35096341,195402964,1,9rnekm2,10984,2014-12-05 07,,
120450577,336023212,1,ffe1d7v,2610,2014-12-10 20,,
120450577,15959670,1,ffe1d7t,12553,2014-12-18 17,,12553
80481728,137454289,1,9rgbjp1,1863,2014-12-16 23,,
83832211,168773010,1,,10961,2014-12-11 20,,
70745586,293275771,1,,508,2014-11-27 21,,
128878698,21305150,1,,5908,2014-12-18 17,,
36964346,92978943,1,,12067,2014-12-05 22,,12067
6049053,259257724,1,,11552,2014-11-26 08,,
44193672,167628461,1,9rnq0tt,1863,2014-12-10 09,,
97951451,361156742,1,,5017,2014-12-01 19,,
97951451,120397189,1,,5395,2014-11-27 21,,
37426111,121376740,1,,5027,2014-11-26 22,,
13213333,257199259,1,,13080,2014-11-24 17,,
102139569,84775953,1,955mhj9,4949,2014-12-15 23,,
2183798,91000098,1,950spp1,6512,2014-11-20 16,,
21931159,343575993,1,,4593,2014-12-15 06,,
116720981,282687307,1,,13230,2014-11-25 19,,
35806116,84024898,1,,3472,2014-11-21 09,,
83851924,12739081,1,,9638,2014-11-24 02,,
43794910,29846921,1,,13230,2014-12-15 00,,
114352631,359216569,1,,5503,2014-11-18 14,,
76228001,15078647,1,9420p3s,5399,2014-12-10 14,,
1926899,38428693,1,,5468,2014-12-12 07,,
11551181,351765365,1,,232,2014-11-27 22,,
86839210,170121260,1,,5271,2014-12-07 00,,
45865960,81407055,1,99chh55,13230,2014-11-24 22,,
91504246,40538641,1,,6255,2014-11-18 19,,
91836183,65137195,1,9qo63ee,3682,2014-11-30 21,,
74163297,72221482,1,,5271,2014-12-18 21,,
9573620,249270318,1,95qcqac,7174,2014-12-13 15,,7174
98954277,339619876,1,,2993,2014-12-01 15,,
99117769,219706315,1,,2605,2014-12-17 08,,
78877674,204866264,1,94km35o,4370,2014-11-20 11,,
71778458,345191917,1,9r5f5kr,6295,2014-12-12 11,,
126205267,157427895,1,94g0g4p,1843,2014-12-09 23,,
56823809,145629019,1,99uif1w,4581,2014-12-10 16,,
96052795,375584070,1,,12067,2014-12-04 19,,12067
10309048,16217120,1,9t462tv,5399,2014-12-18 22,,
108704609,31395639,1,tmtp56s,5027,2014-12-18 14,,
40917728,331481764,1,97tm4ne,6754,2014-12-13 21,,
117961451,191890087,1,94atrpd,14079,2014-11-25 21,,
107376559,64301233,1,,13230,2014-12-01 14,,
133001287,327301798,1,,4759,2014-12-10 20,,
20264430,170617117,1,95upqg9,3064,2014-12-13 14,,3064
61269594,302717719,1,97iw767,5894,2014-12-10 17,,
19769406,303579369,1,,13619,2014-12-12 00,,
117006290,125399146,1,99cterk,11279,2014-12-14 23,,
120852545,107422132,1,95qovnn,7876,2014-11-24 15,,7876
120852545,87797315,1,,215,2014-12-15 01,,
11818955,378839196,1,,9746,2014-12-13 06,,
136795659,67818965,1,97tm4dq,9559,2014-12-13 20,,
139220719,222284926,1,,4722,2014-12-15 17,,4722
83062037,168840283,1,,9229,2014-12-15 07,,
15758254,242610509,1,,4370,2014-12-17 13,,
68150938,195202494,1,,5503,2014-11-20 13,,
68150938,385472430,1,ffad5g9,10961,2014-12-08 21,,
86756157,1798560,1,94nes00,11552,2014-11-30 08,,
32738038,97498362,1,,5689,2014-11-19 15,,
87603845,228760630,1,,1863,2014-12-18 14,,
87603845,206123629,1,,2839,2014-12-13 21,,
9774692,202558416,1,,5894,2014-12-07 09,,
9774692,88745372,1,,9516,2014-12-02 15,,
88076016,13648128,1,9qtqbao,3381,2014-12-10 09,,
111073682,178446166,1,970lhdj,7876,2014-12-15 19,,7876
111073682,313936084,1,,12067,2014-12-03 23,,12067
55207467,252927731,1,99ujiil,9516,2014-12-08 19,,
117674807,332119581,1,946up6l,725,2014-11-29 20,,
6478780,107762476,1,,11279,2014-11-28 02,,
113309982,340466793,1,,1564,2014-12-16 01,,
98133460,64702055,1,,3252,2014-12-18 01,,
82914173,17795626,1,,4898,2014-12-07 18,,
138977388,332012672,1,,7791,2014-12-17 17,,7791
138977388,262262278,1,,11824,2014-12-01 01,,
103412418,157105261,1,97u62mo,10223,2014-12-11 10,,
135488940,206094504,1,,12304,2014-12-03 21,,12304
23923497,156465514,1,,888,2014-12-16 16,,
102996286,64492779,1,,6417,2014-11-28 19,,6417
141891337,17719972,1,,10894,2014-11-19 12,,
139725346,7052882,1,99ac7kq,8877,2014-11-21 22,,
48236976,201990468,1,,5204,2014-12-02 13,,
139756567,76354742,1,,6209,2014-12-12 17,,
105105740,132998991,1,,2290,2014-11-26 22,,
134959857,52969027,1,,8291,2014-12-12 19,,
35721757,171177996,1,95wlqj4,13230,2014-11-21 07,,
86568201,175745100,1,,1863,2014-12-09 14,,
98245656,185124653,1,,10187,2014-12-05 17,,
127336259,1333970,1,,11981,2014-12-16 14,,
5137598,248357156,1,,169,2014-12-01 22,,
6018416,123654722,1,,7815,2014-11-22 22,,
29245673,95471961,1,,2825,2014-12-12 19,,
29245673,153630773,1,,3099,2014-11-22 10,,
78704357,160232953,1,,5395,2014-12-04 16,,
119653720,343655210,1,,3662,2014-12-08 17,,
104016986,305629358,1,,8095,2014-11-19 20,,
38711762,347678438,1,,3000,2014-12-04 22,,3000
80487881,276570217,1,,12488,2014-11-28 17,,
60238437,262362983,1,9r2skqk,11824,2014-12-04 07,,
61718224,182487,1,,2227,2014-11-27 03,,
11361547,238468719,1,,1863,2014-12-08 19,,
97255009,160411109,1,,10785,2014-12-13 07,,
52577851,107122136,3,,5894,2014-11-30 02,,
52577851,127015097,1,,9516,2014-12-05 17,,
78129838,103254401,1,,292,2014-11-18 15,,
10211498,299979791,1,99s4g6m,989,2014-12-09 19,,
11361547,357720886,1,94j70ct,6648,2014-11-25 18,,6648
69152893,204296112,1,,5894,2014-11-29 22,,
117327134,247084061,1,,5399,2014-12-06 20,,
105288851,78986131,4,,7549,2014-11-29 19,,
108070698,3162758,1,954kfdl,7350,2014-11-23 09,,7350
67028419,291688670,1,96vmu4b,5894,2014-12-11 15,,
137536017,74702357,1,,9276,2014-12-02 22,,
27399563,135398096,1,9pt26eq,9559,2014-12-02 20,,
35967863,359572925,3,,11808,2014-12-06 14,,
55749305,52356301,1,9rfiuml,4584,2014-11-19 14,,
59412514,346710219,1,955mvip,5204,2014-12-06 11,,
99775965,112599430,2,,7312,2014-12-16 20,,
57577068,268546047,1,950tn9e,10643,2014-11-22 22,,
60495861,214684878,1,99csd44,3892,2014-12-15 10,,
60495861,115090169,1,,881,2014-12-14 03,,
74507077,91289489,1,,2437,2014-11-29 01,,
100128093,395939135,1,,2883,2014-11-22 00,,
84698728,352883028,1,,8901,2014-12-01 10,,
82926069,74246460,1,,4573,2014-11-26 13,,
82575380,364173958,1,,8126,2014-12-09 19,,
116232438,292953096,1,96kal3b,5388,2014-11-29 23,,
8499333,332053303,1,,9412,2014-12-16 20,,
138643458,60097246,1,,3798,2014-11-23 20,,
127168253,85892177,1,,6576,2014-11-24 20,,
127168253,254741249,1,95qv6w6,7167,2014-12-14 20,,
131538712,403658199,3,9riuejj,1863,2014-12-17 11,,
106815559,344669455,1,,7720,2014-11-22 19,,
19399879,264623516,1,,6054,2014-12-13 13,,
131538712,21986039,1,,4116,2014-11-24 19,,
106815559,242303391,1,,13393,2014-12-18 19,,
37485293,151904362,1,942hoto,3252,2014-12-11 16,,
12428085,22677651,1,,8877,2014-11-22 20,,
1160607,9838467,1,,5503,2014-12-13 22,,
16916141,119975996,1,,5395,2014-12-06 20,,
21550476,133604729,1,94rliru,12762,2014-12-12 22,,
1160607,20269920,3,,2825,2014-12-01 18,,
45649071,288208129,1,,3156,2014-11-18 21,,
128108757,197232701,1,99cs0bu,10576,2014-12-02 22,,10576
25701566,88127741,1,,8095,2014-12-05 19,,
25701566,230576015,1,,12230,2014-11-20 15,,
87224584,145740197,1,,6513,2014-11-26 18,,
48836510,226808084,1,,8854,2014-11-24 22,,
25952339,47964370,1,,1863,2014-12-02 18,,
123157899,266897796,1,95of56t,9247,2014-12-16 20,,
45649071,369186868,1,,6045,2014-11-23 18,,
123848513,277074689,1,,2825,2014-12-07 21,,
34104714,46437738,1,99b4em5,8,2014-11-30 21,,
50169478,141086570,1,,4269,2014-12-18 08,,
66538937,76484184,1,97rcla6,5689,2014-12-05 12,,
63973702,26095998,1,,6513,2014-12-12 22,,
65645933,55315602,1,,5894,2014-12-03 03,,
126550215,295236739,1,,5944,2014-12-08 22,,
4361577,226189294,1,,18,2014-12-16 00,,
100968525,356656054,1,,1303,2014-12-12 18,,
16476024,224037270,1,,5271,2014-12-08 18,,
65645933,57903193,1,9t4qqgq,5894,2014-12-01 20,,
8205078,258152629,1,,3099,2014-11-21 13,,
83423107,290868000,1,,3064,2014-11-24 17,,3064
87409081,18463568,1,,9653,2014-12-15 07,,
87876065,392130166,1,95040pd,6000,2014-12-07 07,,
114995751,222839801,1,,12221,2014-12-17 19,,12221
12931864,111410002,1,ffaebhg,3381,2014-12-11 12,,
135731834,309141726,1,,4245,2014-12-10 16,,4245
88513390,180650429,1,,8771,2014-11-28 09,,
25306731,403768811,1,,3381,2014-12-11 20,,
26052997,376773764,3,96s63uo,5395,2014-11-21 23,,
58849452,164407927,1,,5399,2014-11-28 13,,
93784494,72356596,1,99bm40s,4642,2014-12-07 20,,
93784494,380527041,1,,11489,2014-12-01 16,,
97733928,88259890,1,,11241,2014-11-29 21,,
27839004,233661160,3,,1370,2014-12-09 11,,
109128473,173490878,1,,4296,2014-11-26 18,,
1257131,397931280,1,94deo5n,5809,2014-12-07 17,,
73196588,174273209,1,,6513,2014-11-29 13,,
14515063,214432967,1,,5653,2014-12-16 22,,
122169205,195763196,1,,13288,2014-12-07 22,,
14515063,179599573,4,,4190,2014-12-12 10,,
70517996,269784432,1,9qvprmv,8095,2014-12-04 20,,
77119566,330872722,1,,6255,2014-11-25 14,,
16590671,204169062,1,,8665,2014-11-26 22,,
32922636,332877452,1,9hm03sa,9412,2014-12-18 16,,
131472598,70885512,1,,5027,2014-11-28 19,,
132039263,110733428,1,,11279,2014-11-22 19,,
73196588,244787400,1,,3628,2014-11-19 09,,
132048401,239209331,1,,4370,2014-11-23 22,,
67268928,275301809,1,,7273,2014-12-07 14,,
36574688,53302741,1,,11771,2014-12-10 21,,
36574688,51421082,1,,630,2014-11-23 14,,
43250746,376910784,1,,7995,2014-11-22 23,,7995
101456770,291367861,1,95qcs0h,446,2014-12-18 13,,
73196588,224910924,1,,5438,2014-11-29 20,,
26857141,174223098,1,,6677,2014-12-03 21,,
65010632,275900875,1,,1308,2014-11-19 09,,
81633439,50791288,1,,3431,2014-11-18 04,,
138590516,394833831,1,,6576,2014-12-03 11,,
77528436,277782594,1,,1843,2014-12-15 13,,
139435539,124072153,1,,1863,2014-11-23 13,,
38782215,383348935,2,,13664,2014-12-14 11,,
25142712,182347393,1,,5232,2014-12-06 08,,
139435539,159694421,1,95qc0tm,2825,2014-11-21 17,,
521437,137673430,1,,11834,2014-11-30 15,,
9290733,1427518,1,,5232,2014-12-09 00,,
73024133,376902704,1,,3275,2014-12-15 15,,
137213849,144499941,1,,5894,2014-11-24 00,,
68259655,262626911,1,,2993,2014-11-23 09,,
68259655,199155136,1,,7582,2014-12-01 23,,
99750042,200818732,1,,5027,2014-11-30 15,,
107756063,126737489,1,,7312,2014-12-06 00,,
8388321,238976158,3,,6936,2014-12-05 13,,
116481997,219836634,1,,14041,2014-12-18 20,,
39427521,173764603,1,,11856,2014-11-23 15,,
4164359,42333709,1,,5395,2014-12-04 18,,
121939330,274930949,1,957bqes,292,2014-12-10 19,,
73042603,219766731,1,,5492,2014-12-01 22,,
53027024,96124833,1,ffad5jg,4264,2014-12-01 16,,
54691351,82062962,1,,3537,2014-12-18 20,,3537
12139270,175356310,4,99nei02,7606,2014-12-12 21,,
21743048,226335795,1,,5688,2014-11-18 03,,
132718416,393950429,1,,3628,2014-11-19 12,,
116836049,379602553,1,9569mch,11824,2014-12-13 21,,
124259296,255396314,1,94h6fwj,2883,2014-12-09 23,,
122822446,41785882,1,95st1f4,5027,2014-12-10 21,,
44041747,178586838,1,,12141,2014-11-22 22,,
85558599,205254909,1,,5176,2014-12-11 21,,
85558599,296437040,1,,5027,2014-11-22 22,,
64699430,50826375,1,,5894,2014-12-02 14,,
87104389,357678958,1,,11824,2014-11-28 20,,
134358011,387723303,1,,2825,2014-11-29 11,,
89931825,32188401,1,,10533,2014-12-10 23,,
59781337,271568610,1,,590,2014-12-17 23,,
46249710,303149375,3,,7831,2014-11-29 13,,
83307780,13748496,1,9506anb,4965,2014-11-30 16,,
61457956,198735238,1,,12512,2014-12-18 13,,
108287275,124912391,1,,2825,2014-11-20 22,,
90251602,356361194,1,,2648,2014-12-08 22,,
47551029,67377683,1,9pt2hjq,7957,2014-12-12 15,,
85271128,19480102,1,,12919,2014-11-25 21,,12919
85271128,289929001,1,,12973,2014-11-27 21,,
36886776,153803206,1,942uej5,5399,2014-11-30 19,,
85100350,12820412,1,,8685,2014-12-14 09,,8685
9219164,173163689,1,951hwwm,9247,2014-12-09 12,,
137850156,276075278,1,,11623,2014-12-05 15,,
136342745,401517439,1,,5204,2014-11-20 15,,
73202533,43673466,1,99cu5hb,6648,2014-12-15 18,,6648
81500257,90270827,1,946661l,10121,2014-12-10 16,,
92395241,392901059,1,,10659,2014-12-11 06,,
136342745,38322687,1,,12328,2014-11-22 11,,
94380011,389736851,1,,10271,2014-11-28 00,,
51059755,372918421,1,,1797,2014-12-02 22,,
101406137,120339152,1,990qrd1,5027,2014-11-25 12,,
112570004,254472022,1,,6936,2014-12-14 12,,
18391635,274569963,3,,3056,2014-12-08 09,,
102168278,65216401,1,,6504,2014-12-04 12,,
18781926,371702108,1,96s5bt4,8537,2014-11-28 12,,
104298835,305201909,1,97mh767,4329,2014-12-10 21,,
129731705,87910687,1,95f7401,10392,2014-12-14 20,,
116509312,73014483,1,95mhdid,7401,2014-11-21 18,,7401
21226209,386440429,1,,10979,2014-11-21 23,,
18781926,102319501,1,96s5bt5,7383,2014-12-16 19,,
18781926,132701207,3,96s5bsj,5232,2014-12-03 11,,
115121430,327923382,1,,5908,2014-12-10 18,,
124382480,235778187,1,,3673,2014-12-01 20,,
136009227,122146004,1,951ht1u,13926,2014-12-08 19,,
68358561,375484759,1,,242,2014-12-08 22,,
125193088,242405275,1,,4269,2014-12-05 23,,
74314315,6401139,3,,13939,2014-11-27 10,,
34318191,280960969,1,mti1ioj,8877,2014-12-11 11,,
24752182,164235864,1,,9412,2014-12-03 18,,
39248540,182066784,1,,6054,2014-12-07 15,,
6997005,187864672,1,9rg25lr,7572,2014-11-23 11,,7572
6997005,296420672,1,9rg25kn,3181,2014-11-26 23,,
36090137,168740328,1,,5430,2014-11-28 21,,
93639504,398065379,1,995meor,10507,2014-12-13 19,,
52660721,282881790,1,9ptpphr,4438,2014-11-29 22,,
58188922,14112644,1,,2453,2014-12-03 20,,
62024754,155486045,1,,1083,2014-11-25 22,,
62373202,381021988,1,,1518,2014-11-19 01,,
36233277,320623059,1,94ek6lk,12855,2014-12-14 08,,
133240213,285033666,1,,11991,2014-12-15 00,,11991
119500931,108216167,1,,3770,2014-12-01 21,,
100341858,137720668,1,94gnt4m,9053,2014-12-02 20,,
101250285,349332232,1,,5273,2014-12-10 14,,5273
33424560,161760468,1,tfvooos,6255,2014-11-18 20,,
36233277,273074198,1,94ek6kn,10624,2014-11-22 13,,
121593952,381053395,1,,11552,2014-12-02 23,,
132019582,122231601,1,,8792,2014-11-26 13,,8792
132019582,323198100,1,,1807,2014-12-11 11,,1807
44817147,244437092,3,,11327,2014-11-29 16,,
132233475,275432613,1,,3670,2014-12-07 00,,
51426415,390380801,3,,7957,2014-11-20 00,,
48793683,331827130,1,,6327,2014-11-27 19,,
2588780,253555260,1,946j6rg,437,2014-12-01 14,,
62989173,320503554,1,96t7egj,13230,2014-12-07 08,,
17048049,99427679,1,,4210,2014-12-04 14,,
79112468,146126951,1,,12621,2014-11-25 07,,
72419143,189585218,1,94132nv,10984,2014-12-01 21,,
31993013,13055617,1,,12630,2014-12-04 03,,12630
20243905,310915866,1,,5653,2014-11-19 22,,
63256758,115405435,1,9p0n66j,5399,2014-11-18 20,,
48897519,365365139,1,96nh6f3,5399,2014-12-17 16,,
75162717,57176510,1,95rinab,953,2014-12-02 21,,953
88815441,300979467,1,,2909,2014-12-18 22,,
55605483,12886307,1,,3673,2014-12-05 21,,
54658244,75582948,1,,3472,2014-12-01 20,,
54658244,42237651,1,,5399,2014-12-03 18,,
5938241,126368286,1,mtoaqvr,9517,2014-12-06 14,,
8249269,45877876,1,94ma5ip,12189,2014-11-24 16,,
867381,79659964,1,,8877,2014-11-19 11,,
99124479,248694717,3,,3424,2014-12-11 11,,
867381,156807107,1,,10533,2014-12-17 15,,
113078957,96581764,3,,155,2014-12-14 23,,
93687523,239333787,1,,5214,2014-12-15 21,,
77374787,336123235,1,,1863,2014-12-07 12,,
112628188,209891343,1,,9598,2014-12-01 07,,
118433993,315898321,1,,11279,2014-12-18 09,,
36751669,330840637,1,9h9t6pd,10364,2014-12-16 20,,10364
119084219,208573428,1,,9517,2014-12-13 09,,
13522124,153556503,1,9mr35it,6054,2014-11-23 14,,
58581609,37702780,1,,6513,2014-12-17 22,,
58581609,172751238,1,,6054,2014-12-16 22,,
49371675,311389844,1,,5689,2014-11-19 08,,
17343043,167009111,1,99ck92b,874,2014-11-30 20,,
122151307,20270647,1,,5027,2014-12-07 20,,
80283819,37273294,1,,2261,2014-12-08 14,,
29776188,56489946,1,,8291,2014-11-27 08,,
52895098,94524336,1,96b779f,10894,2014-12-13 20,,
99721088,116272131,1,,1863,2014-11-18 06,,
125313573,307738358,1,,13807,2014-12-08 17,,
51602649,10333673,1,,3798,2014-11-30 00,,
58156669,176963325,1,,3628,2014-12-10 15,,
87526438,77558382,1,9snowd3,9833,2014-12-07 22,,
63398160,169126030,1,,1863,2014-11-20 17,,
73746330,164983298,1,,9559,2014-12-08 16,,
19277570,302568075,2,,1519,2014-12-06 02,,
122474803,37567478,1,9rdmuwf,3628,2014-11-24 23,,
114351223,78669383,1,9pts0g0,7573,2014-12-11 10,,
114351223,320547856,1,,894,2014-12-05 17,,
23218973,86523690,1,,7350,2014-12-01 17,,7350
138387712,242491379,1,,5027,2014-12-03 10,,
83583566,372959611,1,,10223,2014-12-09 18,,
142120051,176855205,1,9q92dn1,9516,2014-12-09 19,,
36497409,26410135,1,,2825,2014-12-01 21,,
106863941,245999927,1,,11537,2014-12-08 18,,
139059745,187210190,1,95quwa7,9205,2014-12-12 11,,9205
21505975,288019836,1,,11824,2014-12-06 21,,
26012948,233171228,1,,13761,2014-12-10 09,,
16740912,167759810,1,9qp9vqm,10533,2014-12-02 10,,
40459733,273153431,1,,10049,2014-11-18 19,,
124719016,9393451,1,,11552,2014-12-16 21,,
25040950,70973157,1,9qtc1m9,3381,2014-12-10 16,,
82335494,369353247,1,95vm9t7,13230,2014-12-06 19,,
96838576,244993806,1,,5894,2014-12-11 06,,
3945782,221075120,1,,1166,2014-12-04 19,,
96838576,126703523,1,,6513,2014-12-08 21,,
56205838,97917155,1,,4999,2014-12-12 09,,
76292653,315703445,1,95wjdss,13323,2014-12-12 22,,
43051852,251117589,1,9qv6rdk,5894,2014-11-24 20,,
33649704,91834100,1,,6194,2014-12-07 01,,
112747648,88491962,1,,6513,2014-12-16 10,,
59127538,49095722,1,,7951,2014-12-16 05,,7951
138867561,62883316,1,9qpjc4l,9516,2014-12-18 10,,
138867561,71636804,1,,10894,2014-11-22 20,,
124614349,396469358,1,,9516,2014-12-01 16,,
53451276,116748203,1,,10961,2014-12-08 01,,
130457432,99886536,1,,7767,2014-12-12 21,,
68784328,253050744,1,,8879,2014-12-07 14,,
68784328,171364941,1,,9397,2014-12-11 14,,
41138904,292636831,3,,11552,2014-12-11 06,,
23376907,102826324,1,,4370,2014-11-20 16,,
51492142,353903937,1,95ip6ru,10894,2014-12-12 13,,
29611751,354611767,1,96havvg,3099,2014-12-06 21,,
47693061,395956864,1,,8291,2014-11-30 13,,
36673681,69795136,1,,1838,2014-11-22 15,,
91222505,394299145,1,956m1dr,5388,2014-12-15 22,,
10980798,285720627,1,,10037,2014-11-24 09,,
91222505,349448974,1,956m1ew,730,2014-12-13 21,,
53797092,210879754,1,,5894,2014-12-01 11,,
10319860,148180575,2,,1863,2014-12-14 17,,
81245680,16815681,1,,9397,2014-12-02 23,,
3671520,147369124,1,,13963,2014-12-14 20,,
138505346,31032908,1,,5894,2014-12-14 23,,
96892957,77052331,1,,4076,2014-12-10 18,,
105310641,329512930,1,,3252,2014-11-24 17,,
99480990,121438994,1,,5399,2014-11-19 12,,
118716181,229325391,1,,6630,2014-11-26 19,,6630
16676403,168498176,3,,9516,2014-11-22 16,,
16676403,402727535,1,,7103,2014-11-30 22,,
82389748,159660697,1,,8560,2014-12-05 04,,
117643320,113153774,1,,8874,2014-12-06 09,,
140409125,350654852,1,94dscnf,10392,2014-12-11 22,,
64152450,330349457,1,,2631,2014-11-29 11,,
68249522,386004152,1,,6513,2014-11-18 14,,
56830095,174444946,1,946653b,2883,2014-12-07 15,,
56830095,323588813,1,,5388,2014-11-22 21,,
79927411,321610272,1,,3673,2014-12-06 00,,
45360868,180984496,1,,3070,2014-11-28 17,,
84307337,386125200,1,94alra2,6518,2014-12-11 20,,
5057199,269648334,1,,2413,2014-11-24 15,,
5950556,273472869,1,95wqgvu,4817,2014-12-16 12,,
65856500,4043585,1,,2754,2014-12-18 12,,
65856500,302256354,3,,3628,2014-12-10 01,,
37120790,102626678,1,,8291,2014-12-09 22,,
40226923,261639731,1,,10533,2014-12-18 20,,
57857118,330719725,1,,13381,2014-12-05 21,,
73918597,135581708,1,9rdmubg,13230,2014-11-18 23,,
74752035,103177732,1,,10286,2014-12-05 00,,
81964332,174595847,1,,5027,2014-11-21 17,,
89346491,97770568,1,9rdmvk4,4370,2014-12-11 23,,
57949136,24662269,1,9rnagjb,5894,2014-12-03 21,,
127619887,88397507,1,99am0lr,4210,2014-11-19 11,,
109716139,50436350,1,95mbk2s,10392,2014-12-13 18,,
57949136,96404307,1,,2993,2014-11-23 19,,
73574022,79664771,1,9rg3au5,11497,2014-12-11 10,,11497
13834060,252117013,3,9q1otm2,1863,2014-11-29 21,,
59114937,89200977,1,9517se5,12569,2014-12-16 19,,
91090440,218864567,1,,2298,2014-11-26 23,,
116049086,177572880,1,,10789,2014-12-07 18,,
61596634,57920301,1,,1370,2014-12-14 19,,
101435898,392456055,1,,1083,2014-12-04 00,,
20786149,316428189,1,,10703,2014-11-23 01,,
53552500,134756087,1,,10984,2014-11-29 16,,
20786149,277796537,1,mtj1psm,1488,2014-12-11 08,,
54660744,179247737,1,9h9tq2v,9179,2014-12-17 18,,
128135959,323613811,1,,5894,2014-12-03 17,,
20786149,112445516,1,mtj146o,3381,2014-12-13 16,,
20786149,277642741,1,mtj19do,9659,2014-12-01 08,,
114121871,150192476,1,,2683,2014-12-04 21,,2683
114121871,130354273,1,,2953,2014-11-26 22,,
69174349,1140324,1,mtlivof,10533,2014-11-25 20,,
4110672,239275211,1,,14079,2014-11-19 11,,
33359405,346707257,1,,11552,2014-11-23 23,,
61739067,304050094,1,,11241,2014-12-14 15,,
65848846,156494035,2,,7573,2014-11-20 22,,
5466222,186761445,1,,4869,2014-12-11 11,,4869
65704391,57585542,1,ffe1frc,6754,2014-12-07 10,,
24313362,245479013,1,,5689,2014-11-22 21,,
25994909,154016887,1,944cplo,345,2014-12-06 08,,
62073731,97728812,1,97v02sj,10481,2014-12-18 22,,
73049202,234594739,1,,6346,2014-12-11 15,,6346
46445715,312972665,1,,11406,2014-11-21 01,,11406
116101597,77362841,1,,1843,2014-11-20 23,,
116101597,285055357,1,,5894,2014-12-06 00,,
116101597,169838630,1,,5894,2014-11-23 19,,
116101597,243390076,1,,1863,2014-11-19 21,,
95118455,32924931,1,,1863,2014-12-05 15,,
82926163,58256090,2,9qv9n46,11824,2014-12-17 18,,
82926163,278154018,1,9qv9hmv,11824,2014-12-10 19,,
138137472,154749191,1,94cq50a,3846,2014-12-11 17,,3846
13403684,14752136,1,9pupla1,12294,2014-12-12 12,,
93281824,102517847,3,,5340,2014-12-16 23,,
19858379,180777420,1,95qu23n,675,2014-12-17 10,,
66592633,360311780,1,,10875,2014-12-12 20,,
130265990,32021408,1,,2479,2014-12-18 01,,
94637132,162505485,1,9r7db1i,3544,2014-12-03 21,,
112470845,348228291,2,,7957,2014-11-30 14,,
67168345,333497614,1,,5127,2014-12-15 08,,
136220191,77814868,1,,11925,2014-11-20 14,,
3694961,29047946,1,9rdm36b,8469,2014-11-25 20,,
42743566,317718017,2,,5271,2014-11-22 19,,
69678635,283748002,1,,6717,2014-11-21 13,,
130270245,69455651,1,,5894,2014-12-07 01,,
86711898,292935838,1,,3381,2014-12-07 18,,
86711898,91613107,1,9qvq6ks,6000,2014-11-28 19,,
103610059,222425563,1,,12863,2014-12-17 22,,
86711898,195554643,1,9qvq6ht,6000,2014-12-12 16,,
103610059,220207006,1,94qbfrc,2950,2014-12-06 21,,
130270245,218581531,1,95lk26d,1870,2014-12-16 18,,
97425189,45146072,1,,11914,2014-12-09 20,,
41938273,1729068,1,9h0tsgd,5894,2014-12-09 13,,
87385056,270027491,1,,4097,2014-11-28 23,,
110033398,110607460,1,,3381,2014-12-18 13,,
108912700,27912171,1,,6512,2014-12-01 19,,
53245132,213628887,1,9rf449g,12538,2014-12-02 18,,12538
9639120,254085986,3,97r4oa7,5749,2014-12-10 20,,
142265405,362630077,1,954bv2h,3321,2014-11-18 21,,3321
99651145,98580129,1,,5271,2014-11-25 21,,
117274933,257966337,1,95bo0pn,13230,2014-12-10 10,,
88916048,60377910,2,,4954,2014-11-24 22,,
135481793,12490475,1,,2605,2014-12-10 13,,
48377656,183067858,1,,6000,2014-12-11 16,,
33797179,36901250,1,,11650,2014-12-07 14,,
126721630,401051310,1,,10431,2014-11-19 14,,10431
15957740,339181999,1,96knbae,3628,2014-12-08 17,,
33797179,183108145,1,,12569,2014-12-01 00,,
33797179,343977187,1,,6977,2014-12-06 14,,
23316310,206792535,1,94i0wsu,11489,2014-11-26 10,,
78898649,47588242,1,9rgu5u7,4254,2014-12-01 14,,
37711820,52941214,1,,5027,2014-11-22 23,,
101305944,360192721,1,,5388,2014-12-05 12,,
74242982,50699884,1,,7606,2014-12-07 12,,
60879635,211459298,1,,10740,2014-12-07 22,,
83570876,379298754,2,,5689,2014-11-27 12,,
78331026,178427106,1,,1863,2014-11-25 23,,
83570876,255708467,1,,5027,2014-12-09 11,,
6442389,328725572,1,,3381,2014-12-16 02,,
69389641,343025016,1,,13179,2014-12-09 21,,
88211444,139510153,1,95qqk5w,13308,2014-12-07 10,,13308
14444168,341770613,1,,12488,2014-11-24 19,,
20356708,261826659,1,9re3btp,5894,2014-12-05 15,,
141453769,81740370,1,,3656,2014-11-24 13,,
69251001,39964362,1,,7239,2014-11-23 03,,7239
76845781,68562696,1,,150,2014-11-25 01,,150
27927595,251945942,3,9r7oq7g,9247,2014-12-16 23,,
129878874,64335984,1,,1441,2014-12-04 17,,
34891822,171790713,1,,200,2014-11-26 12,,
88120786,338747702,1,,1863,2014-12-03 23,,
135537004,231098336,1,,5894,2014-11-29 16,,
35745255,245863139,1,,10314,2014-11-27 00,,
46231195,165864805,1,94oilg1,3662,2014-12-02 19,,
140662618,385796720,1,9h9tmdp,8901,2014-12-11 22,,
15511710,341611397,3,9623vqq,1863,2014-12-13 09,,
140735769,191964361,1,94a5cqh,6209,2014-11-19 21,,
140662618,179481339,1,,4676,2014-11-21 02,,
80954170,63523336,1,,10314,2014-11-29 02,,
10706095,371061563,1,,6461,2014-12-02 20,,
62360262,377169109,1,,1863,2014-12-05 00,,
62360262,96485067,1,,13230,2014-12-03 22,,
8917150,276207347,1,,1863,2014-12-11 22,,
8917150,388436566,1,,3783,2014-12-03 23,,
22779974,260077171,1,,4116,2014-11-23 00,,
98440358,223156123,1,,3628,2014-11-18 18,,
132579775,34953953,1,,2825,2014-12-06 15,,
50764909,264838202,1,9504d0n,12569,2014-11-25 15,,
117659143,24522330,1,,13447,2014-12-04 03,,
117659143,393009096,1,96kngd2,6054,2014-11-25 20,,
115374435,46400249,1,,5273,2014-12-11 23,,5273
33245877,211399877,1,,12488,2014-12-12 03,,
17816597,192357424,1,96ew4jr,5027,2014-11-24 17,,
116259421,105139289,1,,5027,2014-12-07 02,,
75821100,3196310,1,,3064,2014-12-12 01,,3064
17816597,15775756,1,96ew9gi,4370,2014-11-29 17,,
814199,64587171,1,,8877,2014-12-11 21,,
43491458,197581121,1,,1852,2014-12-11 21,,
138843810,213948082,1,,6054,2014-11-22 01,,
84894979,177305526,1,,1863,2014-11-30 13,,
142081324,12014151,1,952p6d7,5027,2014-12-11 23,,
29656912,203629929,1,,11279,2014-12-15 18,,
99418963,165751935,1,95wig92,2129,2014-11-25 15,,
32198657,209253869,1,,10894,2014-12-06 19,,
82857884,20217813,3,,12685,2014-12-18 23,,
95885873,158393245,1,9qq36jt,11304,2014-12-08 23,,
122129618,397087836,1,95ll45n,11774,2014-12-09 21,,
72510586,162142853,1,9rnw6fo,5399,2014-12-14 12,,
95885873,62782854,1,,10901,2014-12-12 04,,
114256023,224772177,1,955ln5v,2825,2014-12-09 18,,
124600027,297624072,1,,8765,2014-11-18 15,,
135955934,87453497,1,,12090,2014-11-23 19,,12090
135955934,33446286,1,9rre215,3673,2014-12-13 16,,
142128942,321043744,3,,6717,2014-12-05 15,,
17216075,221713154,4,,363,2014-12-17 11,,
21562611,182922173,3,,2040,2014-11-28 01,,
59791208,134212428,1,,14061,2014-12-05 22,,
137970629,187085215,1,95ribrv,3783,2014-12-18 15,,
54423533,333176505,1,,7955,2014-12-14 20,,
2536588,199605413,1,,11776,2014-12-09 08,,
54423533,305962644,1,95upqg6,11279,2014-12-11 18,,
3016266,247012988,1,,1863,2014-12-08 10,,
69599332,103236790,1,95ricrp,11279,2014-12-18 10,,
69599332,70974057,1,95ricwj,14079,2014-12-03 15,,
37671999,15796965,1,95qurmm,5395,2014-12-15 14,,
41286340,28406469,1,,10481,2014-12-13 20,,
37671999,3606520,1,95qurjf,12309,2014-11-19 11,,
88504838,210348342,1,,13230,2014-12-06 22,,
37671999,244074988,1,95qurmg,2825,2014-11-24 13,,
37671999,374902363,1,95qu604,437,2014-12-12 21,,
128733919,249979195,1,,5550,2014-12-15 22,,
7234861,168775976,1,9rgqtne,782,2014-11-25 12,,
7234861,215492302,1,,7957,2014-11-20 17,,
22441068,258211623,1,,1863,2014-11-25 20,,
63625417,331541221,2,,5399,2014-11-23 10,,
40364499,130601359,1,,12311,2014-11-26 22,,
122889226,197602208,1,9410w6i,3658,2014-12-16 23,,
29710830,191364269,1,9pts1i9,5894,2014-11-23 17,,
40431183,45013939,1,,2993,2014-11-23 10,,
133838164,165272113,1,962g67t,13846,2014-12-10 22,,
83334493,175627215,1,9rm17c5,4640,2014-12-12 20,,
109258006,103277406,1,,10265,2014-11-23 00,,
129288665,19577199,1,,3673,2014-12-18 22,,
95301715,124796076,1,,6513,2014-12-15 10,,
100637858,53741519,1,ff7jpuv,5894,2014-12-09 08,,
125912657,152331868,1,,6513,2014-11-23 22,,
110883373,286432692,1,,14079,2014-11-30 12,,
113396592,82505330,1,,1990,2014-11-30 22,,
54725247,71990012,1,,1396,2014-12-01 23,,
120560904,199321154,1,,5399,2014-11-18 18,,
83928316,290984754,1,,5689,2014-11-29 07,,
110883373,330369962,1,,11925,2014-12-18 10,,
82302996,308878788,1,,5232,2014-12-11 22,,
133665536,26755077,1,,9790,2014-11-28 22,,
110883373,152413314,1,,6000,2014-12-10 01,,
133665536,34690478,3,95dcu4v,3381,2014-12-16 20,,
116264632,68015441,1,9541usg,1871,2014-12-08 18,,
84916776,330469986,1,9rfhgbh,12189,2014-12-15 22,,
65961855,66029978,1,,5232,2014-12-13 19,,
18883390,165236507,1,,4370,2014-12-11 20,,
44479518,147975216,1,,1559,2014-12-12 21,,
104597620,121586499,1,,3111,2014-12-06 21,,
28086954,178216301,1,mtduh63,11652,2014-12-07 10,,
28086954,229793265,1,,4111,2014-11-22 21,,
87086124,329802824,1,mtj15ik,1741,2014-12-12 12,,
87475354,300645988,1,,11925,2014-12-04 19,,
112128042,55266459,1,,94,2014-11-18 12,,94
129860246,242911733,1,mtj02o7,881,2014-12-05 22,,
397142,77255806,1,,9847,2014-12-01 21,,
60032762,33357212,1,,5894,2014-12-06 22,,
142060721,93907873,1,,1797,2014-12-12 17,,
134058935,157145183,1,99cto4r,6344,2014-11-24 17,,
21400875,169542402,1,,1949,2014-11-30 14,,
93774837,305178068,1,9rf7sgo,2334,2014-11-24 09,,2334
82008226,322376317,1,944lrh1,9517,2014-12-12 19,,
4120881,329880705,1,,12630,2014-12-10 16,,12630
36764652,9345903,1,,940,2014-11-28 04,,
15494311,384509219,1,,11321,2014-11-27 04,,
100112744,242531508,2,,1477,2014-11-20 09,,
111325865,100088754,1,,13230,2014-11-23 23,,
115834991,21547741,1,94refcn,12630,2014-12-13 08,,12630
114734197,378197175,1,,6344,2014-12-14 21,,
108546559,134713461,1,,4640,2014-12-05 12,,
118911721,301067362,1,99s9v4c,11091,2014-12-13 16,,
78068981,137794915,1,95q706r,8771,2014-12-11 23,,
132231447,132283520,1,,9552,2014-12-05 21,,
125255404,1082237,1,9p3gih3,7174,2014-11-25 16,,7174
102244291,68930767,1,,13727,2014-12-02 11,,
12297890,360262453,1,95qpufj,3064,2014-12-17 20,,3064
109529376,255627783,1,,3892,2014-12-07 16,,
25544044,106957593,1,,9559,2014-12-11 22,,
83269367,253432058,1,9hq4kfe,9086,2014-12-18 23,,9086
121528560,52170652,1,9hq4dk5,6513,2014-12-05 15,,
121528560,183169489,1,,5894,2014-11-25 00,,
17061090,34609708,1,,3628,2014-12-12 00,,
124269975,61226691,1,,8872,2014-12-17 15,,
21357495,352382757,1,,13265,2014-12-14 09,,
47548482,324059569,1,95unfuq,12859,2014-11-28 19,,
86017186,49665685,1,,220,2014-11-24 20,,
86017186,43535138,1,,9899,2014-12-13 12,,
103750164,114542728,1,94deo6k,10072,2014-12-12 15,,
31190628,273132825,1,950sgvk,5894,2014-12-11 23,,
20849275,232742441,1,,1838,2014-12-17 20,,
120443445,162784981,1,,6327,2014-12-04 16,,
47813095,39781762,1,,2255,2014-12-04 11,,
122036580,159379461,1,,11824,2014-12-15 01,,
110374516,270765064,1,,1863,2014-12-10 15,,
124633651,337614784,1,,3783,2014-11-27 01,,
15777503,167033667,1,,3783,2014-12-02 13,,
123842164,80641656,1,,5894,2014-12-06 01,,
37208119,261651393,1,,5027,2014-12-15 14,,
39454183,37424252,1,,10894,2014-11-25 15,,
43150394,137578573,1,9r5f6nf,5653,2014-12-18 08,,
42277201,130422813,1,95q3emk,11159,2014-11-28 20,,
56653402,245519824,1,,10661,2014-12-02 07,,
86985041,144550136,1,,11493,2014-11-29 04,,
139104982,135508077,1,mtdasiw,5027,2014-11-26 08,,
119121582,327316660,1,95qq4gv,11537,2014-12-13 20,,
56653402,379019151,1,9r6u9gr,5894,2014-12-12 16,,
11683492,332900907,1,,6344,2014-11-27 10,,
38357931,181108856,1,,5894,2014-12-10 20,,
53150140,147914764,1,,13230,2014-12-15 13,,
53150140,322616467,1,,12569,2014-11-18 16,,
53150140,358329979,1,,5395,2014-11-25 17,,
90539396,17921561,1,,8589,2014-11-20 20,,
53150140,43189298,1,,5232,2014-12-16 10,,
119389676,262035130,1,,634,2014-11-22 21,,
134525138,369952241,1,,12380,2014-11-24 17,,
8231529,84800152,1,,3690,2014-12-12 11,,3690
3512329,193007152,1,95qp1ml,10894,2014-12-03 10,,
40826918,304671201,1,,8598,2014-12-13 14,,
41268198,126302724,1,9rng2go,13712,2014-12-07 23,,
19723169,317598816,1,956me10,2511,2014-12-17 23,,
42676532,60507916,1,,3783,2014-11-21 15,,
78074373,349632527,1,,6945,2014-11-19 17,,
48059114,291314805,1,,12197,2014-11-28 23,,
78074373,349632527,1,95r205f,6945,2014-12-10 10,,
59831058,137694631,1,929hke2,5395,2014-12-12 15,,
62443822,28771738,1,,1877,2014-12-04 10,,
138153893,342436834,1,,11552,2014-12-14 17,,
74224190,298434734,1,,3662,2014-11-24 22,,
56560718,153199807,1,,13338,2014-11-27 15,,
56560718,37280224,1,,14079,2014-12-12 07,,
16423734,267948456,1,,2284,2014-11-26 09,,2284
66412678,201083152,1,99b20ha,7393,2014-12-13 10,,7393
96074992,372287078,1,,13213,2014-11-28 15,,
26764288,67634221,1,955mief,10507,2014-11-27 15,,
13851650,177349385,1,95qvjse,5027,2014-12-17 22,,
104139699,230196463,1,,2825,2014-12-08 22,,
79587494,388921440,1,,10894,2014-12-04 09,,
130216411,272245155,1,,5932,2014-12-18 20,,5932
29080791,149088823,1,,1483,2014-12-03 21,,1483
132692996,273686676,1,95wl2l6,2993,2014-11-21 11,,
60239656,175863992,1,95lk2bd,3759,2014-12-05 13,,
139471492,232381622,1,,10751,2014-12-15 16,,
63959682,74629533,1,,9614,2014-12-04 21,,9614
75301293,366969624,1,,6513,2014-11-26 01,,
47293396,78155234,1,,9229,2014-11-20 18,,
5478302,220934871,4,94dddi3,10703,2014-12-16 13,,
5478302,213969132,1,94dddib,10901,2014-12-14 20,,
47293396,137111551,1,,3074,2014-12-08 20,,
94241607,235549113,1,99chcns,5611,2014-12-01 13,,
65257068,5302242,1,96awncc,6513,2014-12-17 16,,
69731330,337378976,1,96kahr7,6513,2014-12-01 22,,
111459626,46293349,1,,5399,2014-12-10 20,,
94645713,102389793,1,,14079,2014-12-02 20,,
25871996,159815772,1,,2062,2014-12-10 00,,
73424303,117895497,1,,7572,2014-12-15 23,,7572
122388121,192009358,1,,5399,2014-12-05 04,,
62925833,215625847,1,9505lhq,4244,2014-12-15 21,,
136571906,288298807,1,,6000,2014-11-22 20,,
92341465,44582763,1,9rgsopc,6000,2014-11-27 18,,
105454547,283479658,1,mtdsncf,7639,2014-12-06 10,,
130739831,40835723,1,,5027,2014-12-17 00,,
27068656,93254674,1,mtj01be,7516,2014-11-28 15,,
9829940,28294318,1,9t46hii,7995,2014-12-13 19,,7995
27850931,168092568,1,,3833,2014-12-07 09,,
116014140,66115819,1,,5395,2014-11-19 16,,
30955749,73887842,1,,5894,2014-11-21 16,,
141142627,45057949,1,,11279,2014-11-22 09,,
125309659,264392895,1,94k2er5,5894,2014-12-05 10,,
20997825,61155642,1,99chta5,10533,2014-11-22 15,,
48777158,244315632,1,,10501,2014-12-15 00,,10501
102827853,327691032,1,,5399,2014-11-27 20,,
30853624,212329967,1,,10533,2014-12-09 04,,
43626933,339614079,1,,1838,2014-12-07 12,,
74694804,32401949,1,,5232,2014-11-28 22,,
47428428,38351526,1,95qc0eb,2513,2014-12-06 22,,
47428428,62163932,1,,12326,2014-11-23 21,,12326
81960712,78568278,1,,5027,2014-12-14 00,,
34358449,10702833,1,,437,2014-12-10 13,,
61570016,241525643,1,99ckraa,3687,2014-11-30 19,,
991563,45476446,1,94ga6o3,3628,2014-11-29 21,,
106342906,150301150,1,,9397,2014-12-06 06,,
73870155,317369202,1,94fqiwe,8291,2014-12-04 21,,
10765825,71673392,1,,9086,2014-12-14 00,,9086
110976685,193994844,1,,3015,2014-11-28 23,,
91339068,56879369,1,95lke2n,2825,2014-12-11 23,,
110976685,364185800,1,99c1a33,5908,2014-11-20 22,,
108770715,139831692,1,9rfri5k,3279,2014-12-12 13,,
131240843,257857087,1,95qni0i,5689,2014-12-01 19,,
97291358,239343998,1,,11311,2014-11-30 07,,
55055762,194885813,1,94jrm7e,7549,2014-12-12 18,,
66331755,315717893,1,,8095,2014-11-29 00,,
104994810,269510766,1,,3783,2014-12-08 20,,
104994810,277425366,1,,292,2014-12-12 19,,
100509623,137838685,1,,3064,2014-11-22 16,,3064
7606334,54207746,3,94k2avr,3430,2014-12-07 22,,
117396268,301925097,1,,552,2014-11-26 09,,
100288957,391698362,1,9r2swnc,3074,2014-11-25 11,,
133113110,109210712,1,,13230,2014-12-11 10,,
108755598,340102664,1,,1453,2014-12-17 18,,
107209058,269458989,1,,1863,2014-11-27 09,,
107209058,294561365,1,,9179,2014-12-12 04,,
39445216,369669777,1,,7831,2014-12-09 01,,
109280382,345833714,1,,1863,2014-12-01 13,,
58333326,300773385,1,,13989,2014-11-30 07,,
47109361,377889908,1,,3032,2014-12-10 11,,
21696214,394887272,1,94p02ho,11279,2014-11-25 13,,
21696214,262528057,1,94p07bu,10431,2014-11-19 20,,10431
83073587,582670,1,99snwqj,292,2014-12-12 21,,
123227202,391686916,1,,5749,2014-12-11 01,,
85052259,257695892,1,,14033,2014-12-06 22,,
33303512,388731593,1,,8575,2014-12-11 23,,
89710336,276296740,1,,1838,2014-12-16 00,,
33303512,281859658,1,,13230,2014-11-18 09,,
22107261,170890719,1,97lnbus,5727,2014-11-24 15,,
33303512,242050104,1,,6513,2014-12-03 19,,
11595413,9191045,1,,11406,2014-12-09 22,,11406
85061519,217746210,1,97sg041,7995,2014-12-02 21,,7995
140483725,54871865,1,9hqndt9,6900,2014-11-23 14,,
53080199,246953784,1,,874,2014-12-02 17,,
85822276,256768196,1,,8877,2014-12-18 17,,
53779445,258033764,3,,3424,2014-12-13 11,,
53779445,290167873,1,,9130,2014-11-19 21,,
141226151,233554292,3,,13928,2014-11-26 22,,
61644490,75541477,1,,5027,2014-11-22 20,,
17175521,33666369,1,95lkq7h,10567,2014-11-18 09,,
128519267,322456476,1,941gal9,5894,2014-12-05 11,,
81612967,21595779,1,,1083,2014-11-21 08,,
103133076,27217402,1,9p30g6w,107,2014-11-19 12,,
130041655,245673649,1,99ctiqs,5894,2014-12-06 15,,
101287551,90754020,1,,13853,2014-12-03 23,,
134109810,349852079,1,9410gfd,8291,2014-11-21 09,,
65300962,400825714,1,9h9t9f3,11623,2014-11-21 14,,
66367361,296517215,1,9qkg7qa,2175,2014-12-10 22,,
134630812,145685427,1,9rf9odt,2825,2014-12-18 18,,
88666055,36842159,1,,13230,2014-11-30 15,,
9500401,272300424,1,,1863,2014-12-04 07,,
6884739,195224352,1,97rce90,4677,2014-12-14 18,,4677
107034437,189117528,1,,3770,2014-12-14 20,,
109859583,394636048,1,,3673,2014-12-13 20,,
81586383,349679355,1,,6632,2014-11-30 17,,6632
83369179,232204731,3,95q19g9,13713,2014-12-12 19,,
83369179,312041742,1,,9790,2014-11-19 14,,
1019952,389660907,1,94i3rwf,11824,2014-12-16 23,,
3282021,357948719,1,,10533,2014-12-08 00,,
139590290,72778765,1,96kcu30,12985,2014-12-18 13,,
50673557,79276503,1,,1303,2014-11-18 22,,
82384961,179008572,1,,11279,2014-11-22 19,,
23014965,129140949,1,,1863,2014-12-06 06,,
23014965,268046069,1,95quak6,12135,2014-12-14 07,,
6596569,108083195,1,,1169,2014-11-18 22,,1169
35342036,387049384,1,,5407,2014-11-18 21,,
72753801,356457798,1,,10567,2014-12-12 14,,
73491319,310210490,1,,11282,2014-12-12 22,,
136085033,47023499,1,mtj02ia,1308,2014-12-07 17,,
64355869,276935287,1,95s3f39,1963,2014-12-09 20,,1963
9451374,99768248,1,9rnew9c,10894,2014-12-14 21,,
56708793,228481870,1,,3783,2014-11-29 16,,
56708793,307262152,1,,5027,2014-11-19 23,,
